image_id,reference,prediction,language
102351840_323e3de834.jpg,ሰው በበረዶ በቀዘቀዘው የኩሬ በረዶ ውስጥ እየቆፈሩ ነው .,ice fishing,amh
1052358063_eae6744153.jpg,አንድ ትንሽ ልጅ የስኬት ቦርዱ ላይ ተንኮል እየሰራ ሲሆን ሌላ ወጣት የስኬት ቦርደር ይመለከታል .,a boy and a girl on skateboards,amh
109202801_c6381eef15.jpg,ሁለት ፈረሶች አንዲት ሴት በበረዶ በተሸፈነ መሬት ላይ የነዳችውን ጋሪ ይጎትታሉ ።,horses in the snow,amh
111537217_082a4ba060.jpg,ሰው አለት እየወጣ ነው !,man on a rock face,amh
1167662968_e466f1e80a.jpg,የአፍንጫ ቀለበትና ባርኔጣ ያለው ወጣት .,my nose ring,amh
121971540_0a986ee176.jpg,ሁለት ሰዎች በጀልባ ዳር ላይ ሆነው መስኮቶቹን ሲያጸዱ !,a sailor on the side of the ship,amh
1232148178_4f45cc3284.jpg,አንዲት ህፃን ልጅ በፓርክ ውስጥ ስትጫወት .,the playground,amh
1235681222_819231767a.jpg,ሰዎች አግዳሚ ወንበሮች ላይ ቁጭ አሉ .,people sitting on a bench,amh
1236951314_0308dc4138.jpg,አንድ ወጣት በመዋኛ ገንዳ ውስጥ ወደ አንድ መላጣ ሰው ውሃ ላይ ዘልሎ .,boy jumping from a diving board into a pool,amh
1248940539_46d33ed487.jpg,በባሕር ዳርቻ በአሸዋ የሚጫወቱ ሦስት ልጆች,a girl and a boy playing on the beach,amh
1282392036_5a0328eb86.jpg,በሕዳሴ ትርኢት ላይ ልብስ የለበሱ ሰዎች .,a vendor at the medieval fair,amh
12830823_87d2654e31.jpg,አንዳንድ ልጆች በኩሬ ውስጥ ዓሣ ሲመለከቱ .,children feeding fish in the aquarium,amh
1287982439_6578006e22.jpg,በውሃ ውስጥ የሚሮጥ ኮረጆ ያለው ውሻ,a dog getting out of the water,amh
1303335399_b3facd47ab.jpg,ትንሹ ልጅ በገንዳ መንሸራተት እየተንሸራተተ ውኃውን ሊመታ ነው ።,a child on a water slide,amh
1332208215_fa824f6659.jpg,ሁለት ወንዶችና አንዲት ሴት በባቡር ውስጥ ተቀምጠዋል ።,picture of a girl with a big nose,amh
1332823164_c70a5d930e.jpg,በውቅያኖስ ላይ የቆመች ሴት ልጅ,a boy runs into the ocean,amh
1358089136_976e3d2e30.jpg,አንድ ሰው በፀሐይ ቀን ከአሸዋ በተሰራ ኮረብታ ላይ ለመውረድ እየተሞከረ ነው .,snowboarding up a dune,amh
136639119_6040b00946.jpg,ሰው አለት እየወጣ ነው !,a rock climbing,amh
138705546_be7a6845dd.jpg,ሁለት ትንንሽ ልጃገረዶች የመታጠቢያ ልብስ ለብሰው በሐይቅ ዳርቻ ላይ ቁጭ አሉ። አንድ ሰው ከጀልባ ላይ ዓሣ ሲያጠምድ ተመለከቱ ።,a view of the river,amh
1387461595_2fe6925f73.jpg,ወንዶች በድንጋይ ምልክት አጠገብ ቆመዋል,a city welcomes visitors,amh
1394396709_65040d97ab.jpg,ውሃ ውስጥ የሚመለስ ውሻ .,golden retriever fetching a toy,amh
1415591512_a84644750c.jpg,ትንሿ ልጅ በብር መኪና አጠገብ በሣር ላይ በፍጥነት እየተንቀሳቀሰች ነው .,girl running in the rain,amh
1417637704_572b4d6557.jpg,በመኪና ግንድ ውስጥ የተቀመጡ ሁለት ትንንሽ ልጆች .,person and friend in the back of a car,amh
1418019748_51c7d59c11.jpg,ነጭ ሸሚዝ የለበሰ፣ ሰማያዊ የቤዝቦል ኮፍያ ለብሶ፣ ጓንት እያደረገ፣ ቀይእና ነጭ ቼከር የታሸገ የምግብ መጠቅለያ ይዞ ነበር ።,person of the year,amh
1425013325_bff69bc9da.jpg,ሁለት ውሾች በባህር ዳር ውሃ ላይ ሲጫወቱ,picture of person and dog on the beach,amh
1425069308_488e5fcf9d.jpg,ነጭ ውሻ በሳሎን ውስጥ ሰማያዊ ኳስ ለመያዝ ዘልሏል .,person is jumping up to catch a ball,amh
1433088025_bce2cb69f8.jpg,ቢጫ ሱሪ የለበጠ ጡንቻ ያለው ሰው .,men performing a dance,amh
1439282131_3814d6ae04.jpg,ሁለት ውሾች ውሃ ውስጥ እያሉ አንድ ዱላ በአፋቸው ይዘው ነው .,dogs swimming in the ocean,amh
1461667284_041c8a2475.jpg,አንድ ጊታሪስት በማይክሮፎን ፊት ሲጫወት ወንድና ወንድ ሲጨፍሩ ሴት ደግሞ አጠገቧ ቆመዋል ።,"image may contain : person , on stage , playing a musical instrument and guitar",amh
1470132731_fa416b7504.jpg,በውሃ ውስጥ የሚሮጥ ጥቁር ውሻ .,a dog jumping through water,amh
1476241331_2f43b67aed.jpg,ሁለት ትንንሽ ልጆች በውሃ ምንጭ .,boys at a water fountain,amh
1479513774_70c94cf9d3.jpg,አረንጓዴ ጃኬት የለበሰች ሴት መንገዱን ለማቋረጥ ቁልፉን እየገፋች ነው .,woman waiting to cross the street,amh
1482960952_95f2d419cb.jpg,ሶስት አረጋውያን ሴቶች አብረው ይሄዳሉ !,women walking to a meeting,amh
148512773_bae6901fd6.jpg,ሁለት ሰዎች ወንዙን እያዩ በአለት ላይ ተቀምጠዋል !,a view from the river,amh
1515883224_14e36a53c7.jpg,ሰማያዊ ሸሚዝ የለበሰች ሴት በህዝብ ብዛት ቆማለች .,obese women are more likely to die of cancer than men,amh
1523800748_a59e980eee.jpg,ሁለት ትንንሽ ልጆች አሸዋማ በሆነ የባሕር ዳርቻ ላይ ይሮጣሉ !,... እየሱስ እየሱስ እየሱስ እየሱስ እየሱስ እየሱስ እየሱስ እየሱስ እየሱስ እየሱስ እየሱስ እየሱስ እየሱስ እየሱስ እየሱስ እየሱስ እየሱስ እየሱስ እየሱስ እየሱ,amh
1541272333_1624b22546.jpg,ውሻና አሸዋ በነፋስ ይነፍሳል,the lion runs in the sand,amh
1584315962_5b0b45d02d.jpg,እሽቅብና የበረዶ ምሰሶ መሬት ላይ ይዞ የክረምት ካባ የለበሰ ሰው ድንኳን ይዞ ሌሎች ድንኳኖች ከወዲሁ ተከልለዋል !,snow day at camp,amh
1598085252_f3219b6140.jpg,ውሻ በረጅሙ ሣር ውስጥ ይሮጣል ።,dog running on the grass,amh
166654939_80ea4ddbcc.jpg,በቆሻሻ መንገድ ላይ የሚሯሯጡ መኪኖች,the first turn of the race,amh
1680126311_b92a2e8e72.jpg,እግር ኳስ በደረቱ የመታ ልጅ .,a boy kisses a soccer ball,amh
1732436777_950bcdc9b8.jpg,አንድ ወንድና ሴት በሲሚንቶ ደረጃዎች አናት ላይ አብረው ይቆማሉ .,a wedding photographer in the city,amh
1775029934_e1e96038a8.jpg,በአሜሪካ ያልተገኘ የዱር እንስሳ በሜዳ ላይ ሲዘል .,wildebeest running,amh
1798209205_77dbf525b0.jpg,አንዲት ሴት በምግብ ቤት ውስጥ ወይን ጠጅ ንጹህ ብርጭቆ ውስጥ ታፈስስ ነበር .,a woman in a restaurant,amh
1809796012_a2dac6c26b.jpg,ጥቁርና ነጭ ውሻ በጀርባ እግሮቹ ላይ ቆሟል ።,my dog is a border collie,amh
1928319708_ccf1f4ee72.jpg,ሰው መንገድ ላይ በብስክሌት እየሄደ ነው .,a cyclist on a wet road,amh
1965278563_8279e408de.jpg,ወርቃማ ፀጉር ያለው ውሻ በሐይቅ ላይ በሚጓዝ ጀልባ ላይ ተኝቷል !,dog in a canoe,amh
197107117_4b438b1872.jpg,አንድ ተራራ የሚወጣ ሰው በሁለት ትላልቅ ዓለቶች መካከል ይወጣዋል ።,a climber on the summit of a rock,amh
197504190_fd1fc3d4b7.jpg,ሁለት ልጆች በሣር ላይ የእግር ኳስ እየተጫወቱ ነው .,children playing football in the park,amh
1975531316_8b00eeaaf7.jpg,አንድ ትንሽ ውሻ በሽሮ ላይ እየተያዘ ነው .,the dog with no tail,amh
2056042552_f59e338533.jpg,ባህር ዳር ላይ የሚጫወቱ ሁለት ውሾች .,poodle jumping in the snow,amh
2061144717_5b3a1864f0.jpg,ሰውየውና ልጁ ከቤት ውጭ ባለው ደረጃ ግርጌ ቆመዋል .,flowers,amh
2073964624_52da3a0fc4.jpg,መነፅርና ሐምራዊ ባርኔጣ ያላት ሴት በብስክሌቷ ላይ ትጋልባለች .,a woman riding a bicycle,amh
2074146683_7c83167aa1.jpg,ነጭ ባርኔጣ የለበሰችና ህጻን ፣ የምግብ ቦርሳና ሰማያዊ ቶቴ ቦርሳ የተሸከመች ሴት ገንዘቧን ትለያለች ።,"actor and her daughter , pick out some produce .",amh
2075041394_0b3ea1822d.jpg,ነጭ ውሻ ቅጠል ባለው ሣር ውስጥ እየተመላለሰ ቡናማ ውሻ ሊነክሰው ነው .,dog running with a leaf in its mouth,amh
2077346067_0a3a5aae65.jpg,አንድ ሰው አንድ ነገር እየበላ ትልቅ ቀይና ቢጫ ምልክት ባለፈ የእግረኛ መንገድ ላይ እየተራመደ ነው .,a man walks past a sign,amh
2079110798_ad1370a646.jpg,መነጽር ያለው ልጅ ቁጭ ብሎ መጽሐፍ እያነበበ ነው .,a boy reading a book in the library,amh
2083434441_a93bc6306b.jpg,አንዲት አረጋዊት ሴት በከተማ ጎዳና ላይ በብስክሌት ይጓዛሉ ።,a woman on a bicycle,amh
2086534745_1e4ab80078.jpg,ቢጫው ካያክ በተፋፋሚው መሃል ነው .,a kayaker is seen here dropping a waterfall .,amh
2086678529_b3301c2d71.jpg,አንዲት ወጣት የወይን ጠጅ ቀሚስ ትለብሳለች ።,a picture of my daughter,amh
2087317114_cf06df5aa5.jpg,በትንሽ ካያክ ውስጥ አንድ ሰው በወንዙ ላይ ተንሳፈፈ ።,a kayaker paddles down a small river .,amh
2102732029_9ae520914d.jpg,ሁለት ወጣት ልጃገረዶች ካሜራ እያዩ .,young girls with a camera,amh
2112661738_de71b60b88.jpg,ነጭ ውሻ በተራራ ላይ ውሃ ይጠጣል .,water from the mountain,amh
2114355355_9d7e2d8178.jpg,ቡናማ ውሻ በጀልባ ብርድ ልብስ ላይ ተኝቶ .,walrus in a canoe,amh
2125454445_5c5c4bf906.jpg,ትልቅ እንጨት የተሸከመ ሸሚዝ የለበሰ ትንሽ ጥቁርና ነጭ ውሻ .,dog with a stick,amh
2127031632_77505e4218.jpg,ቀይ ጃኬት የለበሰ ህፃን በበረዶው ቀይ ዲስክ ላይ ተቀምጦ .,image : person sledding down a hill,amh
2127207912_9298824e66.jpg,በዓለት መውጣት ሶስት ሰዎች ይሳተፋሉ !,rock climbing,amh
213216174_0632af65a2.jpg,አንድ ልጅ በውሃ መንሸራተት አቅራቢያ ገንዳ ውስጥ ገባ .,a swimmer jumps off a water slide into the pool .,amh
2148013097_6a4f495bc5.jpg,ሁለት ልጆች ከኋላ አዋቂ ጋር በመስኮት በኩል እየተመለከቱ ነው .,my kids at the window,amh
2169067981_cc19268f23.jpg,ሁለት ወንዶች ልጆች በጦርነት ሲጫወቱ አንደኛው በግራ በኩል ወንበር ላይ ይገኛል,a student competes in the dance,amh
2170187328_65c2f11891.jpg,ሴት ልጅ እያየች ልጅ ወደ ገንዳ ዘልላ,jumping into the pool,amh
2178064851_bb39652d28.jpg,ልጁ የአንገት ሐብል አለው በውሃ ውስጥ ነው .,a girl in the sea,amh
2181117039_c4eea8036e.jpg,የደንብ ልብስ የለበሱ ልጆች ርግቦችን ያሳድዳሉ .,children playing in the street,amh
2181724497_dbb7fcb0a9.jpg,ከፍ ባለ ወንበር ላይ አንዲት ትንሽ ልጅ በብልሽት ስፓጌቲ እየበላች ነው .,a child in a high chair with spaghetti on her face,amh
2181846120_3744ca3942.jpg,ውሻ መዳፉን ይዞ ላፕቶፕ ኮምፒውተር ላይ ተቀምጧል .,image result for dog on computer,amh
2187503678_fd743e0a00.jpg,ነጭ ውሻ ከብርቱካን ቀለሙ ቤት እየሸሸ ነው .,"dog in the park , 2011 .",amh
2189181027_a445b13438.jpg,ሁለት ዳክዬዎች በአቅራቢያው ሲዋኙ አንድ ጥቁር ውሻ በአሸዋማው ውኃ ዳርቻ ላይ እየሮጠ ሄደ ።,a dog chases a goose on the bank .,amh
2192333873_2a0cbe849d.jpg,ልጅ ሌላ ሰው በረዶ ላይ ሲወድቅ ይመለከታል ።,snow,amh
2196846255_2c1635359a.jpg,ውሃ ላይ የቆመ ውሻ .,dog on the beach,amh
2204695848_3d1b140212.jpg,በትልቅ አፍንጫ አስቂኝ መነፅር እየለበሰች ሮዝ ከላይ ፈገግ የምትል ሰማያዊ ልጃገረድ .,"glasses , nose , and cheekbones .",amh
2208631481_3e4a5675e1.jpg,ሁለት ጥቁር ውሾች በሜዳ ውስጥ ይሮጣሉ .,a dog running in a field,amh
2212472643_80238475b5.jpg,በካሚ ቡናማ ወለል ላይ እየተንሳፈፈ ያለው ትንሽ ልጅ,"a child in pajamas , crawling on the floor",amh
2219805467_370ee1b7aa.jpg,ቢጫ ውሻ በባህር ዳር ኳስ በአፉ ይዟል .,dog on the beach with tennis ball in its mouth,amh
2222498879_9e82a100ab.jpg,ቡናማና ጥቁር ውሻ በሣር የተሸፈነ ሜዳ ላይ ሲሮጥ,a black and tan dog running,amh
222369445_5b6af347dd.jpg,ሁለት ቀዛፊዎች ወደ ማዕበሉ ለመድረስ በዐለት ግድግዳ ላይ ይጓዛሉ ።,surfer walking along a breakwater,amh
2229177914_3308fe7d20.jpg,በያንዳንዱ ጫፍ ላይ እሳት በሚነድበት መሰናክል ላይ የሚዘል ቀላል ቡናማ ውሻ .,picture of a dog jumping over a fire,amh
223299142_521aedf9e7.jpg,በተራራዎች መካከል ያለ ሰው !,image,amh
2241768909_3d96d48417.jpg,መነጽር ያለው ወንድ እና ውሻ የሚመስል ባርኔጣ የለበሰች ሴት በውስጡ በረዶ ውስጥ ናቸው .,a woman in a panda hat,amh
2242178517_2325b85e5f.jpg,አንድ ትንሽ ልጅ በብርቱካን አካፋ በረዶ እያንሸራተተ ነው .,snow,amh
224273695_0b517bd0eb.jpg,በበረዶ በታሸገ ቀን የተራሮችን ውብ እይታ .,snow : 2,amh
224369028_b1ac40d1fa.jpg,አንዲት ወጣት ሰማያዊ ወጣት በምንጭ ውስጥ በተከበበ ትልቅ አጥር ፊት ለፊት ቆማለች,person in front of the fountain,amh
2266061169_dfbf8f0595.jpg,ሰው በጥቁር መዋቅር ውስጤ ተኝቶ ነው ከቤት ውጭ .,man sleeping in a boat,amh
2269021076_cefc9af989.jpg,ሐምራዊ መዓዛ ያላት ሴት በብስክሌቷ ላይ በድልድዩ ላይ ትጓዛለች .,a woman riding a bicycle,amh
2276499757_b44dc6f8ce.jpg,ትልቁ ቡናማ ውሻ በረጅሙ ሣር ውስጥ ያለውን ትንሹን ጥቁር ውሻ ይመለከታል .,a dog sniffing another dog,amh
2280525192_81911f2b00.jpg,ውሻ በረጅሙ ሣር ውስጥ ይሮጣል ።,a dachshund in the tall grass,amh
2294688426_96c8614f1d.jpg,ጢም ያለው፣ ጥቁር ልብስ የለበሰ ሰው እያጨሰ ነው !,homeless man with beard and cigarette,amh
2304374703_555195d8d5.jpg,ቡናማ ውሻ በደማቅ ብርቱካን ኳስ በበረዶው ውስጥ ይጫወታል .,golden retriever playing with a ball in the snow,amh
2305437797_e6c3460190.jpg,አፉ ላይ ዱላ ይዞ የሚዋኝ ውሻ .,a dog in water,amh
2308271254_27fb466eb4.jpg,ባህር ዳር ላይ የሚጫወቱ ሁለት ውሾች .,a dog 's life,amh
2327240505_e73cc73246.jpg,አንዲት ትንሽ ልጅ በስኬት ቦርድ ስትጋልብ ወንድ ልጅ አሻንጉሊቷን እያወዛወዘች .,person learns to skateboard,amh
2339516180_12493e8ecf.jpg,የዘንባባ ዛፍ በተሰለፈበት መንገድ ላይ ሦስት ዳልማቲዎች የሚራመድ ሰው !,dogs on the boardwalk,amh
2340206885_58754a799a.jpg,ሶስት ውሾች በረዶ ላይ ይሰበሰባሉ .,photo : dogs playing in the snow,amh
2363006088_b3e3aa5c0b.jpg,ወጣት ልጅ አንዳንድ ዶሮዎችን ተከታትለው ይሮጣሉ .,person running from chickens,amh
2369452202_8b0e8e25ca.jpg,በሰዎች ተከብቦ መሬት ላይ የሚገኝ ትኩስ አየር ባሉን .,hot air balloon rises into the sky,amh
2391812384_7429b5e567.jpg,ሐምራዊ ልብስ የለበሰ ሕፃን በውሃ ውስጥ እየሮጠ ቀይ ቀለም ያለው ሰው ይመለከታል .,a girl running through the water jets .,amh
241347204_007d83e252.jpg,የእግር ኳስ ተጫዋቾች በዳኞች ዙሪያ ይሰበሰባሉ .,american football player celebrates a touchdown with american football player .,amh
2414384480_096867d695.jpg,በርካታ ሰዎች ባቡር ይጠብቃሉ .,picture of passengers waiting at a station,amh
2414986483_004936f84b.jpg,ሮዝ ጫፍ የለበሰችው ልጅ ሰማያዊ ወንድማማች ልብስ ለብሶ ከሰው ጋር እየጨፈረች ነው .,... or just dance with me !,amh
2415265825_fbfe0c8556.jpg,እርጥብ ጥቁር ውሻ በሸዋ እየተመላለሰ ነው .,animal : a dog,amh
2422302286_385725e3cf.jpg,ትንሹ ልጅ ቀይና ቢጫ የጫት መኪና ውስጥ ተቀምጧል .,a car for a car,amh
2423292784_166ee54e0b.jpg,ራስ ላይ ብረት ኮላደር ያለበት ልጅ !,person with a bowl on his head,amh
2424111022_4e332b8aee.jpg,አንድ ትንሽ ልጅ በጫካ ውስጥ ፈገግ አለ .,the trail is full of ferns .,amh
2428751994_88a6808246.jpg,በሣር ላይ የሚሮጥ ውሻ,a dog running,amh
244368383_e90b6b2f20.jpg,እጅግ ብዙ ህዝብ !,some people are not allowed to attend the festival .,amh
244910177_7c4ec3f65b.jpg,ሴቶች መንገድ ላይ ሲራመዱ .,women on the street,amh
2449446913_28fa5b7c75.jpg,ሰማያዊ የደንብ ልብስ የለበሱ የቤዝቦል ተጫዋቾች ቡድን በሜዳ ላይ አብረው ይራመዳሉ .,baseball team,amh
2460799229_ce45a1d940.jpg,በህይወት ማቆያ ጃኬት ውስጥ ሶስት ወንዶች ልጆች በታንኳ ላይ ይንሳፈፉ .,the boat is ready,amh
2475300106_b8563111ba.jpg,ውሻው ግቢው ውስጥ እየሮጠ ነው .,a dog running,amh
247691240_3881777ab8.jpg,ሰው አለት እየወጣ ነው !,... እየሱስ በ እግዚአብሔር እየሱስ በ እግዚአብሔር እየሱስ በ እግዚአብሔር እየሱስ በ እግዚአብሔር እየሱስ በ እግዚአብሔር እየሱስ በ እግዚአብሔር እየሱስ በ እ,amh
247706586_7e25c7adf8.jpg,አንድ ሰው ትልቅና በቀለማት ያሸበረቀ ዓለት ሥር ተቀምጧል ።,a cave in the rocks,amh
2479180530_7ebba2d8bf.jpg,ቡናማ ውሻ ዱላ ተሸክሞ በአሸዋ ላይ ይሮጣል .,dog - running on the beach,amh
2480850054_de3433b54a.jpg,የቆሸሸ ልጅ በአፈር ውስጥ ያልፋል .,my friend running in the dirt,amh
248174959_2522871152.jpg,ቀይ ሸሚዝ የለበሰች ሴት በገደል አፋፍ ላይ ተቀምጣለች .,person sitting on a rock,amh
2502856739_490db7a657.jpg,ሶስት ውሾች ከጀርባቸው ዛፍ ይዘው በሣር ውስጥ ይሮጣሉ !,dogs running at the dog park,amh
252578659_9e404b6430.jpg,ውሻ በአቅራቢያው እያለ በጎች በእርሻ ላይ አንድ ላይ ተሰባስበው .,shepherd herding sheep,amh
2528547068_7d37479b9b.jpg,ቀይ የሩጫ መኪና ማጨሱን ከመንገድ ላይ አወጣ .,"image may contain : person , playing a sport , on stage , car and outdoor",amh
2537197415_af7c30dfc8.jpg,ህፃን በሽቅብ እና በስላይድ ጨዋታ በሣር ውስጥ እየተጫወተ ነው .,water slide,amh
2540884723_03d60ef548.jpg,አንዲት ሮዝ ጃኬት የለበሰች ሴት በደረጃ ላይ ተቀምጣ ግራጫ ባርኔጣ የለበሰ አንድ ሰው ከኋላዋ ጥቂት ደረጃዎች ተቀምጠው ነበር .,"person , person , person , person , person , person , person , person , person , person , person , person , person , person , person , person , person , person , person , person , person , person , person , person , person , person , person , person , person , person , person , person , person , person , person , person , person , person , person , person , person , person , person , person , person , person , person , person , person , person ,",amh
2544246151_727427ee07.jpg,ቀይ ሸሚዝ ያለው አንድ ትንሽ ልጅ ሣሩ ውስጥ እየሮጠ ነው,picture of a boy running,amh
2561295656_4f21fba209.jpg,የዋኝ ነፀብራቅ ለብሶ ፣ በውሃ .,person is a four - time medalist for the school .,amh
2573141440_28a762d537.jpg,ወልቃይት ህጻን .,person in the swing,amh
2575647360_f5de38c751.jpg,አንዳንድ ሰዎች ግድግዳዎቹን በሙሉ ፎቶ ግራፍ ባለው ክፍል ውስጥ እየደባለቁ ነው .,the room where i was staying .,amh
2581066814_179d28f306.jpg,ራቁታቸውን ሰዎች ብስክሌት ሲጋልቡ .,a city is a place where you can be yourself and be accepted for that,amh
258476074_f28f4a1ae6.jpg,በኮረብታ ላይ የቆሙ መኪኖች,the summit of person,amh
2595186208_9b16fa0ee3.jpg,ጥቁር ውሻ ከወደብ ወደ ውሃ ሲዘል .,person jumping into the pond,amh
2600442766_e750ec9a56.jpg,"ሁለት ውሾች በውሃ ውስጥ ደረት ውስጥ ይቆማሉ , ከዱላ አጠገብ .",picture of a dog,amh
260828892_7925d27865.jpg,አንድ ሰው በባህር ዳር እየሄደ በአሸዋ ውስጥ የእግሩን ዱካ ትቶ ይሄዳል .,a girl walking on the beach,amh
2609847254_0ec40c1cce.jpg,በህዝብ ውስጥ ቢጫ የለበሰች አንዲት ወጣት ፈገግ ብላ .,i love music .,amh
2613920405_e91e6ebd7a.jpg,አንድ ሰው ሁለት ላሞች በተነጠፈ መንገድ ላይ በአቧራ ትከሻ ላይ ይመራቸዋል !,man on the road,amh
2623939135_0cd02ffa5d.jpg,እጇን ከራስዋ በላይ አድርጋ ወደ ላይ የምትመለከት ሴት !,the first night of the party,amh
2633201394_ee4a7666ed.jpg,ውሻ በውሃ ውስጥ እየዋኘ ነው አፉ ውስጥ እንጨት ይዞ .,a dog named person is seen here retrieving a stick .,amh
2635400219_2e1a984fd3.jpg,በመካከለኛው ምሥራቅ የምትገኝ ሰማያዊ የራስ መሸፈኛ የለበሰች አንዲት ሴት ሰማያዊ ልብስ ለብሶ ከአንድ ልጅ አጠገብ ተቀምጧል ።,"actor , a woman , and a boy",amh
2635483351_bc1a8273aa.jpg,ጥቁር ውሻ በአንዳንድ የቆላ ደረጃዎች አጠገብ በሁለት ጎድጓዳ ሳህኖች አጠገብ ተቀምጧል ።,dog in the rain,amh
2647049174_0fb47cee2e.jpg,ህፃን አፉ ውስጥ ቆሻሻ ያኖራል !,a toddler with a peanut butter sandwich,amh
2649850541_59a6c7f01c.jpg,በእግረኛ መንገድ ላይ የተኛች ልጅ !,person lying on the ground,amh
2657643451_b9ddb0b58f.jpg,ሰው ከውሻ ጋር ይሮጣል .,"the road is wide and flat , with a lot of trees .",amh
2660480624_45f88b3022.jpg,ሁለት ወጣት ሴቶች በሬድ ቡል መኪና አጠገብ ቆመዋል .,car with a bull on it,amh
2661294969_1388b4738c.jpg,የልብስ ልብስ የለበሱ ሶስት ሰዎች በጭነት መኪና ጀርባ ላይ ቆመዋል .,the parade was a big hit,amh
2661567396_cbe4c2e5be.jpg,አረንጓዴ ቁጥር ያለው ሸሚዝ የለበሰ ሰው ስታድየም ውስጥ ተቀምጧል .,a fan takes in the action .,amh
2676015068_690b0fb2cd.jpg,በዐለት ፊት አጠገብ በጠራጠቀ ጥልቀት በሌለው ውኃ ውስጥ የተቀመጠ ሰው !,person trying to get the shells out of the water,amh
2677656448_6b7e7702af.jpg,ትንሹ ቡናማና ነጭ ውሻ በገንዳው ውስጥ ነው .,person is learning how to swim,amh
268704620_8a8cef4cb3.jpg,ሁለት ነጭ ውሾች በበረዶው ውስጥ ይሮጣሉ ።,"animal , person , dog , snow , fun",amh
2689358407_9932f1b20c.jpg,ሁለት ወንዶች ልጆች በፓርኩ ፏፏቴ ውስጥ ይጫወታሉ .,children play in water fountains .,amh
2694178830_116be6a6a9.jpg,እግሯን በአየር ላይ የያዘች አንዲት ሴት ምሰሶ ለመሥራት,person clears the bar,amh
2696951725_e0ae54f6da.jpg,አንድ ወንድና ሴት በፓርኩ መንገድ ላይ ሐይቅና ሩቅ ተራራ ፊት ለፊት ይቆማሉ ።,the trail to the lake,amh
2699342860_5288e203ea.jpg,ቀይ አጫጭር ቀሚስና ጂንስ ያለው አንድ ትንሽ ልጅ በአንዳንድ ዛፎች ይሮጣል ።,person running through the forest,amh
2699733386_c346c87ea6.jpg,በውሃ ውስጥ የሚሮጥ ጥቁር ውሻ .,person running in the water,amh
270263570_3160f360d3.jpg,ሁለት ቡናማ ውሾች ቅጠል ባለው መሬት ላይ ይጣላሉ !,picture of dogs playing,amh
2705793985_007cc703fb.jpg,ሰማያዊ ሃልተር ያለው ጥቁርና ነጭ ውሻ በሣሩ ውስጥ ያልፋል .,animal : running in the grass,amh
2709359730_13bca100af.jpg,በርካታ ውሾች በአፈር ውስጥ እየሮጡ ነው .,a photo of puppies,amh
2715289538_d77c8d0a85.jpg,ሰማያዊ ሸሚዝ የለበሰው ልጅ ትልቅ እብጠት እየነፈሰ ነው .,person in a mirror with a hula hoop,amh
2729147877_c3ec3445bf.jpg,ወንድ ልጅ ከብረታ ብረት ባር ላይ ተንጠልጥሏል .,boy hanging from a bar,amh
2730994020_64ac1d18be.jpg,ጥቁርና ነጭ ውሻ በሣር እየሮጠ ነው !,a dog running in a field,amh
2736508369_fd9ff0b42f.jpg,አንድ የቤዝቦል ተጫዋች ወደ ሁለተኛ ደረጃ በመንሸራተት ላይ ምልክት ተሰጥተዋቸዋል .,person slides safely into second base as person calls for the tag .,amh
2745811124_12c4426b8b.jpg,በህዝብ መካከል አንዲት ልጃገረድ የተንቆጠቆጠች በግ ይዛ !,the show is on saturday .,amh
2753531542_ace2c870b7.jpg,ቀይ መዋኛ ግንድ ላይ ያለ አንድ ወጣት ከትልቅ አለት ላይ ወደ ውሃ ዘለለ ።,jumping off rocks,amh
2762702644_2aa3bf9680.jpg,ጥቁርና ቀይ ልብስ የለበሰች ሴት በጡባዊ ሕንፃ ፊት ለፊት ቫዮሊን እየተጫወተች ነው .,a woman playing violin outside a store,amh
2766630484_ce73f47031.jpg,አንደበት ያለው ውሻ ዛፉን ለማየት እየሞከረ ነው !,person scratching a tree,amh
2766765386_4c0beb939d.jpg,አንድ ቀዛፊ በጥቁር የዌስት ልብስ ውስጥ መካከለኛ ማዕበል ላይ የውኃ ላይ ሸርተቴ .,surfer on the break,amh
2778290592_1910bb0431.jpg,በአፈር ውስጥ የሚፎካከሩ የግሬሃውንድ ሩጫዎች !,a dog running with a ball,amh
2789648482_1df61f224a.jpg,ሶስት ወንዶች ልጆች ከመድረክ ላይ እየዘለሉ .,a boy jumps off a diving board in the city 's park .,amh
2795287622_da187a3e86.jpg,አንዲት ልጅ ከውኃ መውረጃ ሰሌዳ ላይ እየዘለለች ገንዳ ውስጥ ገባች,the best part about this house is the pool .,amh
2797188545_aeb26c54c0.jpg,ሁለት ሰዎች በቀይ ታንኳ ወንዝ ላይ በታንኳ እየወረዱ .,a canoe in the rapids,amh
2801146217_03a0b59ccb.jpg,አንድ ወንድ እና አንዲት ሴት ከስራ በኋላ ዘና,men and women of all ages are seen at the park .,amh
2823075967_be4c350e9e.jpg,ሁለት ውሾች ይጣላሉ ወይ አብረው ይጫወታሉ .,a dog that bites another dog,amh
2824401212_8da8ab99d6.jpg,ብርቱካን ሚደቅሳ ላይ ያለችው ሴት ሲጋራ እያጨሰች ባለችው ሴት ፊት ለፊት በቆመች የሞባይል ህወሃት ላይ ትነጋገራለች .,a girl is calling her parents,amh
2837808847_5407af1986.jpg,ሁለት ውሾች ፣ አንዱ ቡናማ ሌላኛው ደግሞ ጥቁር ፣ ጥልቀት በሌለው የውቅያኖስ ውኃ ውስጥ በውኃ ላይ ይጫወታሉ ።,dogs running out of the sea,amh
284279868_2ca98e3dcd.jpg,ሁለት ውሾች በበረዶ ሜዳ ይጫወታሉ,picture of a dog,amh
2842865689_e37256d9ce.jpg,ሰማያዊ ግድግዳ ባለው ክፍል ውስጥ ሁለት ሰዎች ጠረጴዛ ፊት ለፊት ይቀመጡ .,students in the empty classroom,amh
2846037553_1a1de50709.jpg,ቀይ ሸሚዝ የለበሰ አንድ ልጅ በዛፍ ቅርንጫፎች ላይ ሲራመድ .,my son climbing a tree .,amh
2854207034_1f00555703.jpg,ሰው በለም ለምለም ሣር ላይ ተኝቶ አጠገባቸው ትንሽ ጋሪ አለ .,picture of a drone in a field,amh
2854291706_d4c31dbf56.jpg,በምልክቶች ፊት የቆሙ ወንድና ሴት !,"person , a student , and person , a resident , walk past a sign announcing the opening of a new student center .",amh
2855667597_bf6ceaef8e.jpg,በሣር ላይ የሚሮጡ አራት ጥቁር ውሾች .,dogs running,amh
285586547_c81f8905a1.jpg,በሞተር ሳይክል ላይ ያለ ሰው ከውሻ ጋር,a sidecar with a dog in it,amh
2860040276_eac0aca4fc.jpg,አንዲት የሰማያዊ ህፃን በዋዛ ላይ እየተንቀሳቀሰች ነው .,a boy on a swing,amh
2866093652_aa717eb9ce.jpg,አራት ሴቶች በአንድ አካባቢ በውድድር ተንሸራተቱ .,"person , person , person , and person , all compete in the women 's division .",amh
2866696346_4dcccbd3a5.jpg,ሁለት ሰዎች በስኬት ቦርዶች ላይ ፤ አንዱ ብርቱካን የራስ ቁር አለው ።,person competes on a skateboard .,amh
2867736861_43c9487a65.jpg,ኳስ በአፉ ይዞ በውኃ ውስጥ የሚሮጥ ውሻ,dog having fun at the beach,amh
2870875612_2cbb9e4a3c.jpg,አፉ ላይ ዱላ ይዞ የሚዋኝ ውሻ .,a dog swimming in the ocean,amh
2883099128_0b056eed9e.jpg,ሸሚዝ የሌለው ሰው ቴኒስ ሲጫወት .,a teenager playing tennis,amh
2887744223_029f2fd5fe.jpg,አንድ የእግር ኳስ ተጫዋች ወደ ግቡ እየበረረ ነው .,a soccer player kicking a ball into the goal,amh
2892992529_f3335d0a71.jpg,ፍሪዝቢውን የሚይዝ ውሻ .,photo of a dog standing on hind legs and catching a frisbee,amh
2899374885_f3b2b1a290.jpg,ከአፉ ውስጥ ከምንጭ ውሃ ለመያዝ የሚሞክር ህጻን,baby in a water fountain,amh
2903469015_a1e7d969c2.jpg,ሙዝዝድ ግሪሃውንድ በውሻ መንገድ ላይ እየተሯሯጡ ነው .,person of the year : person of the year,amh
2907244809_07ab2c6b6c.jpg,የስኬት ቦርዱ ተንሸራተተ,a skateboarder trying to do a trick on a half pipe,amh
2914206497_5e36ac6324.jpg,ነጭ የእሽቅድምድም መኪና ከደሙ ቧንቧዋ ላይ እሳት ፈነዳ !,the car is a rocket,amh
2921430836_3b4d062238.jpg,የእግር ኳስ ተጫዋቾች መሃል ጨዋታ .,american football player falls on top of person,amh
2922807898_b5a06d5c70.jpg,ፍሪዝቢውን ለመያዝ አንድ ትልቅ ቢጫ ውሻ ወደ አየር ዘለለ ።,dog jumping in the air,amh
2924483864_cfdb900a13.jpg,ሙዝዝድ ግሪሃውንድ በውሻ መንገድ ላይ እየተሯሯጡ ነው .,the race of the greyhounds,amh
2926595608_69b22be8d4.jpg,ቢጫእና አረንጓዴ የለበሱ የቅርጫት ኳስ ተጫዋቾች ቡድን ለኳስ መዳረሻ .,basketball player,amh
2934359101_cdf57442dc.jpg,ቀይ የራስ ቁር ያለው ቦክሰኛ በቦክስ ቀለበቱ አሰልጣኙ ውሃ ወደ አፉ ተረጭቷል .,person gets his nose cleaned by person,amh
2939007933_8a6ef2d073.jpg,አንድ ሞተር ብስክሌት ተኛ በአየር ላይ እያለ ተንኮል እየሰራ .,a rider takes a big jump .,amh
2942798367_022df04b49.jpg,ሁለት ሴት ልጆች በእረፍት ጊዜ በከፊል ይጓዛሉ .,girls on a carnival ride,amh
294353408_d459bdaa68.jpg,ውሻ ወደ አልጋ ይዘልል,dog jumping for a toy,amh
2944952557_8484f0da8f.jpg,ሰማያዊ የለበሰችው ልጃገረድ ሶፍትቦል ጨዋታ ወቅት የቤዝ ሯጭ ቁጥር 11 ለማውጣት ትሞክራለች .,person tags out person in second trying to steal second base .,amh
2960033435_c20cc7399a.jpg,ሴት ዱላ በአየር ላይ እየያዘች ፣ ውሻ ግን እየዘለለች ነው !,a woman and her dog playing in a park,amh
2966190737_ceb6eb4b53.jpg,ነጭ ልብስ የለበሱ ሁለት ሰዎች ኳስ ሲመቱ ሶስተኛ ሰው ደግሞ ወደ ላይ ወጣ .,"person , person , person and actor , all play a part in the team 's success .",amh
2973638173_0dc21fd443.jpg,በአየር ላይ መንቀሳቀሻ የሚያደርግ የስኬት ቦርድ ሠራተኛ .,"skateboarding : tricks , features , history , links and more .",amh
2975253472_0f0c2dea70.jpg,ወንዶች በእግር ኳስ ጨዋታ ይጫወታሉ .,football,amh
297724467_e8918a6f90.jpg,ውሻ በውሃ አካል አጠገብ በሚገኝ ሰማያዊ ፍሪዝቢ አጠገብ እየደረቀ ነው .,a dog shaking water off after a swim .,amh
2987096101_a41896187a.jpg,አንዲት ሴት ተራራውን እያየች በገደል አፋፍ ላይ ቆማለች ።,the view from the top of the hill,amh
2987775031_3f9ac69319.jpg,የክላውን ልብስና ባርኔጣ የለበሱት ሰው ብስክሌት እየነዱ ነው,the jump of the year,amh
2991375936_bf4b0a7dc0.jpg,አንዲት ትንሽ ልጅ የጎልማሳ ሴትን ፊት ነካች .,a woman and a child,amh
299178969_5ca1de8e40.jpg,"ሰማያዊ , በዲኒም ኮት የለበሰ ፈገግታ ያለው ልጅ ፣ ዛፍ ላይ ተቀምጦ ።",boy,amh
2999162229_80d17099b6.jpg,አንዲት ወይዘሪት ብርቱካን ሚደቅሳ ሻማ አበራ .,a girl lights a candle,amh
2999730677_0cfa1c146e.jpg,ሁለት አሻንጉሊቶች በቅጠሎች ተከብበው ሲጫወቱ,animal : a dog 's life,amh
2999735171_87ca43c225.jpg,ባንድ ውስጥ ያሉ በርካታ ሰዎች ወደ ሙዚቃው ዘልለው ይወርዳሉ .,a band plays on a sidewalk .,amh
3001612175_53567ffb58.jpg,ጥቁር ልብስ የለበሰች ሴት በተቀመጠችበት የሲሚንቶ ደረጃ ላይ አንድ ሰው ጥቁር ውሻውን ይዞራል ።,women sitting on the steps,amh
3004359992_f6b3617706.jpg,አጨዋወት ሴት ልጅ በአየር ላይ ይጥላታል .,cheerleaders are the backbone of the team .,amh
3006217970_90b42e6b27.jpg,አንድ የሩጫ መኪና በዝናብ መንገድ ላይ ይነዳል,person in car in action,amh
3009035153_715e39b440.jpg,ከጀርባው ፀሐይ ስትጠልቅ የሚዘል ልጅ .,person jumping in the sunset,amh
3015891201_2c1a9e5cd7.jpg,"ሁለት ሴቶች ለፊልሙ ""የፕሮፖም ምሽት "" የሚል የበራሪ ፊልም ይዘው ነበር ።",prom night,amh
3019473225_8e59b8ec4e.jpg,ጥቁር እና ነጭ ውሻ በጥድ ኮን ሲጫወት .,dog with a pine cone in its mouth,amh
3048821353_83d4c0cbb9.jpg,ሰው ሌላ ሰው በግቢ ውስጥ የኋላ ገላጭ እንዲያደርግ ይረዳዋል .,a student performs a handstand in the front yard of his home .,amh
3050264832_4215f2b398.jpg,ስኖውቦርድር በጀልባው ላይ ቆሞ ህዝቡ እያየው ነው .,snowboarder on a rail,amh
3060519665_4d6b9a51b2.jpg,ሦስት ልጆች በሁለት ትላልቅ ጎማዎች ፊት ለፊት ቆመዋል ።,children play in a camp .,amh
3060594966_030658d318.jpg,አንድ ትንሽ ልጅ ረዥም ቀሚሱና ሰቆቃ ለብሶ ከቤት ውጭ እየሄደ ነው .,boy in blue shirt,amh
3065468339_4955e90fd3.jpg,በውሃ አካል አጠገብ መሬት የሚያፋፋ ጥቁር ውሻ .,dog,amh
3070011270_390e597783.jpg,ፊቱ ላይ ቡናማ ቀለም ያለው ጥቁር ውሻ እየዋኘ ነው .,picture of a dog named person,amh
307321761_606fc91673.jpg,የደንብ ልብስ የለበሱ ልጆች ከውሻ ጋር መንገድ ላይ ይቆማሉ !,school children on the road,amh
3091962081_194f2f3bd4.jpg,ጥቁር ሁሉ ጥቁር ልብስ የለበሰ ሰው በሌሎች ሰዎች ተከብቦ በሣር ላይ ተቀምጧል ።,person sitting on the grass,amh
3093970461_825b0cac2f.jpg,ሁለት እንስቶች በባህር ዳር መንገድ ላይ በመተቃቀፍ ላይ ናቸው !,women hug on the boardwalk .,amh
3104182973_5bb1c31275.jpg,ሰዎች በአንድ ግዙፍ የገና ዛፍ ዙሪያ ከቤት ውጭ ሸርተቴ እየተንሸራሸሩ ነው .,christmas tree,amh
3106782647_b078830a9e.jpg,በብስክሌት ላይ ወንዱ አየር ላይ .,biking,amh
3109704348_c6416244ce.jpg,ሰዎቹ ስፖርት እየተጫወቱ ነው .,rugby : a sport of contact,amh
3113769557_9edbb8275c.jpg,አንዲት ሴት ፎቶ እያነሳች ሲሆን ሌላዋ ሴት ደግሞ እጇን ዘርግታ ጎን ለጎን ቆማለች !,person and i at the museum,amh
3119076670_64b5340530.jpg,በአየር ላይ ስኖውቦርድር አንድ መሳሪያ ሲያከናውን .,person scored a perfect ## on his run .,amh
312156254_ef31dca5ed.jpg,ጥቁር ውሻ በቅጠሎቹ ኳስ ላይ ይደበዝዛል .,a puppy playing with a soccer ball,amh
3122938209_2b2c6c1fab.jpg,ሰውየው በአረንጓዴ ብስክሌቱ ላይ ተንኮል እየሰራ ነው .,the art of the wheelie,amh
3123526484_02952e40fc.jpg,በከተማ ጎዳና ላይ የቆሙ ወንድና ሴት !,a couple smiles as they wait for a bus .,amh
3127629248_a955b5763b.jpg,ነጭ የቅርጫት ኳስ ተጫዋች ብርቱካን ንጋቱ ላይ አንድ ነጥብ ለማስቆጠር እየዘለለ ነው .,basketball small forward # ## goes up for a shot against basketball player # ## .,amh
3131990048_369b081021.jpg,አንድ ትንሽ እንስሳ ለመያዝ የህወሃት መውረጃ .,biological species in flight,amh
3138562460_44227a35cf.jpg,ፈረስ ይሮጣል .,horse :,amh
3143159297_6f2f663ea6.jpg,ፈገግታ ያለው ሰው ሐምራዊና ቀይ ልብስ የለበሰ ትንሽ ልጅ ይይዛል ።,person with my youngest grandchild .,amh
3146937399_8c046b7b1a.jpg,ሁለት ሰዎች በውሃ ውስጥ እየተመላለሱ ነው !,a frozen pond,amh
3154152744_4e93ec8a62.jpg,ሁለት ጥቁር ውሾች በአንድ ውሻ አፍ ውስጥ ቀይ አሻሽሎ በበረዶው ውስጥ ይሮጣሉ ።,dogs playing in the snow,amh
3155400369_69e3d6d70f.jpg,ሰዎች ከበሮ ተሸክመው ቢጫ ሸሚዝ ለብሰው ሣር ላይ ሲዘምቱ,marching band plays drums,amh
3157220149_cc3c8cc84d.jpg,ሁለት ወጣት ወንዶች ኦባማ ኮንዶም ያሰራጫሉ .,a sign of the times .,amh
3164328039_2c56acf594.jpg,ሁለት ውሾች ለኳስ ዘለሉ .,dogs playing with a ball,amh
3170802797_3c851bb475.jpg,በአረንጓዴ ጃኬት የተለበጠ የስኖውቦርድ ሰው የተወሰነ አየር ይይዛል ።,snowboarder in the snow,amh
3176277818_235486a3cd.jpg,ወጣቶች በሥራ በተጠመደ አርሶ አደሮች ውስጥ,the inside of the amusement park,amh
3177799416_5bd0382370.jpg,በበረዶ የተሸፈነ ኮረብታ ላይ የሚንሸራተት ሰው ።,snowboarder in the powder,amh
3196995975_3e38eabf01.jpg,ትልቅ ውሻ በቀዝቃዛ ኩሬ ላይ ዱላ ይዟል ።,shepherd running on ice,amh
3209966887_5b744bd050.jpg,አንድ ሰው የቻይና ፊደላትን ይቀባዋል .,a street artist in action,amh
3223606402_bb2aa6db95.jpg,አንድ የስኬት ቦርድ ሰርጥ እያደረገ ነው .,skateboarder performing a trick during recurring competition .,amh
3227111573_c82f7d68b1.jpg,ሶስት ሰዎች ወደ አናት ግማሽ መንገድ አካባቢ በተራራ ላይ ቆመው .,the cliffs above the beach,amh
3229730008_63f8ca2de2.jpg,አንድ ልጅ በባቡር ላይ ሸርተቴ እና ሦስት ወንዶች ልጆች እየተመለከቱ .,teenagers in a park,amh
3229913073_e7857a5966.jpg,ትንሽ ልጅ በሆዱ ላይ በሳር ላይ ተኝቶ .,the boy is going to the beach .,amh
3234401637_84e0d14414.jpg,ሁለት ሰዎች በውቅያኖስ አቅራቢያ ባዶ መንገድ ላይ ብስክሌት እየነዱ ነው .,the last sunset of the day,amh
3239480519_22540b5016.jpg,ጥቁርና ነጭ ውሻ በበረዶው ውስጥ የሚሮጥ ዱላ ያለው ውሻ ።,animal : coming in for a landing,amh
3242919570_39a05aa2ee.jpg,ነጭ ጆሮ ያለው ነጭ ውሻ በበረዶው ውስጥ እየሮጠ ነው,picture of a greyhound running in the snow,amh
3243591844_791cfa62eb.jpg,ሁለት ሴት ልጆች በሱሞ ሱሪ የትግል ትግል ሰዎች ሲመለከቱ .,wrestling : person 's arm is raised above the other person 's head,amh
3258396041_69717247f7.jpg,ጥቁር ጃኬት የለበጠ ሰው ወደ ሴት ልጅ ፊት ማይክሮፎን ይይዛል .,a journalist interviewing a man,amh
3259694057_fae7484b0a.jpg,አንድ አሸዋማ ቀለም ያለው ውሻ ከካሜራው ጋር ተያይዟል ፤ ከዚያም ከታች እየጎተተ ወደ ካሜራው ይሄዳል ።,a dog on the beach,amh
3271252073_0a1b9525fc.jpg,ሦስት ሴቶች ሲያወሩ፣ ብርጭቆ የወይን ጠጅ ይዘው፣ ከጀርባው ሥዕሎች ጋር .,"person , left , and person talk with person .",amh
3272002857_ace031f564.jpg,አንዲት ሴት በፈረስ ላይ የተቀመጠች፣ በባህር ዳር ላይ የተቀመጠች ሴት !,riding on the beach,amh
3273325447_81c94000da.jpg,የቆሻሻ ብስክሌተኛ ውድድር ላይ ይሳተፋል .,picture,amh
3278189732_f750cb26b7.jpg,ጥቁርእና ነጭ ውሻ ወደ ውጭ ኳስ ለመያዝ ወደ አየር እየዘለለ ነው .,a dog jumping in the air,amh
3282897060_8c584e2ce8.jpg,ራሱን በእጁ ላይ የሚያርፍ ሰው !,man with his hand on his face,amh
3283897411_af9d0b497d.jpg,በእሳት ላይ ያለ ነገር የያዘ ልጅ .,the fire was on fire .,amh
3294209955_a1f1e2cc19.jpg,ትንሽ ውሻ በሜዳ ያልፋል .,picture of a dog,amh
3296150666_aae2f64348.jpg,አንድ ትልቅ መኪና በጭቃ ውሃ ውስጥ ያሽከረክራል .,the mud is thicker than it looks,amh
3313232606_4ce7e16b87.jpg,ነጭ ሽንትር የለበሱ የእግር ኳስ ተጨዋቾች ቡድን በስፖርት ሜዳ ኮኖች ዙሪያ እየሮጡ ነው .,players warm up before a training session,amh
3320756943_9d004f9824.jpg,ሰዎች አግዳሚ ወንበሮች ላይ ቁጭ አሉ .,the roof of the building,amh
3324056835_84904fe2f8.jpg,በርካታ ውሾች በባህር ዳር እየሮጡ ነው !,dogs playing on the beach,amh
3326086533_23a0a54a8e.jpg,ትንሽ ጥቁር ውሻ አፉ ውስጥ ሐምራዊ ቦርሳ ይዞ ሣሩ ውስጥ እየሮጠ ነው .,dog with a ball,amh
3329169877_175cb16845.jpg,አረንጓዴ ሱሪ የለበጠ ስኖውቦርድ እና ነጭ ጃኬት በአየር ላይ እየዘለለ ነው .,person jumping in the air on a snowboard,amh
3332248667_617606714b.jpg,ሶስት ሰዎች በአንድ የባቡር መኪና ላይ ተቀምጠዋል .,photo by person,amh
3333039854_461329aac2.jpg,በርካታ ወንዶች በሙዚቃ መሳሪያዎች እና በማይክሮፎን ዙሪያ ተሰብስበዋል .,"image may contain : person , on stage , playing a musical instrument , sitting , guitar and indoor",amh
3333921867_6cc7d7c73d.jpg,ሦስት ውሾች በውኃና በሣር ውስጥ ይሮጣሉ ።,poodles running in a puddle,amh
3334057289_68ece38a85.jpg,ውሻው ግቢ ውስጥ ነው .,a dog running,amh
333973142_abcd151002.jpg,ቡናማና ጥቁር ውሻ በጫካ አካባቢ በአፉ ረጅም ዱላ ይይዛል ።,dog with a big branch,amh
3339916063_63b960ed46.jpg,የደንብ ልብስ የለበሱ ሁለት ወንዶች ልጆች እግር ኳስ ይጫወታሉ ።,person / for the ball,amh
3341489212_a879e1544a.jpg,ሴት ልጅ በኩሬ ውስጥ እያለች ከፀጉር ላይ ውሃ እየወንጭፈች ነው .,a girl playing in a pool .,amh
3341961913_9a9b362f15.jpg,በሆኪይ ግብ የሚጠብቅ ሰው .,"ice hockey player , who has been named the team 's captain , is expected to lead the team to the finals .",amh
3351586010_7ffaa90ea8.jpg,አንድ ወጣት ልጅ በሲሚንቶ ሸርተቴ መናፈሻ ውስጥ መንሸራተት .,person skating at the skate park,amh
3353328134_dd9ed0edab.jpg,በቀይ መንሸራተቻ ላይ የሚንሸራተት ሰው በሁለት ዛፎች መካከል ወደ ታች እየገለበጠ ነው .,snowboarder hanging from a tree,amh
3356700488_183566145b.jpg,አንድ የምሥራቃውያን ወንድና ሴት ምልክቶችንና መኪናዎችን አልፈው በፈገግታ ይራመዳሉ,a man and woman walking down the street,amh
3359636318_39267812a0.jpg,መደብር ፊት ለፊት በርካታ ሰዎች .,the repair centre,amh
3362592729_893e26b806.jpg,ጥቁር ጃምፕ ልብስ ውስጥ ሁለትሜ ሴቶች በአየር ላይ እቃዎችን በማቀናጀት ይጥላሉ .,"person , person and person performed .",amh
3374759363_d6f7a0df41.jpg,ወንበር ላይ ተቀምጦ ሲጋራ የሚያጨስ ሰው .,person relaxing in the patio .,amh
3380072636_4cd59385fd.jpg,የራግቢ ተጫዋቾች ቡድን በአረንጓዴ ሜዳ ላይ በተግባር ላይ .,line out,amh
3380407617_07b53cbcce.jpg,ህጻን በረዶ ላይ ቆሞ ውብ ሰማይ ን ይመለከታል .,a child looking at the sunrise,amh
3388330419_85d72f7cda.jpg,ሁለት ትንንሽ ልጃገረዶች ቤት ውስጥ በጠንካራ እንጨት ወለል ላይ ይጨፍራሉ .,"the game is played by placing a piece of paper under your foot and then hopping from foot to foot , trying to catch it .",amh
3392293702_ccb0599857.jpg,"ውሻ በረዶ ላይ እየተጫወተ, አንድ መጫወቻ ለመያዝ ዝግጁ",snowball fight,amh
3400082864_9c737c1450.jpg,በጨዋታ መሀል ቴኒስ ተጫዋች .,tennis player hits a return against tennis player during the final of the tennis tournament .,amh
3404012438_9baf8dcbaf.jpg,ነጭ ውሻ ከዳክዬ በኋላ እየዋኘ ነው .,animal : the hunt is on !,amh
3409506817_775e38d219.jpg,አንድ ትልቅ ጥቁር ሊሞዚን በደረጃዎች ላይ ብዙ ሰዎች ጋር ሕንፃ ፊት ለፊት ቆሞ .,a limousine arrives outside gothic structure .,amh
3411595210_8e0893b266.jpg,ውሻ ከጅረት ላይ ዘለለ ።,animal,amh
3412822878_5d961492e5.jpg,አንድ ልጅ የስኬት ቦርዶችን በግራፍ ደረጃዎች ላይ አወረደ,a skateboarder doing a trick,amh
3415311628_c220a65762.jpg,አሮጊት ከትንሽ ልጅ ጋር የጎጃም ጋሪ ያሽከረክሩታል .,person and child on a go - kart,amh
3421104520_6a71185b3c.jpg,ሁለት ወጣት ልጃገረዶች ኳስ ጉድጓድ ውስጥ በፕላስቲክ ኳስ እየተጫወቱ ነው .,a pool of balls,amh
3421547427_53411b6278.jpg,ሰማያዊ ሸሚዝ የለበሰ ቴኒስ ተጫዋች እጆቹን አነሣና ፈገግ ይላል .,tennis player celebrates after winning the men 's singles final match against tennis player .,amh
3425573919_409d9e15b2.jpg,የቼዝ ጨዋታ የሚመለከቱ ሰዎች .,photographer taking a picture of a group of tourists,amh
3426144752_28d63615ca.jpg,አውሮፕላን የያዘ ችግረኛ የሰማያዊ ህፃን .,boy with a gun,amh
3429351964_531de1bf16.jpg,ክፍት አየር ገበያ ላይ በአረንጓዴ ሙዝ ሴት,a woman shops for bananas at a market,amh
343218198_1ca90e0734.jpg,በጓሮ ውስጥ የሚሮጥ ጥቁር ውሻ,dog,amh
3432656291_a6c7981f6e.jpg,የተወሰኑ ሰዎች በቀይ የእሳት አደጋ መከላከያ ዙሪያ ቆመዋል !,the fire truck was a popular attraction .,amh
3433567526_00b5a70319.jpg,ውጭ የሚሮጥ ውሻ .,dog running on a grass field,amh
3433982387_3fa993cf5a.jpg,ነጭ ቀሚስ የለበሰች አንዲት ወጣት ልጅ እብጠቶችን ስትመለከት አንዲት ሴት እና ሴት ልጅ ህጻን ትከታተላለች .,picture : girls playing with bubbles,amh
3434452829_62cee280bc.jpg,ሁለት ትንንሽ ልጆች ጎን ለጎን ሲራመዱ አንዱ አንድ ነገር ሲበላ .,children in a shopping mall,amh
3436418401_b00ceb27c0.jpg,አንድ ትንሽ ልጅ በዛፎች አቅራቢያ በሚገኝ የባሕር ዳርቻ ላይ በውኃው ውስጥ ያልፋል ።,boy running on the beach,amh
3445296377_1e5082b44b.jpg,ሁለት ልጆች ልብስ ለብሰው ውሃ ውስጥ ይጫወታሉ .,water,amh
3450776690_38605c667d.jpg,አንዲት ትንሽ ልጅ በእግረኛ መንገድ ላይ አንዲት ትንሽ ልጅ ይዛለች ።,picture of my daughters,amh
3453544202_3855ab34b6.jpg,"ቀይ, ነጭ እና ጥቁር እሽቅድምድም ሞተር ሳይክል ላይ ሰው .",person started on a good run in the first race of the season .,amh
3457210101_3533edebc8.jpg,ከሲቢ ኤስ ማይክሮፎን ያላት ሴት ለወንድ ጥያቄ እየጠየቀች ነው .,person : person interviewed by person during the final match,amh
3459492423_c881f12c9f.jpg,ብርቱካን ሱሪ ና አቆስጣ የለበጠ ሰው በዓለት ፊት ላይ መውጣት ነጻ ነው .,the world 's best rock climbers,amh
3460551728_63255cec18.jpg,ሰዎችና ውሾች በተራሮች ተከብበው በባህር ዳር .,a dog on the beach,amh
3461110860_37ef15af8e.jpg,ነጭ ዕቃ ይዞ በህዝብ ውስጥ ሰው ቆሟል !,the crowd at the festival .,amh
3463268965_f22884fc69.jpg,የመኪና ማቆሚያ ቦታ ላይ የሚሯሯጡ የሸፋ ሱሪ ውስጥ ወንዶች .,soldiers running,amh
3465000218_c94e54e208.jpg,ህዝብ በነሱ ላይ ቀለም ቀባው .,"person , left , laughs as person , right , paints his face on sunday .",amh
3471066276_fb1e82e905.jpg,ሁለት ጥቁር ውሾች በሜዳ ውስጥ ይሮጣሉ .,person and a city running,amh
3471463779_64084b686c.jpg,አንድ ወጣት ፒቸር ቤዝቦል እየወረወረ ነው !,person winds up to pitch .,amh
3475581086_a533567561.jpg,ሐምራዊ ባርኔጣ ያላት ሴት ልጅ የመጫወቻ ቦታ ግድግዳ ላይ እየወጣች ነው .,a young girl on a playground,amh
3482974845_db4f16befa.jpg,ሁለት ውሾች በባህር ዳር ይሮጣሉ !,dogs running on the beach,amh
3484832904_08619300d9.jpg,ሶፍት ቦል የምትጫወት ልጅ፣ ወዲያ .,softball player hits a home run .,amh
3487261028_30791528ec.jpg,ውሻ በአንዲት ወጣት ላይ እየዘለለ ነው !,a girl with a dog,amh
3487820317_3728e7569e.jpg,አንድ ሰው በፀሀይ ቀን እየተመላለሰ የብርቱካን ጭማቂ ይጠጣ ነበር .,man having a beer,amh
3490528249_6aae9b867b.jpg,ሁለት የሩጫ መኪኖች ከጀርባቸው ጭስ ጋር መንገድ ላይ ፍጥነት .,the cars were driven by person and person .,amh
3495490064_8db40a83af.jpg,አንድ ሰው እየተንቦጫጨቀ በሐይቅ ፊት ለፊት ተቀምጦ የሚንሸራተት ዓሣ ለመያዝ እየሞከረ ነው !,person with a carp,amh
3499720588_c32590108e.jpg,ጠቆር ያለ ቆዳ ያለው ሰው መንገድ ላይ ሰማያዊ ጊታር ይጫወታል .,man walking on the street,amh
3500136982_bf7a85531e.jpg,በመንገድ ላይ የተሰለፈ rollerbladers .,the start of the race,amh
3502897880_8392d0e4de.jpg,ሰማያዊ ቀለም ያለው አንድ ልጅ በስኬት ቦርዱ ላይ ሲዘል ሌሎች ሁለት ደግሞ ሲመለከቱት,"person , a skater , is inspired by the people he meets and the stories he hears .",amh
350588129_6aef7b7fe2.jpg,ጥቁር ውሻ ወደ መዋኛ ገንዳ ዘልሎ ገባ .,person jumping into a pool,amh
3507670136_2e5f94accf.jpg,ቢጫ የለበሰ ሰው በቆሻሻ ብስክሌት ላይ እየዘለለ ነው .,the last jump,amh
3509575615_653cbf01fc.jpg,በአንድ ትልቅ ሕንፃ ፊት ለፊት ቀይ ሰንደቅ ዓላማና በራሪ ወረቀት የያዙ ሰዎች !,actor stands on a chair holding placards during a demonstration in support of membership of organisation in front of the french parliament .,amh
3514184232_b336414040.jpg,ረዥም ፀጉር ያላት ሴት ሶፍትቦል ሜዳ ላይ ሶፍትቦል እያጠበሰች ነው .,person makes a catch in the outfield during a game against person on tuesday .,amh
3529211822_1dabdb3a9c.jpg,"ቁመት, ቀላል ቡናማ ውሻ ከጠረጴዛ ላይ ውሃ እየጠጣ ሲሆን አንድ ትንሽ ጥቁር ውሻ ከጠረጴዛው ላይ ዘለለ .",image : dogs eating from the same bowl,amh
3530502404_f8c3a3f61c.jpg,በአፅም የታተመ የቆዳ ልብስ የለበሰ ሰው ቀይ ሞተር ሳይክል ተቀምጦ .,the - photo sharing !,amh
3533145793_5d69f72e41.jpg,ልጆች የዮጋ ጥበብን በቀለማት ያሸበረቁ አልጋዎች ላይ በበዓል ላይ ይማራሉ .,the festival was a big hit with the kids,amh
3540416139_c884f38351.jpg,ውሻ ከጀርባው ባለቤቱ ጋር ሣር ውስጥ ያለውን አሻሽሎ ያሳድዳል .,dog running with a frisbee,amh
3541491057_61a49588d9.jpg,ሁለት ውሾች በሣር ሜዳ እየተጫወቱ ነው,dog : a dog 's life,amh
3544483327_830349e7bc.jpg,"ብስክሌት ላይ ያለ አንድ ሰው ""ነፃ እራት "" የሚል ምልክት ላይ እየዘለለ ነው . .",person performs a trick on his bike .,amh
3544803461_a418ca611e.jpg,በውድድር ላይ ሁለት ሰዎች ቦክሰኛ .,person gives boxer a punch,amh
3545586120_283d728a97.jpg,ነጭ ጓንት የያዙ ሁለት ቦክሰኞች እየተጣሉ ነው !,person throws a punch at person .,amh
3545793128_af3af544dc.jpg,ከህዝብ በላይ የቆመች ወጣት !,crowd of people in support,amh
354642192_3b7666a2dd.jpg,ሰው ከፏፏቴ ጋር በውሃ አካል ውስጥ ይዋኛል .,waterfalls : the water is so clear that you can see the bottom of the sea,amh
3548191125_514f47e493.jpg,ቀይ ልብስ የለበሰ ትንሽ ልጅ ትራምፖሊን ላይ እየዘለለ ነው .,boy jumping on a trampoline,amh
3552435734_04da83b905.jpg,በውሃ ውስጥ የሚሮጥ ጥቁር ውሻ .,a dog running in water,amh
3557295488_600d387347.jpg,ቀይና ነጭ ቀሚስ የለበሰ ሰው በሜዳው ሆኪ ጨዋታ ወቅት ሰማያዊና ነጭ ቀሚስ ለብሰው ሰውእየመቱ ነው .,person playing a game of hockey,amh
3568225554_73cdb19576.jpg,በቀይ አለት ላይ የወጣ ሰው !,a rock climber on a big rock,amh
3569406219_f37ebf7b92.jpg,የጃፓን ልብስ የለበሱ ሁለት ሴቶች መንገድ ላይ ይራመዳሉ .,person in front of a house,amh
3574244361_715ac347cd.jpg,በዋዛ ላይ ያለ ህፃን .,girl on a swing,amh
3579842996_3a62ec1bc7.jpg,አንዲት ቢጫ ሸሚዝ የለበሰች ሴት መንገድ ላይ እየሮጠች ነው .,person running in a race,amh
3583903436_028b06c489.jpg,አንድ ልጅ ከእንጨት ጎተራ ፊት ለፊት በአረንጓዴ ሽቅብ ላይ እየተጫወተ ነው .,a little boy on a swing,amh
3585487286_ef9a8d4c56.jpg,ባህር ዳር ላይ የሚጫወቱ ሁለት ውሾች .,running on the beach,amh
3603116579_4a28a932e2.jpg,ቤዝቦል የሚጫወት ሰው .,person makes a throw to first base during the second inning .,amh
3604496023_c1f546423e.jpg,"በቀለማት ያሸበረቀ, ከቤት ውጭ ገበያ ውስጥ ፍራፍሬ, አትክልት እና አበቦች .",flowers and vegetables,amh
3609999845_faf5d2fe74.jpg,በሣር እየሮጡ ቀይ ኳስ በየሌሊት ወፍ የሚመታ ሰው .,cricket in the park,amh
3610687607_895fdc94bd.jpg,ሰው በፎቶ ስቱዲዮ ወደ ብርሃን ዘለለ .,man in a studio,amh
3613667665_1881c689ea.jpg,ሁለት ጥቁር ውሾች በውኃ ላይ ይሮጣሉ ።,dog running on the beach,amh
3614881872_ccf9739b0e.jpg,"አንድ ስኖውቦርድ አረጀ, በረዶ የተሸፈነ ሕንፃ ላይ ዘለለ .",a collapsed building,amh
3621647714_fc67ab2617.jpg,ሰው በበረዶ ላይ በዛፍና በተራሮች ዙሪያ ቆሟል !,a view from the trail,amh
3621652774_fd9634bd5b.jpg,አንድ ሕፃን ጥልቀት በሌለው ገንዳ ውስጥ ሲቀመጥ ጠብታ ውሃ ይይዛል ።,a baby playing in water,amh
3624076529_9793655a21.jpg,አፉ ላይ ዱላ ይዞ የሚዋኝ ውሻ .,golden retriever in water,amh
3627679667_0e3de9fc90.jpg,ወይዘሮ ዋለልኝ በማዕበል እየተንሸራሸሩ ነው ።,surfer on a wave,amh
3632197966_0c5061025f.jpg,ዲርት bikers ተከታታይ ዘለል ያሻግራሉ .,person was the first rider to win the title in the history of the race .,amh
3636632926_09f39f2629.jpg,ሁለት ልጆች አንድን ሰው በከተማ ጎዳና ላይ ይከተሉታል .,a man and a boy walking in the street .,amh
3638908276_b1751d30ff.jpg,ሮዝ ታንክ ጫፍ የለበሰች ወጣት በስኬት ቦርዷ ላይ ዘለለች .,skateboarding on a wall,amh
3638992163_a085cc0c24.jpg,ቡናማና ነጭ ውሻ በቀይ ኮተብ ውስጥ እየዘለለ ነው .,picture : a dog jumping through an obstacle,amh
3639967449_137f48b43d.jpg,ሁለት ወንዶች ልጆች ፖፕሲክሎችን በውጭ ሲበሉ .,boys eating ice cream,amh
3640743904_d14eea0a0b.jpg,ሰው አራት ውሾች ንመላለስ .,person leads her dogs for a walk .,amh
364213568_7f83e7d144.jpg,ውሻ ሌላ ውሻ አሻሽሎ እያሳደደ ነው !,dogs running on the beach,amh
3646453252_5ebbbaa6cc.jpg,ቀይ የራስ ቁር ና ቢጫና ነጭ ልብስ የለበሰ ሰው በጫካ ውስጥ በውጪ ብስክሌት እየነዱ ነው .,a rider speeds down a trail,amh
3652764505_87139e71f8.jpg,ጥቁር ጭስ የፈሰሰበት ሰማያዊ ህንጻ አደጋው ላይ የእሳት አደጋ መከላከያ ጋር .,black smoke billowing from a building,amh
3655326478_4472c5c630.jpg,ሴት ከውሻዋ ጋር በእንቅፋት አካሄድ ላይ ትጫወታለች .,"picture : person , dog , dog training , dog , green",amh
3659686168_49c3abcee1.jpg,ሁለት ሰማያዊ ልጃገረዶች በሐውልት አጠገብ ተቀምጠዋል,the girls are not the same,amh
3688797852_89ed3cb056.jpg,የቆዳ ልብስ የለበሱ ሸሚዝ የሌላቸው ሰዎች ፈገግ እያሉ ነው !,men in leather,amh
3691729694_2b97f14c1e.jpg,ሁለት BMX ጋላቢዎች በብሽት መንገድ ዙሪያ እየተሯሯጡ ነው .,person : the race was so close that i was watching the riders from the side of the track .,amh
3697378565_7060d9281a.jpg,አለባበስ የለበሱ ወጣት ሴቶች መድረክ ላይ ቆመው,the performance at the end,amh
3699763582_f28c5130dd.jpg,ራሰ በራ፣ ሸሚዝ አልባ ሰው አለት መውጣት ።,man climbing on a rock face with the sea and mountains in the background,amh
3729405438_6e79077ab2.jpg,ብስክሌት መንዳት በባቡር ላይ ሚዛኑን የጠበቀ ነው ።,the trick : a trick,amh
374103966_2987706be1.jpg,ነጭ ሸሚዝ የለበሰ ጢም ያለው ከመጠን በላይ ወፍራም ሰው መጠጥ ባር ላይ ይዞ እየጨፈረ ።,## - a night at the club,amh
374124237_51f62b6937.jpg,ጥቁር ልብስ የለበሰች አንዲት እግዜር .,a girl with a tattoo on her arm,amh
3765374230_cb1bbee0cb.jpg,አረንጓዴ የመታጠቢያ ልብስ የለበሰች አንዲት ወጣት በውሃ ትረጫለች .,a child plays in a water fountain .,amh
381514859_b40418d9c3.jpg,ሁለት ትናንሽ ነጭ ውሾች ቀይ ኳስ ሲያሳድዱ,dog playing with a ball,amh
382090166_be2c2c63e1.jpg,ነጭ ቡዱል እና 2 ጥቁር ቡዱል በሣር ላይ እየተጫወቱ ነው .,poodle playing with each other,amh
388386075_9ac3a89ada.jpg,አንድ ልጅ ከመጫወቻ ባቡሮቹ ጋር ሲጫወት መነጽሩን አወለደ .,a child with his mouth open in shock .,amh
390992102_67fa31b22f.jpg,በበረዶ የተሸፈነ ተራራ ተሻግሮ የሚሄድ ሰው !,person walking along a ridge,amh
404702274_fa8b3fe378.jpg,ነጭና ቡናማው ውሻ ከበረዶ የተሸፈነ መሬት በላይ ወደ አየር ዘልሏል .,snow,amh
408748500_e8dc8c0c4f.jpg,ቀይ ካባ የለበሰ ህፃን አስቂኝ ጌጥ አጠገብ ቆሟል .,"person , watches the light show during the event .",amh
410413536_11f1127c46.jpg,ውሻ ከውኃ ሲዘል ሴት ወደቡ ላይ ተንበርክካ ከእርሱ ጋር ስትጫወት,a woman is playing with her dog on a jetty,amh
415657941_454d370721.jpg,ሌሎች ልጆች ሲጋልቡ ትንሿ ልጃገረድ የመጫወቻ ቦታ ፈተለች-go-round .,children playing on a playground .,amh
416992999_654a99a903.jpg,ድንጋይ ላይ የምትወጣ ልጃገረድ,a girl climbing,amh
424869823_7aec015d87.jpg,አንዲት ወጣት ቀስተ ደመና ፊት ለፊት .,hand under a rainbow,amh
427557693_1108566fd2.jpg,ሁለት ሰዎች በመንገድ ላይ ብዙ ባዶ ዛፎች እና በረዶ መሬት ላይ እየተራመዱ .,a couple walking down a street,amh
444881000_bba92e585c.jpg,በሞባይል ስልክ ሁለት እያወሩ የሚራመዱ ወጣቶች ቡድን .,students walking on campus,amh
445655284_c29e6d7323.jpg,አንዳንድ ዛፎች በበረዶው ላይ የሚሮጥ ጥቁር ውሻ .,person playing in the snow,amh
446138054_d40c66d5f0.jpg,ሰው በድንጋዩ ቅርጽ ከጀርባ እየዘለለ .,man jumping on a rock,amh
462080147_ca088e6541.jpg,ሁለት ሰዎች ፣ አንዱ በራሱ ላይ ሣጥን የያዘ ጠርሙስ ይዞ,men with boxes on their heads,amh
468930779_8008d90e10.jpg,አፉ ላይ ዱላ ይዞ የሚዋኝ ውሻ .,a dog named person,amh
479807115_3a484fb18b.jpg,አንድ ሰው በሞተር ብስክሌት በአቧራ ኮረብታ ላይ ይነዳል ።,picture of a rider on a mountain bike,amh
488196964_49159f11fd.jpg,ኳስ በአፉ ይዞ በውኃ ውስጥ የሚሮጥ ውሻ,a dog in the sea,amh
488352274_9a22064cb3.jpg,ሁለት ቡናማ ውሾች በአሸዋ ላይ እየሮጡ ነው .,dogs,amh
489551372_b19a6ad0ed.jpg,ውሻ በእንቅፋት መድረክ ላይ እና ሰው .,picture : dog jumping over a hurdle,amh
506478284_7cf8bdbe36.jpg,"ወጣት ባልና ሚስት መደበኛ ልብስ , በዕድሜ የገፉ ወንድ እና ሴት በመደበኛ ልብስ ለካሜራ ያቀናሉ .",prom : the day i got married,amh
508261758_78fb8ae067.jpg,በአሥራዎቹ ዕድሜ ውስጥ የሚገኙ ሦስት ልጃገረዶች መሬት ላይ እየተንሸራሸሩ ሳቁ,image result for girls wrestling,amh
510510783_b2cf5d57bb.jpg,አንዲት ትንሽ ልጅ ከዛፍ ጋር ከተያያዘ ሽቅብ ላይ ተንጠልጥላ ትሰቅላለች ።,girl hanging from a tree,amh
512045825_1be2083922.jpg,አጥር ላይ የሚዘል ውሻ .,a dog jumping over a hurdle,amh
514222303_cb98584536.jpg,ቢጫ የፀሐይ ባርኔጣ የተለበጠች ሴት ልጅ ገመድ ላይ ተሰቅላለች .,a girl on a tightrope,amh
514431934_9cf78f05a9.jpg,ሁለት ሰዎች እያዩ አንድ ቀይ አምቡላንስ መንገድ ላይ ይነዳል .,ambulance with lights flashing,amh
515702827_be3c6ce857.jpg,ጥቁር ሸሚዝ የለበሰ አንድ ሰው ከአንዲት ሴት ልጅ አጠገብ በሐምራዊ ሸርተቴ ላይ ይዋኝ ነበር ።,image : person getting into the water,amh
524105255_b346f288be.jpg,የሲያትል ስፔስ ኒድል ትዕይንትን እያየች ያለች ሰማያዊ ሴት .,a girl sitting on a bench looking out at the skyline,amh
533483374_86c5d4c13e.jpg,ውሻ በኳስ አቅራቢያ በባህር ዳር ነው .,dog on the beach,amh
535309053_ec737abde8.jpg,የተወሰኑ ሰዎች በአንዳንድ ዛፎች አቅራቢያ በድንኳን ውስጥ ሰፍረው ነበር ።,the camp site,amh
539493423_9d7d1b77fa.jpg,አንድ የመጫወቻ ቦታ አጠገብ ሶስት እንጨቶችን የያዘ ሰው !,picture : person with a burning torch,amh
539705321_99406e5820.jpg,ቀይ ልብስ የለበሰ ልጅ ወደ እግር ኳስ ለመድረስ ነጭ ልብስ ከለበሰ ልጅ ጋር ሲታገል ይወድቃል ።,person sliding in front of the soccer ball .,amh
539801139_7258ee437f.jpg,ዝናብ እየዘነበ በውኃ ውስጥ የሚጫወት ትንሽ ልጅ እና አዋቂ ሰው እጁን ይዞ,father and son playing in the water,amh
542269487_5d77b363eb.jpg,ሰማያዊ ልብስ የለበሱ ሁለት ሰዎች ከኋላ በኩል ተራሮችን ይዘው ከሐይቅ ፊት ለፊት በሚገኝ የእግረኛ መንገድ ላይ እየተንሸራሸሩ ነው ።,runners on the boardwalk,amh
543102698_38e7e38bbc.jpg,ቀይ ሸሚዝ የለበሰ አንድ ትንሽ ልጅ በፓርኩ ቴሌስኮፕ ሲጫወት አንዲት ሴት ሐምራዊ ቀሚስ የለበሰች ሴት ትከታተለች .,children looking through a telescope,amh
551403320_dfdcf9fc3b.jpg,አንዲት ሴት በሁለት ተራሮች መካከል የደረጃ መሰላል ድልድይ እያቋረጠች ነው ።,... እየሱስ በ አንድ አመት በ አመት በ አመት በ አመት በ አመት በ አመት በ አመት በ አመት በ አመት በ አመት በ አመት በ አመት በ አመት በ አመት በ አመት,amh
551664516_78a5131dc4.jpg,ጥቁር ጃኬትና ጥቁርና ነጭ ቀሚስ የለበሰች አንዲት ሴት መንገድ ላይ ትጓዛለች ።,picture,amh
556568556_bc5124dc8e.jpg,ቀይ ጫማ ያለው ልጅ በዋሽንት ላይ እየተጫወተ ነው .,a child on a swing,amh
565605894_8f0bed0438.jpg,ሴት ልጅ ከብረት ቀለበቶች ላይ ተሰቅላ ነው .,girl on the playground,amh
57422853_b5f6366081.jpg,ተራራ ላይ በድንኳን ውስጥ የሚንሳፈፍ .,the first morning of the expedition,amh
576920249_df1bdc2068.jpg,ነጭ ሸሚዝ የለበሰ ህፃን እጆቻቸውን ያጨበጭባል !,a girl is excited to be running .,amh
632251903_b36701a5e9.jpg,ሁለት ወንዶች በውሃ ላይ በዐለት ላይ ፣ አንዱ በውሃ ውስጥ እየዘለለ ።,jumping off a rock into the water,amh
640053014_549d2f23d2.jpg,አንድ ሰው በቢጫ ሞተር ሳይክል ላይ ማይዳይ ውስጥ .,... እየሱስ እና እንዲህ እንዲህ እየሱስ እየሱስ እየሱስ እየሱስ እየሱስ እየሱስ እየሱስ እየሱስ እየሱስ እየሱስ እየሱስ እየሱስ እየሱስ እየሱስ እየሱስ እየሱስ ,amh
649596742_5ba84ce946.jpg,አንድ ትልቅ ጥቁርና ነጭ ውሻ የሚያጉረቆርም ትንሽ ነጭና ጥቁር ውሻ እየላሰ ነው .,a puppy playing with an adult dog,amh
661755629_602ea4cf09.jpg,ትንሽ ውሻ ቀይ ኳስ ለመያዝ ይሞክራል .,a dog playing with a ball,amh
661757041_61e131e913.jpg,ትንሽ ውሻ ቀይ ኳስ ለመያዝ ይሞክራል .,a dog playing with a ball,amh
688210930_85c5675d5b.jpg,ሰማያዊ ልብስ የለበሱ አንድ ሰው በሆቴል እንግዳ ማረፊያ ውስጥ ይራመዳሉ .,a monk walking through the hotel lobby,amh
700884207_d3ec546494.jpg,አንዲት ሴት የፀሐይ መነጽር የለበሰች ህጻን ይዛለች .,"baby wearing pink sunglasses , hat and pink overalls",amh
701816897_221bbe761a.jpg,አንዲት ወጣት ልጅ በመጀመሪያ እግሯን እየዘለለች ወደ መዋኛ ገንዳ ስትዘል ሌላ ትንሽ ልጅ እና ሴት ደግሞ ይመለከታሉ .,person in the pool .,amh
733964952_69f011a6c4.jpg,የጫማ አንጸባራቂ ደንበኞችን ይጠብቃል .,man cleaning shoes on the street,amh
799431781_65dc312afc.jpg,ሦስት ትንንሽ ወንዶች ልጆች ፊት ለፊት አብረው ቁጭ አሉ !,brothers sitting in the garden,amh
818340833_7b963c0ee3.jpg,ውሻ በአፉ ዱላ ተሸክሞ በሣር ውስጥ ይሮጣል ።,dog running with a stick,amh
832128857_1390386ea6.jpg,ፈገግታ ያለው ህፃን በወያኔ እያወዛወዘ ነው .,a child on a swing,amh
888425986_e4b6c12324.jpg,አንድ ሰው ከጀርባው በሸራ ታጅቦ በሐይቅ አቅራቢያ በውሃ ላይ ሽቅብ እያደረገ ነው !,jumping off a rope swing,amh
937559727_ae2613cee5.jpg,ዓሣ አጥማጁ በእጆቹ ውስጥ ያለውን ትንሽ ነገር እያየ በውኃ ውስጥ ቆሟል ።,man in waders,amh
96978713_775d66a18d.jpg,አንዳንድ የእግር ጉዞ ተጓዦች በወንዝ ላይ የእንጨት እና የሽቦ ድልድይ እያቋረጡ ነው .,a bridge over the river,amh
974924582_10bed89b8d.jpg,አንዲት ሴት ልጅ በአንዲት ትንሽ ገንዳ አጠገብ ሲጫወት ታያለች .,water is life .,amh
1048710776_bb5b0a5c7c.jpg,Wani rukunin mutane suna zaune a kan ganuwa a bakin teku .,person,hau
1088767354_2acee738cf.jpg,Wata mata da ta sanye da tufafin rufe tana duba wasu mutane biyu da suke tsaye a kan titi .,dancer,hau
1094462889_f9966dafa6.jpg,Karen da ke da kashi mai kauri yana waje a cikin ƙanƙara .,... and person playing in the snow .,hau
109823394_83fcb735e1.jpg,Mutane uku a ATV a waje .,photos,hau
1222322358_225067636e.jpg,Yaro yana wasa a kan ɗan ɗan ɗan ɗan,photo,hau
1225443522_1633e7121f.jpg,Wata mata tana tafiya a kan tafiyar birni da dare .,alone walking at night,hau
1227655020_b11a1bb112.jpg,Karnuka biyu suna wasa a ciyawa mai tsawo .,dogs,hau
1235580648_7eebaed9bc.jpg,Maza da aka ƙi suna aikin hoton .,hats,hau
123997871_6a9ca987b1.jpg,Mata da yawa da suke wasan lacrosse suna biɗan ƙwallo .,person gets a pass to the coach .,hau
1308617539_54e1a3dfbe.jpg,Yaron ya gudu zuwa teku .,surfer,hau
1311132744_5ffd03f831.jpg,Karnuka baƙi da ke da launi mai jinkiri yana gudu a cikin ciyawa .,dog,hau
1387443857_602ab6f9bf.jpg,Tsofaffi yana zaune .,person,hau
1406010299_5755339f08.jpg,"Yaro da ke da ido da kuma ƙafar kansu , jirgin ruwa a ƙarƙashin .",pirates,hau
141140165_9002a04f19.jpg,Wani yaro ya nuna fuskar wani ƙaramin yaro a filin wasan baseball .,baseball,hau
1430154945_71bbaa094a.jpg,Wata uwa tana taimaka wa ɗanta ya ci abincinsa ta wajen ciyar da shi da hannu.,photo,hau
1433088025_bce2cb69f8.jpg,Wani mutum mai ƙarfi da ya saka kayan huren .,young men performing a dance,hau
143684568_3c59299bae.jpg,Wani mutum yana tsaye a kan dutse mai dutse da ke duba ƙasa .,rock climbing,hau
1445754124_647168f211.jpg,Karnuka mai fari ya hau itace mai ƙarfe .,dog in a tree,hau
1449625950_fc9a8d02d9.jpg,Karnuka biyu suna wasa tare a ciyawa .,dog,hau
1468962616_5803b4397f.jpg,Wani yaro a cikin ruwan daji ya yi amfani da makami mai tsawo .,water fun in the pool,hau
1473250020_dc829a090f.jpg,Wani mutum wanda yake sanye da ƙanƙara da sakata kawai yana tsaye a kan duwatsu da ruwa a ƙarƙashinsa.,person in the river,hau
1478294229_7e1c822fea.jpg,Ka rufe ƙafafun mutum a kan keke .,shorts and socks,hau
1509786421_f03158adfc.jpg,Yaro yana nuna wani abu sa'ad da mutum yake duba .,a boy pointing at a man,hau
1542033433_5453d4c466.jpg,Wata mace da ta saka ƙafar fari tana tsaye sa'ad da mota take wucewa .,girl waiting for a taxi,hau
154871781_ae77696b77.jpg,Yara biyu suna ƙwanƙwasa ƙwallo a cikin gona .,girls playing football in a park,hau
1561658940_a947f2446a.jpg,Wata yarinya a kan swing.,person in a swing,hau
1569562856_eedb5a0a1f.jpg,Wani mutumin da ya saka baƙar jaki yana da makafun fari a kunnuwansa .,man listening to music,hau
1597319381_1e80d9e39c.jpg,Wani ɗan wasa a ƙungiyar fari da bulu yana ƙusurwar ƙwallon ƙwallo ga abokin ƙungiyarsa yayin da wasan da ke cikin ƙungiyar faruwa suke kallon .,football,hau
161905204_247c6ca6de.jpg,Mata tana tafiya a kan hanya mai ɗan ƙarfe .,photo,hau
166321294_4a5e68535f.jpg,Wannan mutumin yana kan doki mai cike da baƙin ciki .,motorcycles are a part of the culture,hau
1685990174_09c4fb7df8.jpg,Yara suna gudu a fili .,children playing game in the park,hau
172097783_292c5413d8.jpg,Wani matashi ya yafa tufafin ruwan baƙi da kuma jaki mai jinkiri da ke ɗauke da ruwa a cikin ruwan baƙin ruwa .,water skiing,hau
1818403842_553a2a392c.jpg,Karnuka biyu baƙar fata suna tsallake cikin ruwan daji .,dog in the pool,hau
1827560917_c8d3c5627f.jpg,Karnuka da ke da ɗan wasa a bakinsa kamar .,dog with a stick,hau
1984936420_3f3102132b.jpg,Yaro yana kama kifi daga kogi yayin da yarinya take taimako .,water,hau
1999444757_1b92efb590.jpg,Wata mata tana nuna takobinta,person watching a student in competition,hau
2045562030_654ddea5e5.jpg,Wasu matasa suna magana kusa da ganuwar siment .,image,hau
2059616165_b7c99c1009.jpg,Karnuka baƙi suna kwance a kan ciyawa,dog,hau
2061944672_0383e65c8a.jpg,An tattara manya da yara kusa da tsarin zaune a waje .,family in a park,hau
2068403258_2669cf9763.jpg,Yara suna tsallake daga gada zuwa cikin ruwa .,boys playing in the river,hau
2073105823_6dacade004.jpg,Wani mutum yana tafiya a kan ƙasa mai tsawo kusa da wasu matakala .,...,hau
2088532947_c628e44c4a.jpg,Mata biyun sun kwana a kan ciyawa tare .,file,hau
2095444126_201ff9f222.jpg,Karnuka suna ɗaukan ruwa,dog,hau
2115620856_4fa5025ac6.jpg,Birni da dutse mai cike da gurɓata a baya .,a man riding a bike,hau
2120571547_05cd56de85.jpg,Wata mata ta saka ƙafafunta a kan kujera a cikin mota ta jirgin ƙasa .,woman on the subway,hau
2130851544_d36f4f2ea6.jpg,Yaro yana riƙe da ƙwaƙwalwa yana kāre shi makami ne .,eating the ice,hau
2150564996_d173a506d7.jpg,Wani yaro da ya saka fari a fili,how to keep your kids safe,hau
2171154778_8189169336.jpg,Yaro yana buga da ƙwayoyi a ɗakin layi .,boy with a slingshot,hau
2171576939_d1e72daab2.jpg,Yaron yana sanye da tufafi masu ɗumi a waje a lokacin sanyi .,image,hau
2183967273_d182e18cf6.jpg,Ƙaramin karnuka yana kwance a kan dabbobi da aka cika a gaban talabijin,dog watching tv,hau
2189181027_a445b13438.jpg,Karnuka baƙi suna gudu a bakin tekun da ke da yawan ruwa yayin da kakata biyu suke ruwa kusa .,dog on the hunt,hau
2195419145_36722e8d54.jpg,Wani mutum da wani ɗan sanda suna murmushi ga mai hoton .,person,hau
2198964806_c57b0534d3.jpg,Karnuka mai ƙarfe mai ƙarfe mai ɗauke da sanda a bakinsa .,dog running with a stick in his mouth,hau
2200901777_f6c168bd32.jpg,Wata yarinya da ta yi sanye da ƙanƙara mai cike da baƙin ciki .,person,hau
2209888959_d636b1be0b.jpg,Ƙaramin yarinya tana riƙe da sanda na katako .,girl with a stick,hau
2211593099_4a4f1c85d2.jpg,Wani rukunin yara suna aikin hoton .,boys in a refugee camp,hau
2220175999_081aa9cce8.jpg,Karnuka biyu suna tafiya a cikin ruwa .,dog,hau
2238019823_79318d1f11.jpg,Mai yin teku a bakin gada a cikin yanayi mai ƙura,surfer,hau
2245914678_1f82fc3d80.jpg,Wata mata mai gashin gashi mai tsawo da kuma tufafi masu launi tana magana a waya .,a girl talking on the phone,hau
2246717855_c0c08fe5d2.jpg,Mutane uku a wani tashar mota a Asiya suna mai da hankali ga cellphones .,girl in the train,hau
2248487956_2603f55ab9.jpg,Matar da ta yi sanye da tufafi marar rufi tana sanye da ƙanƙara kuma tana duba wani yaro da ya saka tufafin bulu .,woman smoking,hau
2252123185_487f21e336.jpg,Wasan da mutane suke yawan zama yana cike da mutane suna kallon wani aukuwa .,fans,hau
2261346505_302c67951d.jpg,Wani rukunin mutane da ke da inuwa mai tsabta suna tsaye a kan titi .,girls in the rain,hau
226531363_33ac01d931.jpg,"Karnuka suna gudu a cikin ƙanƙara , ganuwa a ƙarƙashin .",person running in the snow,hau
2279496715_8ef3ee6edb.jpg,Wani yaro yana hawa a cikin karusa sa'ad da yarinya take riƙe da na'urar .,person in a wheelbarrow,hau
2288315705_5f4c37d932.jpg,Karnuka mai fari mai fari yana gudu a bakin teku mai duwatsu .,dog,hau
2297744130_f571f3a239.jpg,Yaro mai sanye da jaki mai huren yana tsallake daga dutse .,kid in a jacket,hau
2298097636_c5de0079de.jpg,Karnuka biyu suna gudu a kan ciyawa .,dog,hau
2299859649_07ca44a222.jpg,Wani yaro mai sanye da ƙafar sanyi mai jinkiri yana cin abinci kuma yana riƙe da ƙanƙara .,a child with a stick,hau
2301867590_98c0ecb0cb.jpg,Yara biyu suna yin mala'iku na ƙanƙara .,image,hau
2311690895_0d6efe11c8.jpg,Karnuka suna ɗanɗana wa wani laifi.,dog,hau
2319175397_3e586cfaf8.jpg,Karnuka biyu masu fari suna buga a cikin ƙanƙara .,animal,hau
2328616978_fb21be2b87.jpg,Wata mata da ke da kafiya kuma tana riƙe da ƙanƙara tana duba wasu maza a kan benci .,woman walking,hau
2332986053_864db84971.jpg,Wani mutum da ke da kifi mai bulu da kuma ƙafar ɗan ƙarfe .,person in front of a red rock face,hau
233361142_d9d5f0cae9.jpg,Karnuka baƙar fata da baƙar ƙarfe suna kallon wani abu a nisa,dog,hau
2358447641_10f1e9d21f.jpg,Wata yarinya da ta yi sanye da ƙafar ƙanƙara tana tafiya a bayarta a kan ƙanƙara .,image,hau
2373234213_4ebe9c4ee5.jpg,Wani yaro ya tsallake bisa wani yaro a kan ƙarfe .,how to make a trampoline,hau
2374179071_af22170d62.jpg,Wani mutum yana kifi a teku da dare .,fisherman,hau
2384626662_67cdd87694.jpg,Yara biyu a kan tekun .,children playing on the beach,hau
2385744837_8780f6731a.jpg,Ƙaramin yaro da ya saka jaki marar rufi yana tafiya a cikin ƙanƙara .,kifarsu,hau
2394824046_51cec8e5e7.jpg,Monk yana addu'a a gaban siffar Buddha .,author in a shrine,hau
2403376030_903521c371.jpg,Wata mata da ta saka ƙafar baƙi tana tafiya da babbar karnuka .,dog walking,hau
2409597310_958f5d8aff.jpg,Yara biyu ƙanana suna hawa cikin jirgin mota mai ɗan ɗan,"person , person , person , person",hau
241109594_3cb90fe2a3.jpg,Karnuka baƙi da fari suna ruwan ruwa da sanda a bakinsa .,dog,hau
241345522_c3c266a02a.jpg,Wani ɗan ƙwallo na UW yana gudu da ƙwallon .,person,hau
241345844_69e1c22464.jpg,Wani mai ƙwallo yana magana da kocinsa .,american football head coach,hau
2417341107_97dbab9c5e.jpg,Wani yaro yana tsaye a kan tekun .,handstand on the beach,hau
2417745327_a2c2705043.jpg,Karnuka mai kauri yana gudu a cikin ruwa a teku .,doggy,hau
2428275562_4bde2bc5ea.jpg,Karnuka baƙi da fari suna ƙasa a kan tudun yashi .,dog,hau
244443352_d7636e1253.jpg,Karnuka mai kauri da ke sanye da ƙafar rufi mai tsanani yana nitsewa cikin ƙanƙara .,dog,hau
2444821454_22a346c996.jpg,Wani karen baƙar fata da baƙar fari yana tsallake a ciyawa bayan Frisbee .,dog playing with a frisbee,hau
2445654384_4ee3e486e1.jpg,Wani mutum da ya saka lu'ulu'u yana riƙe da yaro a kan silindi,son on a playground slide,hau
2453971388_76616b6a82.jpg,Mata biyu suna gudu a cikin ruwan da ruwa yake sa su .,children playing in the water,hau
2460126267_0deea8b645.jpg,Wani yaro mai sanye da riga mai ɗan ƙarfe ya tsaya kusa da ƙwallo mai launi .,person playing soccer,hau
247617754_4b1137de8c.jpg,Wata mata da take da yashi ta duba cell phone ta sa'ad da take zaune a kan ɗan ganuwa .,girl checking her phone,hau
247704641_d883902277.jpg,Karnuka suna tafiya a kan itace a wani ƙaramin kogi .,person jumping over a log,hau
2480850054_de3433b54a.jpg,Wani yaro mai ƙazanta yana gudu a cikin turɓaya .,image,hau
2495931537_9b8d4474b6.jpg,Karnuka mai kauri yana ɗanɗana karen fari da ke kwance a ƙasa .,kwanu mafiyanu,hau
2502856739_490db7a657.jpg,Akwai karnuka uku da suke gudu a ciyawa da itatuwa a bayansu .,dog park,hau
2504764590_cf017c2a6e.jpg,"Wani mutum yana jefa babbar sanda cikin ruwa, sai karnukansa biyu su tafi su ɗauke shi.",throwing a stick in the lake,hau
2517284816_9b8fd3c6b6.jpg,Taro na yara .,a dance performance,hau
2521878609_146143708e.jpg,Wani yaro ya ci noodles tare da manyan kayan aiki.,pasta,hau
2522230304_1581d52961.jpg,Wani mutum ya hau dutse .,rock climber,hau
2522297487_57edf117f7.jpg,Wata mata tana riƙe da jariri sa'ad da yaro yake zaune kusa da ita yana murmushi .,## of ## : children are the heart of the family,hau
2524003134_580e74328b.jpg,Karnuka suna cikin ruwa.,dog in the lake,hau
2524084967_a5e011b73d.jpg,Wani namiji yana yin ƙarya na keke a cikin sama .,## of the best photos,hau
252504549_135b0db5a3.jpg,Karnuka a bakin teku yana da ƙwallo a bakinsa .,dog,hau
2528521798_fb689eba8d.jpg,Wani mota mai fari ya yi tafiya a cikin ƙanƙara a kan hanyar da ke da ƙasa,automobile model,hau
2544426580_317b1f1f73.jpg,Yaro yana buga da jirgin mota .,things to do with a baby boy,hau
2562483332_eb791a3ce5.jpg,Yara biyu suna buga a kan kayan wasa .,... or just climb up the back of the playground .,hau
2564663851_3a9832e4fc.jpg,Yaro yana wasa a waje a cikin ruwa yana ɗauke daga ruwan marar ruwa .,a boy plays in the water fountains .,hau
2574194729_1f099647ee.jpg,Karnuka mai fari yana gudu zuwa hanya tsakanin itace .,dog,hau
2594902417_f65d8866a8.jpg,"Karnuka biyu masu launi na tan suna cikin gona, ɗaya kuma yana tsallake cikin sama .",dog,hau
2596475173_58f11fc583.jpg,Karnuka mai tan da karnuka baƙi suna cinye juna a fuskarsu .,dog fighting,hau
2600170955_bf30c5d5c0.jpg,Yara biyu suna wasa da karusa a wurin da ake saka kaya .,boys pushing the shopping cart,hau
2602415701_7674eb19e4.jpg,Yara biyar da suke da ƙafafunsu kawai suna tsallake cikin ruwan kogin,## of the best summer activities for kids,hau
2607130765_97833d6ce1.jpg,Yara ƙanana suna ƙwallo,football,hau
2623247254_3bfc795121.jpg,Wani mutum yana magana kuma yana yin wani abu da hannunsa yayin da wasu suke zaune kusa da shi .,man in a bar,hau
2629294578_853a08bb43.jpg,"Akwai karnuka mai tan a tsakiyar gona , yana kawo ƙwallon teni .",deer playing with a ball,hau
2642688531_8fb68b2147.jpg,Wani yaro yana buga a cikin ɗaki mai huren zuba a filin wasa .,slide in the park,hau
2655647656_ee450446ed.jpg,Wani yaro ya nitse a kan ɗan ɗan ruwa .,a boy jumps during a summer camp,hau
2656890977_7a9f0e4138.jpg,"Ƙaramin yaro, yana sanye da ƙanƙara kuma ba shi da tsayi, yana gudu a waje .",a boy running,hau
2657663775_bc98bf67ac.jpg,Matar tana sanye da ƙafar rufi mai furfura kuma tana gudu a kan tekun .,beach,hau
267015208_d80b3eb94d.jpg,Mutane da ke cikin ƙafa suna sha'awar mota mai cike da gurɓata da kuma wasu mota da aka yi a dā .,automobile make,hau
2676648667_cb055b4fc6.jpg,Wata mata tana zaune a cikin kujera mai bulu a waje da gidan ƙarfe .,person,hau
2677614492_792023b928.jpg,Karnuka mai kauri da fari yana tsallake bisa ƙarfe mai hurene da kuma jinkiri .,dog jumping over a pole,hau
2696636252_91ef1491ea.jpg,Wani mai tafiyar da ƙasa yana ɗaukan ƙafa guda.,skater,hau
2697909987_128f11d1b7.jpg,"Wani mutumin da ya saka tsayi da ke cewa "" Gigolo "" yana tsaye a kan teburin gaba da baya ga kwamfuta .",reception,hau
2698119128_62b4741043.jpg,Yarinya da ta saka tufafin ƙanƙara tana ruwa a cikin ruwan daji .,photos of the day,hau
2699125097_c6801d80ed.jpg,"Wani mutumin da ba shi da akwatin ciki da Mohawk , gẽfe da lu'ulu'u .",men,hau
2705793985_007cc703fb.jpg,Karnuka baƙi da fari da ke da na'urar bulu suna gudu a cikin ciyawa .,animal,hau
270864951_1737ae5479.jpg,Matar tana sanye da kafiya baƙi da tuta na Amirka a kanta .,person,hau
2713897716_c8cd610360.jpg,Karnuka baƙar fata da baƙar fata suna buga da ƙwallon ƙwallo da aka ɓata a filin .,dog,hau
2715035273_8fc8b1291c.jpg,Rukunin mata suna tafiya a kan titi daddare .,girls in the street,hau
2716251485_d6113f4c8a.jpg,Wani mutum yana tafiya a bakin ɗakin tarho mai jinkiri .,man walks past a pair of telephone boxes,hau
2734669176_c272b42597.jpg,Wata mata tana nuna wa karnuka frisbee sa'ad da mai wasan baseball da ya saka riga ya gudu bayanta .,"person , person , person , person , person , person , person , person , person , person , person , person , person , person , person , person , person , person , person , person , person , person , person , person , person , person , person , person , person , person , person , person , person , person , person , person , person , person , person , person , person , person , person , person , person , person , person , person , person , person ,",hau
2737609659_efce872c24.jpg,Ana tuƙa yarinya a kan rufin jirgin a hanya,a woman on the roof of a vehicle,hau
2745663684_650f84e1e6.jpg,Wani yaro da ke cikin tank mai launi ya yi tafiya a kan titi,guy on a skateboard,hau
2752329719_868545b7d2.jpg,Wasu ma'aurata suna zaune a kan ɗakin da ke duba teku .,sunset by the sea,hau
2757803246_8aa3499d26.jpg,Yaro yana gudu zuwa ga rukunin mutane .,boy runs on the grass,hau
2766325714_189bbff388.jpg,Tsofaffi mata biyu suna riƙe wata yarinya a tsakãninsu a cikin gida .,person : i 'm sure everyone is excited to see me !,hau
2772532341_c4597a94ed.jpg,Wata mata da ta saka ƙafar hula baƙi a gonar .,fitness,hau
2785115802_137fa30000.jpg,Karnuka suna ruwa a cikin ruwa .,dog in the sea,hau
2787276494_82703f570a.jpg,Yaro mai jaki na ceto yana tsallake cikin ruwa,jumping into the water,hau
2806632713_edd6f6c893.jpg,Mutum yana juyawa a ƙasa sa'ad da yake ɗauke da wasu ƙaramar bungee .,a boy jumping on a trampoline,hau
2810412010_f8b3bc1207.jpg,Wata mata tana zuba ruwa da gashinta .,water,hau
2813033949_e19fa08805.jpg,Karen fari da baƙi yana tsallake cikin sama yana ƙoƙarin ya kama ƙwallon teni .,dog catching a ball,hau
2840344516_8e15fe2668.jpg,Jirgin ɗan ƙanƙara ya bar bakin teku yayin da mutum yake kallon kusa .,rescue boat,hau
2844747252_64567cf14a.jpg,Karnuka uku suna wasa tare a fili .,dog,hau
2854291706_d4c31dbf56.jpg,Wani namiji da mace suna tsaye a gaban alamun.,... and the students are all from the same school .,hau
2856080862_95d793fa9d.jpg,Wani rukunin maza suna tsaye a lokacin wasan wasanni a gonar .,football match in a park,hau
2858903676_6278f07ee3.jpg,Wata yarinya tana ɗaukan hoton abokinta da ke jinkiri a kan teburin yin biki .,photos,hau
2862469183_a4334b904a.jpg,Babban karnuka mai kauri yana tsallake bisa ƙaramin karnuka baƙi .,dog,hau
2865409854_afedf98860.jpg,Yara da manya ƙalilan suna wasa a cikin ruwan marar ruwa a ƙasa .,water fountain,hau
2866093652_aa717eb9ce.jpg,Mata huɗu suna gudu suna tafiya a wani wuri .,sports,hau
2866254827_9a8f592017.jpg,Wani mai tuƙi na doki mai huren yana tafiyar da waje .,motorcycles,hau
2867937005_91c092b157.jpg,Wata yarinya da ta saka tutu mai ruɓaɓɓe tana tsaye a kanta .,...,hau
2872197070_4e97c3ccfa.jpg,Karnuka mai fari ya tsallake cikin ruwan daji .,dog jumping into a swimming pool,hau
2882589788_cb0b407a8d.jpg,Wata mata mai farin ciki da ta yafa riga mai bulu tana farin ciki a gaban rukunin waɗanda suke cikin rukunin .,image,hau
2884420269_225d27f242.jpg,Matasa biyu suna tsaye a ƙafa guda da hannuwansu sun miƙa a kan titi .,men stretching,hau
2886533440_dfa832f2fa.jpg,Wani mutum da ya saka jaki na ɗan ƙanƙara yana tsaye a kan yashi da ke da ƙasa mai bulu .,man jumping in the sand,hau
2887614578_ed7ba21775.jpg,Karnuka biyu suna gudu a gonar ciyawa,dogs running in the field,hau
2899089320_3e7f6bbaca.jpg,Wata yarinya tana zaune a kan majami'ar jiki mai cike da baƙin ciki .,girl on monkey bars,hau
2904997007_23d4b94101.jpg,yaro yana tsallake daga gad da ke kan ƙaramin gad .,... and the next day he was jumping off the bunk bed,hau
2911658792_6a6ef07e3a.jpg,"Wani yaro a cikin ja, fari da kuma blue shirt skateboarding.",skater,hau
2911928620_06c3fa293e.jpg,Wani mai tuƙi a kan doki ya ɗauki hannu ɗaya a sama .,...,hau
2921430836_3b4d062238.jpg,Masu ƙwallo a tsakiyar wasan .,american football player,hau
2923475135_a6b6e13d26.jpg,Akwai doki da mai hawan da ke tsallake bisa wani ƙalubale .,horse jumping,hau
2925737498_57585a7ed9.jpg,Wani mutum da yake saka jaket na jeans yana murmushi,person in a black jacket,hau
2929272606_2a5923b38e.jpg,Wata yarinya tana nuna ruwa a bakin teku .,person points to the sea,hau
2929405404_1dff5ab847.jpg,Wani mai tuƙi na doki yana juyawa mai tsanani .,image,hau
2930514856_784f17064a.jpg,Masu teku biyu sun kama ruwan ruwa .,surfer,hau
2938316391_97382d14aa.jpg,Wata mata da ta saka ɗan ɗabi'a mai ɗauke da kameji a reshe,person,hau
2939007933_8a6ef2d073.jpg,Wani mai tuƙi na doki yana yin ƙarya sa'ad da yake cikin sama .,...,hau
2953861572_d654d9b6f2.jpg,Karnuka mai kauri yana gudu a cikin yashi .,dog,hau
295433203_8185c13e08.jpg,Babban karnuka yana buga da ƙaramin karnuka mai gũna .,dogs,hau
2956562716_5aa3f6ef38.jpg,Karnuka da yawa na irin dabam dabam suna wasa a cikin ƙafa .,dogs playing in the park,hau
2959737718_31203fddb5.jpg,Ƙungiyoyi biyu na ƙwallo sun yi gasa .,"football player , football player and football player",hau
2960033435_c20cc7399a.jpg,"Wata mace tana riƙe da sanda a sama, yayin da karnuka suke tsallake .",dog jumping in the air,hau
2966190737_ceb6eb4b53.jpg,Mutane biyu da suka sanye da fari sun bugi ƙwallo yayin da mutum na uku ya tafi .,"person , person , person",hau
2968216482_ede65b20a8.jpg,Mutane biyu da suke cikin doki na baƙar daji .,motorcyclists compete in the first heat .,hau
2975073156_7543ed326f.jpg,Yara biyu da suka saka ƙafar bulu suna faɗa a bayan mota mai fari da wasu yara biyu .,...,hau
2981702521_2459f2c1c4.jpg,"Taro suna jira a waje da jirgin ƙasa, a shirye su shiga .",metro,hau
2984704498_29b53df5df.jpg,Wata mata mai tufafi mai kyau da ta saka jaki mai fari tana riƙe da kwamfuta .,queen was the first to wear a dress,hau
2992614450_b5a6692239.jpg,"Wani a kan keken ƙasa , a sama, kusa da gini .",jump,hau
2993388841_6746140656.jpg,Wani ɗan wasan baskekal da ya saka ɗan ƙanƙara yana da ƙwallon yayin da wani ɗan baƙi ya yi ƙoƙarin hana shi .,basketball,hau
2998861375_02817e0147.jpg,Soja suna ɗaukan makamai .,women in the military,hau
300314926_0b2e4b64f5.jpg,Wani mai tafiya ya tsallake cikin sama .,surfer,hau
3005126574_49c28ffbee.jpg,Wani mutum mai baƙar jiki da gaɓo mai tsanani yana saka ƙafar ƙarfe da kuma tsayi mai fari .,man,hau
300539993_eede2d6695.jpg,Karnuka baƙi da baƙar ƙarfe suna ɗanɗana a kan sanda,dog,hau
300577375_26cc2773a1.jpg,Wani ɗan sanda yana tsaye kusa da mota a kan titi .,## ya daga cikin mafi maziyar da hausa,hau
3015368588_ef0a06076d.jpg,Wani mai wasan baseball yana gudu zuwa wurin da wani yake jira a ƙasa,baseball,hau
3015898903_70bebb8903.jpg,Mutum da ke da alama marar tsawo a bakinsa yana tsaye da mata biyu da suke sanye da baƙi .,person,hau
3018847610_0bf4d7e43d.jpg,Wani mai faɗa yana faɗa wa wani mai faɗa da yake kwance a cikin ƙarfe .,wrestling,hau
3025513877_1a6160070d.jpg,Yaron da ya saka ɗaurin rufi da kuma ƙafar ɗinki yana tafiya a cikin ƙananan kogin .,... and a little water play,hau
3041487045_b48ac7ed08.jpg,Karnuka mai tan da ke gudu,dog,hau
3044500219_778f9f2b71.jpg,Mata huɗu da suka saka tufafin yamma suna aikin hoton .,"person , person , person and actor",hau
3047264346_e24601bfbf.jpg,Mutumin da yake da masks din Wolverine yana tare da mace mai kunne na elf.,celebrities in costume,hau
3049649128_d83d847168.jpg,Yaro yana buga a cikin ganye .,... and the leaves are just right for this time of year .,hau
3054200086_657d4398e8.jpg,Wani mai wasan hoki na ace yana ɗaukan ƙwallon kamar yadda wani ɗan wasa da ke gāba yake kallon .,photo,hau
3058439373_9276a4702a.jpg,Taro na mutane suna tsaye da hankali a filin da ke da gini a ƙarƙashin .,a tour group,hau
3069937639_364fc11e99.jpg,Karnuka suna gudu a cikin gona .,dog running in the grass,hau
3074842262_62b1b2168c.jpg,Wani yaro yana ƙusurwa a cikin jarabar ganye .,person jumping over a pile of leaves,hau
3079341641_f65f6b0f8b.jpg,Yara biyu suna gudu a cikin ɗakin .,girls,hau
3081182021_22cfa18dd4.jpg,Wani mutum yana yin ƙarya na keke a kan hanyar katako .,skateboarder,hau
3081330705_7a1732e12c.jpg,Wani mutum yana tsaye a kan dutse da ke duba itace da kuma ruwan gona .,person on the summit,hau
3082934678_58534e9d2c.jpg,Karnuka mai tan yana gudu a kan hanya da karen fari yana gudu a kan ciyawa a kusa da shi .,dog,hau
3094064787_aed1666fc9.jpg,Karnuka biyu suna gudu a kan ciyawa .,dog,hau
3097196395_ec06075389.jpg,Karnuka biyu suna gudu a kan hanyar .,...,hau
3099264059_21653e2536.jpg,Wani mai tafiyar da ƙasa yana tsallake daga wani ginin da ke da tsawon ƙarfe .,skiing,hau
3101796900_59c15e0edc.jpg,Babban karnuka mai kauri da babban karnuka baƙi suna buga tare da ƙwallo .,dogs playing with a frisbee,hau
3108378861_d2214d971e.jpg,Wata mata tana tsaye kusa da wani namiji da ke zaune a kan dutse .,man,hau
3112635165_2d614d7c1a.jpg,Karen baƙi da fari yana da sanda a ƙafafunsa .,dog,hau
3113322995_13781860f2.jpg,Karnukan suna gudu a cikin ƙanƙara suna cire ƙara da mutum .,photo,hau
3116011063_f4071ccce6.jpg,Mai yin tekun da ya saka tufafin baƙi yana faɗuwa daga bangonsa cikin ruwa .,surfer,hau
3119875880_22f9129a1c.jpg,Yara suna buga a kan duwatsu .,... na rock climbing,hau
3119887391_212f379797.jpg,Wani namiji da mace suna dariya .,person and i,hau
3123463486_f5b36a3624.jpg,Karen da ke da kashi mai fari da baƙi yana gudu a kan wani wuri mai ƙarfe .,animal,hau
3126773489_7ae425af17.jpg,Mutane biyu suna wasa a lokacin wasan baskekal .,basketball team vs. basketball team,hau
3128856481_86e5df4160.jpg,Wani fari ya miƙa fukafukansa sa'ad da yake cikin ruwa .,image,hau
313326614_b2adbe59e0.jpg,Wani mutum da ya saka jaki marar rufi yana tsaye a kan matakan filin wasan .,... and the stairs are too long !,hau
3136404885_f4d8f1d15a.jpg,Mutane biyu suna tafiya bayan wani ɗaki na mota .,mural,hau
3143953179_1c08c023a5.jpg,Mutane da yawa suna kallon wasu suna yin ƙanƙara a ranar da aka yi dutse .,christmas tree,hau
3145869775_85dfae43bd.jpg,Wata mata da ta yi sanye da ƙaramin siki da sakata .,girl in winter,hau
3146937399_8c046b7b1a.jpg,Mutane biyu suna tafiya a cikin ruwa.,women walking on a frozen lake,hau
3150440350_b0f2a9e774.jpg,Wani mai jirgin ruwa yana duba mutumin da yake zaune a ƙasa yana kuka .,photos,hau
3164415865_612f9fd8bc.jpg,Yara biyar suna tafiya a kan hanyar da aka rufe da ƙanƙara .,image,hau
3166578139_33500f7e8a.jpg,Wani mai yin ski a kan tsawon duwatsu .,skiing,hau
3170551725_1276644eab.jpg,"Akwai biyu snowboarders, daya, wanda ya yi ado da fari, yana yin wani dabara.",snowboarder,hau
3170897628_3054087f8c.jpg,Yara biyu suna ƙwallo a cikin ƙasa mai laka,boys playing in a puddle,hau
3172369593_eb4d787ffb.jpg,Matar da ke da babban burin fararen tana kallon hotuna a wani ɗakin zana .,a woman looks at photographs in an exhibition,hau
3174713468_e22fa7779e.jpg,Wata mata tana riƙe da ƙwallo yayin da karnuka suke tsallake don ta .,... and a dog,hau
3186073578_6e115f45f5.jpg,Wani mutum yana nuna hoton .,man holding a poster of a woman,hau
3187117682_986ffd6b67.jpg,Karen yana ɗanɗana ƙanƙara daga hancinsa mai sanyi .,animal,hau
3187924573_203223e6c0.jpg,"An ɗauki ƙanƙara biyu a kan ruwa, tsuntsaye na gaba sun riƙe abubuwa a cikin ɗan hanci .",a seagull catching a fish,hau
3193511842_82549c21fb.jpg,Masu farin ciki da suka sa tufafi marar rufi da baƙi suna riƙe da masu farin ciki biyu a sama da kansu .,cheerleading,hau
3207343907_995f7ac1d2.jpg,Taro mai yawa na mutane suna yin ƙasa a waje .,skating,hau
3214885227_2be09e7cfb.jpg,Wani mutum yana tafiya a bakin kogi kusa da bakin teku .,man fishing on the river,hau
322050103_145f7233c6.jpg,Wani mutum yana ƙetare hanya kuma wasu suna tafiya,people cross the street in the new pedestrian bridge .,hau
3225310099_d8e419ba56.jpg,Jirgin ruwa da aka saka a kan ruwa .,video,hau
3235746553_a40416c00e.jpg,Karnuka suna gudu a bakin teku a gaban teku .,animal,hau
3244171699_ace4b5d999.jpg,Mutane uku suna zaune suna tattaunawa game da abincin da ake ci a wani manzani na ƙasar China .,person,hau
3247341210_5d1e50df23.jpg,Mutane da yawa suna kan hanyar igiya a waje .,competitors in the obstacle race,hau
3249014584_21dd9ddd9d.jpg,Wani mutum yana da katako kuma yana ƙera ƙanƙara .,ice sculptures,hau
3249597269_935e0a375a.jpg,Wani ƙanƙara ya tsallake cikin ƙanƙara .,squirrel,hau
3255732353_fbc487aefc.jpg,Mata biyu suna buga a cikin ƙanƙara kuma suna jefa ƙanƙara .,children playing in the snow,hau
3257107194_f235c8f7ab.jpg,Mutane biyu suna hau kan tayar sa'ad da suke zaune a cikin ruwan laka .,... na ba da ba,hau
3257182199_5fda78d870.jpg,Masu teku da yawa suna tsaye a cikin teku da tafiyarsu suna jira a kan ruwan ruwa .,surfers on the beach,hau
3258396041_69717247f7.jpg,Wani mutum mai sanye da jaki baƙi yana riƙe da makarufo zuwa fuskar wata yarinya .,interview,hau
3259002340_707ce96858.jpg,Karnuka baƙi da ke da ƙarfe mai furfura yana gudu .,dog,hau
3259883609_6a1b46919e.jpg,Karnuka suna kallon ƙanƙara a cikin ruwa .,dog and swan,hau
3260214530_7179346407.jpg,Wata mata da ƙaramin yarinya suna zaune a kan benci na katako kusa da ƙarfe na katako .,... and the bear,hau
3261493263_381a4c5cc7.jpg,Karnuka suna jawo mutum a kan ƙanƙara a cikin ƙanƙara .,...,hau
3262760716_1e9734f5ba.jpg,Wani mutum yana riƙe da jaririn da yake riƙe da lu'ulu'u.,dads,hau
326456451_effadbbe49.jpg,Wani kare mai launin fata a tsakiyar gudu ko tsalle.,dog,hau
3265864834_e0229020dd.jpg,Wani kare mai launin ruwan kasa yana girgiza kansa.,dog,hau
3270083123_fcc1208053.jpg,Mai ruwan ruwa da ya saka baƙar kafiya don iska .,"person , competes in the - yard butterfly on friday .",hau
3272002857_ace031f564.jpg,"Wata mata a kan doki , tana hawa a kan tekun .",horses,hau
327415627_6313d32a64.jpg,Karnuka biyu suna gudu a cikin ciyawa kusa da jikin ruwa .,doggy day care,hau
3275711232_e261143664.jpg,Wani mutum da ya saka tufafin sanyi ya rufe fuskarsa da sifar .,lady in a scarf,hau
3279524184_d5e2ffbaed.jpg,Karnuka biyu masu fari suna gudu a kan gona mai launi mai sauƙi kuma ɗaya yana da ɗan baƙi .,dog,hau
3291587911_81fc33300e.jpg,Karnuka suna cinye wani mutumin da ya saka tufafin kāriya a hannunsa .,shepherd dog,hau
3292277400_f95cdd13d1.jpg,Karnuka biyu masu launi-kashi suna kallon wani abu a ciyawa .,dog,hau
3293642024_e136b74a55.jpg,Wani mutum mai tafiya da jirgin ruwa yana tafiya bisa ruwan .,surfer doing an air,hau
3301859683_2d5e4b40a3.jpg,Wani mutum yana tafiya a kan tudun .,skiing,hau
3307978046_92fef4dfa9.jpg,Wasu mutane a cikin tufafi masu ja da kuma babura suna tafiya a kan dutsen a kan rollerblades.,skating,hau
3317145805_071b15debb.jpg,Wani baƙar ƙarfe da ke da igiya mai jinkiri a bakinsa.,poodle,hau
3329858093_0ec73f2190.jpg,Wata mata tana riƙe da jariri a cikin tagan jirgin ƙasa,a woman and a child on a train,hau
3330680118_4e541889c1.jpg,Yaro mai bulu yana zaune a kan ƙanƙara a cikin ƙanƙara .,person on a sledge,hau
3335885203_a3fe8e541f.jpg,Matasa da suka sa tufafi suna wasan ragbi .,rugby,hau
3339263085_6db9fd0981.jpg,Karnuka mai kauri yana tafiya cikin ruwa kuma yana tafiya zuwa dutse .,dog,hau
333973142_abcd151002.jpg,Karnuka mai kauri da baƙi yana ɗauke da sanda mai tsawo a bakinsa a wurin itace .,doggy,hau
3343900764_2a4c0405f9.jpg,Wani ɗan wasan baskekal yana ƙoƙarin ya ja - goranci ƙwallon kusa da ƙwallon .,basketball,hau
3349194268_0ee555c9a2.jpg,Matan Asiya biyu suna murmushi a gaban kwamfuta a filin furanni na huren .,girl in the yellow flower garden,hau
3350260112_fcb47ff6b2.jpg,Mutane da yawa suna wasa a cikin ruwa a bakin teku .,beach,hau
3354489242_dd529ffa1f.jpg,Mutane suna wasan hoki .,person,hau
3359530430_249f51972c.jpg,Mutane suna kallon mai yin snowboard yana yin ƙarya a sama .,female snowboarders,hau
3359563671_35b67898e7.jpg,Mutumin da ke tsalle a kan snowboard.,skiing,hau
3361210233_962d630ec5.jpg,Karnuka suna gudu a kan ƙanƙara suna ɗauke da babbar sanda a bakinsa .,collie,hau
3364258732_9942c557e5.jpg,Mutane da yawa suna sa hannu a aji na wasanni .,martial art,hau
3368207495_1e2dbd6d3f.jpg,Karnuka suna tsallake cikin sama sa'ad da suke biɗan ƙwallon teni .,dog,hau
3373946160_1c82d54442.jpg,Karnuka mai kauri da baƙi yana ɗaukan fuskarsa a ciyawa .,dog,hau
3381584882_341ee3092f.jpg,Wani mai yin snowboard a sama kusa da ƙarfe mai jinkiri .,snowboarder,hau
3382105769_b1a4e4c60d.jpg,Karnuka da ke da sanduna a bakinsa yana gudu a cikin duwatsu a cikin ruwa mai ƙaramin .,person trying to get away,hau
3387630781_f421a94d9d.jpg,Yaro da ya saka ƙafar baseball yana tafiya a cikin ƙarfe .,baby,hau
3392019836_c7aeebca1c.jpg,Mutane biyu suna tsaye a gaban waje a bikin karnibali .,the wheel of fortune,hau
3394750987_a32ecc477e.jpg,Wani yaro a kan jirgin ƙasa yana ƙasa da ƙarfe .,skateboard,hau
3401548798_3a93f2caa5.jpg,Ƙaramin yaro a kan ƙanƙara mai cike da tsira ya hau kan tudun ƙanƙara yayin da rana take faɗuwa .,## of the best things to do in winter,hau
3404408360_430f73b034.jpg,Tsofaffi da yara suna tsaye a waje .,photo by person,hau
3404870997_7b0cd755de.jpg,Mutane suna kallon wani yaro a kan wani skateboard a saman wani skate ramp.,crowd at the skate park,hau
3407317539_68765a3375.jpg,Karnuka baƙi da fari suna gudu a cikin gona da ke da dutse .,person in the snow,hau
3408130183_f038bdaa4f.jpg,Karnuka mai kauri da baƙi suna gudu .,dog,hau
3413669228_ec64efeb34.jpg,"Wannan yarinya mai farari tana saka kifi na azurfa, ƙafafun gwiwo, da rollerblades .",...,hau
3413806271_17b7e102aa.jpg,"Mutane biyu suna tafiya daga jirgin ruwa mai fari da baƙi da ke da bulu, sama mai girgije a bayansu .",paraglider,hau
3413973568_6630e5cdac.jpg,"Wani mutum yana hawan ruwa a kan takarda guda, yana riƙe da wani taimako da hannu ɗaya.",...,hau
3417143124_6feb8290cc.jpg,Wata mata da ta saka tufafin da ke tsaye a kan tafiyar da ke kusa da karnuka mai fari,a woman and her greyhound,hau
3417662443_2eaea88977.jpg,Mutumin yana sanye da rigar Spiderman.,the art of hiding,hau
3427301653_4ff0d6fd93.jpg,Mutumin da ke sauraron mp3 player zaune a kan hanya.,man sitting on the street,hau
3430526230_234b3550f6.jpg,Karnuka biyu suna gudu zuwa ruwa .,dog running in the grass,hau
3431487300_0123195f9b.jpg,Wani namiji da mata biyu a kan doki guda .,women on a motorbike,hau
3435233065_3411f2d29d.jpg,Wani yaro ya yi tsalle a kan kekensa a cikin idanun,man on a bike in the woods,hau
3436074878_21515a6706.jpg,Karnuka yana ƙoƙarin ya cinye mutumin da yake koyar da shi,dog training,hau
3437107047_715c60e9c8.jpg,Mata biyu masu murmushi da suke sanye da kashi mai kauri .,girl,hau
3439128755_84409b8823.jpg,Karnuka da ke sanye da ƙafar rufi mai fari a bakinsa da karnuka a cikin ƙafar huren .,doggy day out,hau
3439414478_8038ba9409.jpg,Karnuka mai kauri yana tsallake cikin sama,dog breed,hau
3439560988_f001f96fc9.jpg,Wani karnuka mai baƙar fata yana gudu a cikin gona,puppy running,hau
3441531010_8eebbb507e.jpg,Akwai karnuka mai fari da ke gudu a cikin ruwa .,dog,hau
3442272060_f9155194c2.jpg,Karnuka biyu suna wasa da juna a waje .,doggy play time,hau
3446191973_1db572ed8a.jpg,Mutane da yawa suna tsaye da tukwane na ruwa.,women waiting for the ferry,hau
3446347599_0ecc49a9d5.jpg,Mutane biyu suna kallon dutsen kusa da tekun .,bayyana,hau
3467219837_7d62213dec.jpg,Karnuka biyar suna tsere .,greyhounds in a race,hau
3485425825_c2f3446e73.jpg,Wata yarinya tana tsaye a bayan keken wani mutum yayin da mutumin yake sayarwa gaba .,girl on a bike,hau
3486340101_ff01d8f3f9.jpg,Wani mota mai bulu mai suna Ƙasar Amirka da ke juyawa da masu kallon .,athlete in action,hau
3490528249_6aae9b867b.jpg,Motoci biyu suna gudu da sauri a kan hanya da ƙoshin ruwa ya zo daga bayansu .,photos,hau
3499720588_c32590108e.jpg,Wani mutum mai duhu yana buga ƙara a kan titi .,man walking on the street,hau
3500342526_393c739e2f.jpg,Wani baƙar ƙarfe yana buga da wani karnuka a wani gona .,dog running in a park,hau
3512033861_a357bb58b6.jpg,Babban rukunin mutane suna tsaye tare a waje .,... ...,hau
3517056462_483ee5a914.jpg,Wata mata mai wasan ƙwallo tana jefa ƙwallon .,person pitches in the first inning .,hau
351876121_c7c0221928.jpg,Cats suna barci a kusa da karnuka.,cat and dog,hau
3524975665_7bec41578b.jpg,"Wata mata da take sanye da kafiya mai kauri , lu'ulu'u na rana , jinki, sakata mai fari da kuma ƙafar huren da ke tsaye a kan tafiyar tafiyar .",a woman in a yellow coat,hau
3532200762_b28c39d311.jpg,Wata mata tana gudu a bakin teku .,running on the beach,hau
3532782283_341f0381a3.jpg,Mutane uku suna kallon duwatsu.,... and the mountains are alive with the sound of the rain,hau
3534668485_6887629ff0.jpg,"Mata biyu suna magana a cikin cellphones , da takardun bayani bayansu .",women talk on their mobile phones,hau
3541474181_489f19fae7.jpg,Wani mai yin snowboard yana cikin sama .,snowboarding,hau
3549614763_42f34f3d1e.jpg,Akwai mata biyu da suke zaune a kan tebur suna karanta abinci yayin da mai ɗan ziyara yake tsaye a kan tebur .,how to order food in a restaurant,hau
3549673305_4dfd44e04a.jpg,Mutum yana sumba da wuya ta mace a kan tafiyar tafiya mai yawa .,...,hau
3555573680_41c1540a86.jpg,Wani mutum yana tsallake a kan tafiyar da ke cikin ruwa .,"person , takes a leap",hau
3561543598_3c1b572f9b.jpg,Maza da suka sa tufafi suna sa hannu a wani bikin da ke da tuta .,"person , person , person , person , person , person , person , person , person , person , person , person , person , person , person , person , person , person , person , person , person , person , person , person , person , person , person , person , person , person , person , person , person , person , person , person , person , person , person , person , person , person , person , person , person , person , person , person , person , person ,",hau
3564385317_1bf5094068.jpg,Wani mutum yana rawa a kan dutse mai tsawo kusa da wuraren da aka saka itace .,person on a rock,hau
3564543247_05cdbc31cf.jpg,Yara biyu suna tsallake cikin ruwan daji .,kids jumping into a pool,hau
3564738125_10400f69c0.jpg,Mutane biyu suna tafiya a gefen dutse mai ƙanƙara .,snowboarding,hau
3568197730_a071d7595b.jpg,Wani mutum da ya saka tufafin bulu yana ɗaukan takobi a sama .,dancer in traditional costume,hau
3569284680_44fef444ef.jpg,Yara biyu suna hau matakala,kids going to the beach,hau
3571039224_b34fa2f94c.jpg,Karnuka baƙi da ke da launi mai jinkiri ya ɗaure kansa a cikin ruwa .,dog,hau
3576536763_3c8c4f232e.jpg,Wata yarinya da ta yi sanye da ruɓaɓɓen ruwa tana gudu daga teku zuwa teku .,...,hau
3579686259_b1fe6aefc9.jpg,Sheltie mai laushi tana tafiya a kan hanya .,dog,hau
3580741947_cc64a83648.jpg,Mata uku da suke kasuwanci suna tafiya a kan ƙafa .,## -,hau
3586239953_da4fb3f775.jpg,Mutane biyu suna tafiya a kan tudun ciyawa,photo,hau
3595992258_6f192e6ae7.jpg,Karnuka mai kauri yana gudu .,dog,hau
3596459539_a47aa80612.jpg,Mutum yana hawan doki sa'ad da wasu suke kallon .,motogp : ## of the best moments in the history of the sport,hau
3610189629_f46de92ab3.jpg,Babban karnuka yana duba ƙaramin karnuka wanda yake ɗanɗana igiya mai bulu .,dog,hau
3613667665_1881c689ea.jpg,Karnuka baƙi biyu suna gudu a cikin teku .,dog,hau
3621329299_6fb3f2935c.jpg,Mutum yana cikin sama a kan keke kusa da jikin ruwa .,"person , a member of the team , performs a jump",hau
3630991662_990f397f7c.jpg,Mata tana wucewa a kan tekun da rana ta faɗi .,fitness,hau
3636796219_9916c0465a.jpg,Maza suna wasan baseball .,"person , throws to first base to get person out .",hau
3638459638_ec74e3ff89.jpg,Ruwan ruwa a teku ya faɗi bisa wata mace .,... na mafiyanin,hau
3639547922_0b00fed5cd.jpg,Ƙaramin yarinya tana ƙasa cikin silindi mai furfura .,slide,hau
3643074723_94d42b7a0c.jpg,"yaro yana kwance a kan ciki, a kan juyawa",swinging,hau
3643684044_a131168127.jpg,' Yan alƙalai huɗu suna zaune a kan tebur da tsakiyar hagu ɗaya take magana .,man talking at a table,hau
3643684616_9d2be87a5a.jpg,Wata mata tana magana da makarufo kuma wata tana rubuta .,woman speaking into a microphone,hau
3650986674_3e101c606b.jpg,Karnuka biyu suna gudu a kan tekun,doggy beach,hau
3654869593_c8599a8e20.jpg,Yara uku suna wasa da ƙwallo kusa da taru na ƙwallo a bakin teku .,beach volleyball,hau
3655074079_7df3812bc5.jpg,Wata mata aure tana sanye da fushi a kan keke .,...,hau
3656030945_fa003bd696.jpg,' Yan karnuka uku suna cikin wanki da ake yawan ruwa daga kan ɗakin wanka .,image result for bathing a dog,hau
3656906086_7034f69ab6.jpg,Karnuka ya cinye wuyan wani karnuka.,dog fighting,hau
3657209354_cde9bbd2c5.jpg,Wani mai tafiya yana tsaye a kan dutse a kan duwatsu.,person relaxing on a mountain,hau
3660361818_e05367693f.jpg,Wani yana tafiya a kan matakala da aka kewaye da gini .,skater in the city,hau
3666188047_e81e1d97a7.jpg,Yaro yana hawan na'urar wasa .,video games,hau
3667404919_b273df57e4.jpg,"Mai hawan 9 , yana hawan ƙasa a kan hanyar daji .",## -,hau
3677302645_8cd3fac70d.jpg,Wani mai fara'a yana nuna wani abu a gaban jama'a da yawa .,a man dancing in the crowd,hau
3682277595_55f8b16975.jpg,Karen da aka gan shi yana tafiya a cikin ruwa mai ƙaramin ruwa .,dog walking on the beach,hau
3690431163_1d81e19549.jpg,Wata mace ' yar ' yan sanda tana tsaye kusa da wani mutum da ta yi sanye da lu'ulu'u marar tsawo .,a police officer walks past a zombie .,hau
3702607829_2b8b3e65ab.jpg,Mata biyu suna zaune a kan benci,people,hau
3703107969_175da4b276.jpg,Wani mutum yana yin ƙarya a kan keke na 9,tricks,hau
3703413486_3c682732a0.jpg,Yara biyu suna kwance a tagan RV mai fari da macijinsu mai cika .,person and i in our rv,hau
3705430840_e108de78bf.jpg,Wani mutum da ya saka ƙafar bulu yana hawan keke guda a kan titi .,man on a unicycle,hau
3718964174_cb2dc1615e.jpg,Wata mata da ta yi sanye da sifar bulu da ke kewaye da kanta .,photo,hau
3724759125_2dc0e1f4a3.jpg,Yaro yana hawan doki a filin wasa .,a boy plays at a playground,hau
3741827382_71e93298d0.jpg,Wani yaro da ya saka ƙafar fari a sama da wani abu mai bulu .,stock photo,hau
380041023_0dfd712ef1.jpg,Karnuka mai kauri yana gudu .,dog running in the woods,hau
380515798_c2abbf46b0.jpg,"Kasuwa a kan titi da ke cike da tantini masu fari , masu tafiya , da masu sayarwa .",farmers market,hau
381052465_722e00807b.jpg,Mutane suna fitar da wuta .,##th firefighter injured in fire,hau
382090166_be2c2c63e1.jpg,Wani fararen ƙanƙara da kuma baƙar ƙarfe biyu suna buga a ciyawa .,dog,hau
387078972_514a38dc33.jpg,Karnuka mai fari yana tafiya kusa da wani gini a cikin ƙanƙara .,dog,hau
387830531_e89c192b92.jpg,Karnuka biyu suna buga da juna .,dogs,hau
389643437_9a9830a3ba.jpg,Mata biyu da suke da kafi na baseball suna cin abinci a waje .,... and the girls enjoying some watermelon !,hau
397982550_cf9f5cdb74.jpg,Wani mutum mai sanye da ƙafar fari yana duba dama a kan hanyar da ke da dutse .,man waiting for the bus,hau
411175971_0fffd3b8c6.jpg,Karnuka suna buga a cikin ruwa a reshe .,dog in the mist,hau
427557693_1108566fd2.jpg,Mutane biyu suna tafiya a kan titi da itace da yawa da ke kewaye da kuma ƙanƙara a ƙasa .,sun setting on a cold winter day,hau
430803349_a66c91f64e.jpg,Karen baƙi yana cikin ruwa da wani abu mai fari a bakinsa .,dog - dog training,hau
441398149_297146e38d.jpg,Wata mata da ta saka tufafin rufe tana tafiya kusa da alamun titi da yawa .,"personally , i love the fact that there are street signs everywhere",hau
442220883_ff3d6e507f.jpg,Karen yana riƙe da ƙwaƙwalwa a bakinsa .,dog 's nose,hau
450596617_ed37ec0fe4.jpg,Mutane biyu suna tafiya a bakin teku .,## of the best places to go,hau
468608014_09fd20eb9b.jpg,Karnuka suna buga da karnuka yayin da wani yake ƙoƙarin cire shi daga bakinsa .,dog,hau
471402959_0b187560df.jpg,Wata mata da ta yi sanye da tufafin ƙanƙara tana zaune da hannunta a fuskarta .,woman crying,hau
483039719_75181b2726.jpg,Matashi da ya saka ɗan ɗabi'a tare da wasu matasa a gefe .,man in the street,hau
488356951_b3b77ad832.jpg,"Mutane uku, ɗaya a cikin ƙafar fari da fari, suna zaune tare.",man in red shirt,hau
495054019_3dee8a02f5.jpg,Wani koci mai gũna mai fari yana tsaye a gaban rukunin yara na makarantar sakandare da suke gudu a gabansa .,person,hau
498957941_f0eda42787.jpg,Ƙaramin yaro yana gudu da sauri .,kid running,hau
502671104_b2114246c7.jpg,Wata yarinya da ta saka tufafin wanka marar tsawo tana cikin ruwan daji .,a girl in a pool,hau
506478284_7cf8bdbe36.jpg,"Matasa ma'aurata suna nuna wa kwamfuta sanye da kayan aiki, tsofaffi maza da mata a gefe .",photos,hau
510510783_b2cf5d57bb.jpg,Yarinya tana kwance a ƙasa daga ɗan,girl on a swing,hau
523249012_a0a25f487e.jpg,Wani mutum yana zaune a kan dutse kusa da kujerun da ke rufe da kuma ɗakin kifi .,fishing,hau
524105255_b346f288be.jpg,Mata mai farat da ke duba yanayin Seattle Space Needle .,bayan,hau
525863257_053333e612.jpg,Mutumin yana kifi a gefen ruwa.,fishing,hau
531055369_936fd76a63.jpg,Wata babbar mace da take ɗauke da kwalo tana tsaye a waje a wani kasuwa .,woman with a baby in a stroller,hau
537230454_1f09199476.jpg,"Wani yaro yana tsaye a kan gona da hannuwansa suna ɗaukaka, wasu kuma suna tsaye a bayansa.",play,hau
544122267_e9e0100bc5.jpg,Wata yarinya tana wasa a kan swing.,young girl on a swing,hau
561940436_64d6fc125d.jpg,Tsofaffi namiji da mace suna zaune a kan benci na siment da baƙin ciki a fuskarsu .,beer and a snack,hau
566794036_60f7acdf35.jpg,Mutum da ya saka ƙafar baƙin ciki yana tafiya da ƙwallon basiga .,basketball court,hau
578644583_da3ff18dd1.jpg,Yaro yana tsallake cikin ruwan kogin .,boy jumping into a pool,hau
58368365_03ed3e5bdf.jpg,Wani mutum yana tsaye a kan dutse ko dutse yana kallon faɗuwar rana .,man,hau
607339469_af851c4119.jpg,Ƙaramin yarinya tana ciyar da kakata .,a little girl feeding a duck,hau
633456174_b768c1d6cd.jpg,Wani yaro da ya saka tufafin duhu kusa da ruwan marar ruwa .,water fountain,hau
635444010_bd81c89ab7.jpg,Wata mata da ke da ƙanƙara mai rufi tana tafiya a kan tafiyar .,woman walking down the street,hau
661749711_6f408dad62.jpg,Karnuka suna tsallake don su kama ƙwallon baƙin ciki a waje .,dog,hau
673806038_0a3682a83f.jpg,Yara da yawa suna gudu kuma suna wasa a cikin mai yawan ruwan .,photo,hau
693450725_8ad72389e6.jpg,Karnuka a cikin ciyawa a gaban wani gini .,dog,hau
693785581_68bec8312a.jpg,Wani yaro yana juyawa sa'ad da wani yaro yake tsaye a kan Matt .,kids on a trampoline,hau
743571049_68080e8751.jpg,Wani yaro yana juyawa da haske a sama .,sparklers,hau
788126442_086334f0cf.jpg,Wata ƙaramin yarinya a cikin kujera mai tsawo tana da abinci a ƙarƙashin fuskarta da kuma laifinta a bakinta .,baby,hau
835415474_7b7f2a9768.jpg,Ƙaramin yaro yana tafiya a ƙasa daga bakin wani mutum mai girma.,mother,hau
852469220_bc0fee3623.jpg,Karnuka suna ruwa a cikin ruwa .,dog,hau
86412576_c53392ef80.jpg,Mutane biyu da suke ɗauke da akwatin launi da kuma rufi suna tafiya kusa da wani gini .,a man and woman carry their goods along the beach,hau
870710405_51e507b31a.jpg,Wata mata da ta yi sanye da jaki mai ruɓaɓɓen TinkerBell ta juya a kan ƙarfe .,tinkerbell jacket,hau
90011335_cfdf9674c2.jpg,"Wani jirgi yana kan ruwa, tare da duwatsu a gefen.",a boat in the bay,hau
905355838_3a43fdfd4e.jpg,Wani mai wasan baseball yana tsaye yana fuskantar jama'a .,baseball,hau
944788251_a0bcd4b960.jpg,Wani yaro da babbar karnuka suna tsaye a kan jirgin ruwa suna kallon wani karnuka yana ruwa .,a boy and his dog,hau
977856234_0d9caee7b2.jpg,Karnuka mai kauri da ya saka ƙafar rufi mai rufi yana gudu a cikin gona .,dog,hau
1007320043_627395c3d8.jpg,Nwatakịrị ahụ na-arịgo n'ụdọ na-acha uhie uhie n'ebe a na-egwu egwuregwu .,a girl in a playground,ibo
1012212859_01547e3f17.jpg,"A nkịta shakes isi ya nso n'ikpere mmiri, a red bọl n'akụkụ ya.",dog playing with a ball,ibo
1020651753_06077ec457.jpg,Nkịta na-awụlikwa elu iji jide bọl n'ọhịa .,dog jumping for a ball,ibo
1022975728_75515238d8.jpg,Nke a bụ nkịta ojii splashing na mmiri.,dog in the water,ibo
107318069_e9f2ef32de.jpg,Ìgwè mmadụ na-ekiri balloons ikuku n'abalị .,hot air balloons light up the night sky,ibo
1075716537_62105738b4.jpg,Otu nwa okorobịa nọ n'okpu agha na-agba ịnyịnya ígwè n'okporo ụzọ .,person in the race,ibo
1095476286_87d4f8664e.jpg,Otu nwata nwoke na-awụlikwa elu n'isi iyi .,a child playing in a fountain,ibo
1132772170_600610c5df.jpg,Nwatakịrị na-awụlikwa elu n'àkwà ka nwoke na-ele anya n'ụzọ ọzọ.,jumping on the bed,ibo
114051287_dd85625a04.jpg,Otu nwata nwoke yi uwe bọl ma jide akpụkpọ ụkwụ ya na-esi n'ụgbọala pụta .,person getting ready for a soccer game,ibo
1236951314_0308dc4138.jpg,Otu nwa okorobịa na-awụlikwa elu n'ọdọ mmiri n'ebe nwoke nwere ntutu isi nọ na mmiri.,boy jumping from a diving board,ibo
1245022983_fb329886dd.jpg,Nwatakịrị nwanyị na-agba egwú pink na aka ya n'úkwù ya .,girl dancing,ibo
1262583859_653f1469a9.jpg,Otu nwoke na-agba ịnyịnya ígwè na-eyi uwe elu na-acha akwụkwọ ndụ akwụkwọ ndụ nke nwere ihe ọṅụṅụ n'aka ya .,person on a bike,ibo
1286408831_05282582ed.jpg,Nwa okorobịa nwere ire ya rapaara na-arịgo n'elu ikpo okwu osisi .,a boy in a playground,ibo
130211457_be3f6b335d.jpg,Otu nwoke nwere ogwe aka ya gburugburu ụmụ nwanyị abụọ na-ese foto na ya .,person with the girls,ibo
1312227131_771b5ed201.jpg,Sled nkịta trekking site snow nso a ọhịa .,a winter day,ibo
1329832826_432538d331.jpg,Ndị mmadụ na-echere ịgafe n'okporo ámá n'ihu ụlọ ahịa ọgwụ na akara ọkụ .,the intersection of streets,ibo
1332722096_1e3de8ae70.jpg,Ụmụ agbọghọ abụọ yi akpụkpọ ụkwụ akwụkwọ ndụ akwụkwọ ndụ na-agafe n'obodo ukwu mgbe otu agadi nwanyị yi akpụkpọ ụkwụ ojii na-eso ha .,girls in the green boots,ibo
1332823164_c70a5d930e.jpg,Nwa agbọghọ na-eguzo n'oké osimiri,person playing in the waves,ibo
1354318519_2f9baed754.jpg,Nwatakịrị na-achị ọchị na ntụgharị uche ya n'enyo .,baby looking in the mirror,ibo
136552115_6dc3e7231c.jpg,A helmeted nwoke na-awụlikwa elu si a nkume na a ugwu bike .,person in the first jump,ibo
136644885_f7d2bbf546.jpg,Nwanyị na-agafe àkwà mmiri eriri n'osisi na ndị ọzọ na-echere n'otu njedebe .,person climbing in the trees,ibo
1387443857_602ab6f9bf.jpg,Otu agadi nwoke nọ ọdụ.,fishing on the quay,ibo
1389264266_8170bc1c54.jpg,Ụmụ agbọghọ abụọ na-eyi uwe goth .,punk girl in pink and black,ibo
1396064003_3fd949c9dd.jpg,Otu onye na-agbanye n'elu bọọdụ mmiri .,sport is a way of life,ibo
1420060118_aed262d606.jpg,Ninja na-eto eto na-awụlikwa elu n'ikuku.,ninja jumping in the air,ibo
1425013325_bff69bc9da.jpg,Nkịta abụọ na-egwuri egwu na mmiri n'ụsọ oké osimiri,dog on the beach,ibo
1426014905_da60d72957.jpg,Otu nwoke guzo ma gụọ ihe site na railing na-ele anya n'obodo .,a man standing on a balcony,ibo
1428578577_82864facae.jpg,Mmadụ abụọ guzo n' akụkụ otu ugwu nke snow na - atụbeghị anya.,person and i on the summit,ibo
1473618073_7db56a5237.jpg,Nwa nwoke na-acha akwụkwọ ndụ akwụkwọ ndụ plastic swing .,swing in the shape of a penis,ibo
1474474514_b3eb492722.jpg,Nwatakịrị nwoke yi uwe elu na-acha anụnụ anụnụ na-egwuri egwu gburugburu nnukwu taya .,person in the tires,ibo
1479028910_3dab3448c8.jpg,A skateboarder jumps ọzọ skateboard .,skateboarder doing a ### on a bench,ibo
1527297882_dededc7891.jpg,Otu nwoke yi uwe dị ka Jack Sparrow si Pirates nke Caribbean,person dressed as a pirate,ibo
1680126311_b92a2e8e72.jpg,Nwa nwoke na-akụ bọl bọl na obi ya .,football,ibo
17273391_55cfc7d3d4.jpg,Otu nwoke na-azụ azụ n'okpuru nnukwu osisi.,man standing by a lake,ibo
1813777902_07d1d4b00c.jpg,Nwa nwoke yi uwe dị ka onye pirate na-amụmụ ọnụ ọchị largley .,"person , a first - grade student , was all smiles as he ran in the race .",ibo
186348874_75b2cf1ec5.jpg,A ìgwè nke bicyclists na-agba ịnyịnya ala a ụzọ na ihe anya okporo ụzọ agbụrụ .,riders on a dirt road,ibo
189740668_0b045f1ff2.jpg,Otu nwoke na-arịgo n'elu ihe owuwu dị nkpoda .,rock climbing in the mountains,ibo
1923476156_e20976b32d.jpg,Onye nọ n'ịnyịnya ígwè nwere nkịta na-acha ọcha na leash .,dog walking,ibo
1936215201_d03a75cbba.jpg,Nwa okorobịa na-egwuri egwu na bọọlụ na-acha anụnụ anụnụ guzo n'akụkụ ụzọ,ball for the first time,ibo
1947351225_288d788983.jpg,E nwere ìgwè ụmụaka na-enweta foto ha na onyinye .,a boy holding a toy,ibo
2046222127_a6f300e202.jpg,Otu nwoke nọ na vest na-acha neon na-ejide akụkụ nke osisi,person carrying a board,ibo
2073964624_52da3a0fc4.jpg,Nwanyị nwere iko na okpu pink na-agba ịnyịnya ígwè ya .,a woman riding a bike,ibo
2079152458_40712c3b40.jpg,Nkịta nwere bọọlụ tennis n'ọnụ ya.,dog with a tennis ball,ibo
2087317114_cf06df5aa5.jpg,Otu nwoke nọ n'obere kayak na-ese n'elu osimiri ahụ.,person in a kayak,ibo
2088532947_c628e44c4a.jpg,Ụmụ agbọghọ abụọ ahụ dina n'elu ahịhịa ọnụ .,file girls playing in the grass jpg,ibo
2101128963_fdf8b2a0d7.jpg,Onye na-egwu egwuregwu baseball guzo n'elu ugwu .,pitcher throws a pitch,ibo
2125454445_5c5c4bf906.jpg,Obere nkịta ojii na nke na-acha ọcha na leash na-eyi uwe elu na-ebu nnukwu osisi .,dog with a stick,ibo
2129430111_338a94f8fb.jpg,A hiker na a azu paaki na-eje ije na a snow-kpuchie ugwu na ndabere .,person with a backpack,ibo
2130851544_d36f4f2ea6.jpg,Nwa nwoke na-ejide icicle na-eme ka à ga-asị na ọ bụ egbe .,person eating a leaf,ibo
2133650765_fc6e5f295e.jpg,Nwa okorobịa na-awụlikwa elu n'ime ọdọ mmiri .,person jumping into the pool,ibo
2135360514_7dcb9ed796.jpg,Nwatakịrị na-eyi okpu Santa .,baby dressed as film character,ibo
2136455112_202c093ba4.jpg,Okenye na-enyere nwa ice skate ọnụ na a ọchịchịrị rink .,person trying to keep their balance,ibo
2136514643_93d8f75a77.jpg,Nwa agbọghọ na-amụmụ ọnụ ọchị na-eje ije na nwa agbọghọ na-egbu egbu na ekwentị .,girl talking on the phone,ibo
2140747429_62cfd89ae9.jpg,Nwatakịrị nwoke na-atụba snow gburugburu n'èzí .,"person , plays in the snow .",ibo
214543992_ce6c0d9f9b.jpg,Nkịta ojii na nke na-acha ọcha na-awụlikwa elu ka a na-atụba bọl n'elu isi ya .,dog playing with a ball,ibo
2148695079_9ae6a9b1c7.jpg,Nkịta abụọ na-acha ọcha na-eje ije na snow.,animal in the snow,ibo
2159447283_fab8c272b0.jpg,Nwa agbọghọ na-eto eto na uwe Spider-Man na-agba ịnyịnya egwuregwu .,person in costume,ibo
2169951750_495820a215.jpg,Nkịta greyish na-agba ọsọ na snow.,person running in the snow,ibo
2178064851_bb39652d28.jpg,Nwatakịrị ahụ nwere olu ma nọ na mmiri.,a girl in the sea,ibo
2178095150_436b035741.jpg,Nkịta greyhound na-agba ọsọ n'okporo ụzọ unyi na ụlọ ndị dị nso .,greyhounds racing at the track,ibo
2196284168_76417efbec.jpg,Nwa ahụ na-ejide ogwe aka mmadụ .,baby 's first meal,ibo
2196316998_3b2d63f01f.jpg,Otu nwoke jidere njedebe nke otu set nke bagpipes mgbe nwoke ọzọ na-egwu egwu .,bagpipes at the ceremony,ibo
2205336881_d9ee4179d3.jpg,Nwatakịrị nwanyị nọ na pajamas pink na-agbalị ịrụ ọrụ igwefoto .,daughter trying out the new camera,ibo
2258951972_92763fddab.jpg,Nkịta abụọ na-acha akwụkwọ ndụ akwụkwọ ndụ na-agba ọsọ na ahịhịa ndụ akwụkwọ ndụ.,dogs running in a field,ibo
2268109835_d6edbe1c2b.jpg,Otu onye na-eji ụgbụ ogologo oge iji jide ihe n'ikuku.,birds in the sky,ibo
2276499757_b44dc6f8ce.jpg,Nnukwu nkịta aja aja na-ele obere nkịta ojii na ahịhịa toro ogologo.,person and dog sniffing each other,ibo
2277081067_d2b4c98bce.jpg,Ụmụ agbọghọ abụọ nọ n' osimiri na- egwu egwu n' oké osimiri.,"person , person , person , person , person , person , person , person , person , person , person , person , person , person , person , person , person , person , person , person , person , person , person , person , person , person , person , person , person , person , person , person , person , person , person , person , person , person , person , person , person , person , person , person , person , person , person , person , person , person ,",ibo
228949397_9e63bfa775.jpg,A nwa ewu slides ala a odo slide n'ime a igwu mmiri .,slide at the pool,ibo
2298077331_f9a1488067.jpg,Nkịta abụọ na-agba ọsọ n'ụzọ unyi n'ọhịa ahịhịa.,dog running in the park,ibo
2305437797_e6c3460190.jpg,Nkịta na-egwu mmiri na mkpara n'ọnụ ya.,dog in the water,ibo
2307118114_c258e3a47e.jpg,E nwere nwoke nwere uwe ojii na okpu ojii na-amụmụ ọnụ ọchị .,"person , a graduate of the program , shows off his award .",ibo
2310108346_e82d209ccd.jpg,"Onye nọ na sweta na-anọdụ n'elu osisi, na-ele anya na mmiri.",woman sitting on a log,ibo
2313230479_13f87c6bf3.jpg,Nkịta na-acha aja aja na nkịta na-acha ọcha na oji na-agba ọsọ na ahịhịa.,dog in the field,ibo
2314732154_83bc7f7314.jpg,Nkịta na-acha aja aja na-ahụ nkịta ojii dina n'ime ahịhịa akọrọ.,dogs in the field,ibo
2324917982_f3db8c11e9.jpg,A toddler na a-acha anụnụ anụnụ onesie na-egwuri egwu na a pointy ojii ụgbọ ala egwuregwu .,person and his car,ibo
2340919359_f56787d307.jpg,Otu nwoke guzo n'elu nkịta aja aja na oji na ahịhịa.,dog training with a police dog,ibo
2351479551_e8820a1ff3.jpg,Nwoke nwere uwe elu na-acha anụnụ anụnụ na-agbanye n'ikuku .,a boy jumps from a wall,ibo
2364774105_fbaf0c191f.jpg,Nwa agbọghọ na-agba ọsọ n'ụzọ ọzara .,person running on the trail,ibo
2374570771_c395fc224a.jpg,Nkịta na-agba ọsọ site na mmiri.,dog in water,ibo
2378149488_648e5deeac.jpg,Nwatakịrị na-eyi okpueze akwụkwọ na-anọdụ n'ụgbọala ịzụ ahịa .,king in a shopping cart,ibo
2399114095_c3196ff456.jpg,Nkịta abụọ na-alụ ọgụ na snow.,dogs fighting in the snow,ibo
2405978603_6221b0c2e7.jpg,Nkịta na-acha aja aja na nke na-acha ọcha na-agba ọsọ n'ime mmiri,dog jumping in the water,ibo
241347700_ef2451d256.jpg,A nwoke na-acha uhie uhie na-ewe cellphone foto na a football egwuregwu .,person taking a photo of a football team,ibo
2415265825_fbfe0c8556.jpg,Nkịta ojii dị mmiri na-eje ije n'ájá .,dog running on the beach,ibo
2417745327_a2c2705043.jpg,Nkịta na-acha aja aja na-agba ọsọ site na mmiri dị n'oké osimiri.,dog running in the ocean,ibo
244368383_e90b6b2f20.jpg,Nnukwu ìgwè mmadụ.,people watching a fireworks show,ibo
2446601467_a35841cb1d.jpg,Nwa ọhụrụ na-peeking n'elu a-acha anụnụ anụnụ playpen .,baby in a cot,ibo
2451114871_8617ae2f16.jpg,Nkịta na-agba ọsọ na a nkịta racetrack .,greyhounds racing in a race,ibo
2453891449_fedb277908.jpg,Nkịta na-acha ọcha na-eso nkịta ojii site na mpaghara ahịhịa.,dog chasing another dog,ibo
2457052334_b5a1d99048.jpg,Mmadụ na-enyere onye ọzọ aka iru n'elu nkume ha na-arịgo.,rock climber,ibo
2458033289_f0616879df.jpg,Otu nwoke nọ n'okpu guzo n'ihu ụlọ ahịa taya .,person at his shop,ibo
2460799229_ce45a1d940.jpg,Ụmụ nwoke atọ yi jaket ndụ na-ese n'elu mmiri na raft .,the boys getting ready to go,ibo
2462153092_e3f4d8f6a2.jpg,Nwa agbọghọ na-agba ọsọ site na ubi na nkịta aja aja na nkịta na-acha ọcha .,person running with dogs,ibo
2462702522_1b25654762.jpg,Nwatakịrị nwoke na-amalite ịtụgharị obere basketball .,basketball : i go to the gym,ibo
246508774_1e9885f1b7.jpg,Otu nwoke nwere akpụkpọ ụkwụ oroma guzo na mmadụ ole na ole ndị ọzọ.,person in the light,ibo
2473737724_355599a263.jpg,Ụmụ agbọghọ na-eme nka mgba na akwa uhie .,martial art,ibo
2473791980_805c819bd4.jpg,Otu parasailer sọfụ n'oké osimiri na-eyi uwe igwu mmiri ojii .,kiteboarding,ibo
2483993772_f64e9e4724.jpg,Nkịta ojii na aja aja na-agbalị ijide bọọlụ na-acha anụnụ anụnụ .,dog playing with a ball,ibo
2491343114_a3e35a2a3a.jpg,Nkịta na-agba ọsọ gafee ájá .,dog running on the beach,ibo
2502782508_2c8211cd6b.jpg,Otu nwoke nọ n'okpu na ugogbe anya anwụ na-agụ akwụkwọ na bench park .,person sitting on a bench reading a book,ibo
251056963_c8b67f0107.jpg,Nkịta ojii na nke na-acha ọcha na-agba ọsọ na-acha anụnụ anụnụ na-,dog 's life,ibo
2540757246_5a849fbdcb.jpg,Otu ìgwè mmadụ na-eguzo n'èzí n'abalị na-ekwu okwu .,person and friends,ibo
2555521861_fc36fd3ab0.jpg,A na-adọkpụpụta onye ejikọtara na njikota site na mmiri.,person swinging over water,ibo
2557972410_6925fe695c.jpg,Ụfọdụ ụmụaka na-egwu hockey n'èzí .,goalkeeper in the net,ibo
2558911884_856dfc3951.jpg,Ụmụ okorobịa atọ na-egwuri egwu n'èzí .,boys playing in the garden,ibo
2559638792_a803ff63d1.jpg,Nwa agbọghọ na-eme backstroke na ọdọ mmiri .,person swimming in a pool,ibo
2572101672_4d699c8713.jpg,Otu nwoke guzo n'akụkụ ogige nnụnụ,person in front of a cage,ibo
2578289278_01516d23a0.jpg,Cowboy na-acha anụnụ anụnụ na-acha uhie uhie uwe elu na-bucked si a ịnyịnya .,person is thrown from his horse during the competition .,ibo
2579268572_d78f8436cb.jpg,A ìgwè ndị mmadụ na-agba ịnyịnya a ala coaster isi n'ala .,ride a roller coaster,ibo
2579460386_94c489028d.jpg,Nkịta a na-awụlikwa elu site na mmiri.,dog shaking water off her coat,ibo
2600883097_aca38cc146.jpg,Nkịta abụọ na-acha aja aja na-egwu egwu na mmiri na-emighị emi,dogs in the lake,ibo
2603334363_cfa32c4482.jpg,Nwa agbọghọ na-eyi uwe fairy na-agba ịnyịnya tricycle .,person on a tricycle,ibo
2610447973_89227ff978.jpg,Mmadụ abụọ na-anọdụ gburugburu nnukwu ọkụ.,fire in the night,ibo
2615811117_42b1838205.jpg,A nwa na a ndụ jaket na a raft .,person in a kayak,ibo
2616009069_82561da2e5.jpg,Nkịta abụọ na-agba ọsọ site na ahịhịa.,animal running in the grass,ibo
2618538137_44fffe10c4.jpg,A nwoke na a skateboard poses na a nkịta .,"dog , animal , person , skateboard",ibo
2623146491_b64698b875.jpg,Otu nwoke guzo n'ahịrị ndenye ọpụpụ na ụlọ ahịa .,"person , a student , was caught stealing a pair of socks .",ibo
2623496164_68ffeb5067.jpg,A biker on a dirt path .,person jumping a gap on a mountain bike,ibo
2628331789_c7f7d90e5d.jpg,Otu nwanyị na-ejide nwa okorobịa na-awụlikwa elu n'ime ọdọ mmiri .,person enjoys a swim in the pool,ibo
263854883_0f320c1562.jpg,Nkịta abụọ na-agba ọsọ site na ahịhịa.,dogs running in a field,ibo
2640153227_57cf1a3d92.jpg,Nwatakịrị nwanyị nwere ntutu isi na-acha odo odo na anya na-acha anụnụ anụnụ na-eri kuki .,a child eating a biscuit,ibo
2643263887_a32ffb878f.jpg,A nwa nwoke slides ala ihe inflatable mmiri slide .,fun on the bouncy castle,ibo
2647062476_5ef31ba867.jpg,Ụmụ nwanyị isii guzo n'ọhịa na-echere ntụgharị ha na ọdụ ụgbọ mmiri-a-potty .,people at the farm,ibo
2656039837_f46b29af92.jpg,Nwa agbọghọ na-aga ịnwa ịkụ bọọlụ tennis .,tennis : a game for all ages,ibo
2658009523_b49d611db8.jpg,Nkịta abụọ na-acha aja aja na-agba ọsọ n'ụsọ oké osimiri n'akụkụ oké osimiri.,dogs playing on the beach,ibo
2663248626_f000f2661d.jpg,Nkịta abụọ na-agba ọsọ ngwa ngwa site na ogige .,dog running with a stick,ibo
2664103423_c539f61016.jpg,Otu nwoke na-ejide parachute ya.,kite on the beach,ibo
2666205903_8d287669e1.jpg,Nwa agbọghọ yi uwe mwụda na-acha anụnụ anụnụ na-anọdụ n'ubu mmadụ ma na-ebu pinwheel .,girl holding a pinwheel,ibo
2676015068_690b0fb2cd.jpg,Otu nwoke nọ ọdụ na mmiri doro anya na-emighị emi n'akụkụ nnukwu ihu nkume .,person trying to clean his shoes in the river,ibo
2676937700_456134c7b5.jpg,"Ndị mmadụ na-eje ije n'akụkụ ụzọ, na otu onye na-ebu nwanyị.",a man in a kilt,ibo
2677656448_6b7e7702af.jpg,Obere nkịta na-acha aja aja na nke na-acha ọcha nọ n'ọdọ mmiri .,swimming : ichi ichi aji,ibo
2696060728_3043cfc38c.jpg,Nwa agbọghọ guzo n'elu bọọdụ sọfụ nke nwoke guzo n'azụ ma jide .,person in a wave,ibo
2697909987_128f11d1b7.jpg,"Otu nwoke yi uwe elu nke na - ekwu ""Gigolo "" guzo n'ebe dị n'ihu oche na azụ ya na igwefoto.",reception desk,ibo
2708744743_e231f7fcf9.jpg,A nwaanyị na-eji Frisbees na-egwuri egwu na a nkịta n'ihu a stadium ìgwè mmadụ na otu ìgwè nke baseball egwuregwu.,person throws a frisbee to a fan .,ibo
2715155329_1ed1756000.jpg,Otu nwoke na-amụmụ ọnụ ọchị ma na-egosi ugogbe anya anwụ ya na-atụgharị uche .,man wearing sunglasses,ibo
2726301121_95a2fbd22b.jpg,Nwanyị na-acha odo odo nke nwere egbugbu na ogwe aka ya guzo nso na mgbidi .,girl with a tattoo,ibo
2728813605_cfc943e1ab.jpg,Otu agadi nwanyị na ugogbe anya anwụ na jaket denim .,person wearing a pair of sunglasses,ibo
2729147877_c3ec3445bf.jpg,Otu nwata nwoke na-adọkpụ isi n'ala site na mmanya metal .,boy hanging from a bar,ibo
2741380826_cfe0ddf0a9.jpg,A obere nkịta jumps n'elu a odo doo .,"animal , animal , animal , animal , animal , animal , animal , animal , animal , animal , animal , animal , animal , animal , animal , animal , animal , animal , animal , animal , animal , animal , animal , animal , animal , animal , animal , animal , animal , animal , animal , animal , animal , animal , animal , animal , animal , animal , animal , animal , animal , animal , animal , animal , animal , animal , animal , animal , animal , animal ,",ibo
2752043092_f48ebfeaa2.jpg,"Nwatakịrị yi uwe na-acha anụnụ anụnụ, na nche .",baby is a mess,ibo
2755053974_5cc157512e.jpg,Nwatakịrị a nọ ọdụ n'azụ steering wheel nke ụgbọ ala.,car,ibo
2756591658_3ca6db1595.jpg,Mmadụ abụọ nọ n'elu otu oké nkume,men taking photos on a cliff,ibo
2759089516_cbb993cb92.jpg,Nwatakịrị na-arịgo site na obere ọnụ ụzọ .,person stuck in a window,ibo
2759596272_e0ce0a965a.jpg,Nwa agbọghọ na-awụlikwa elu site na swing .,... at the playground .,ibo
2766765386_4c0beb939d.jpg,A surfer na a oji wetsuit surfs na a na-ajụ efegharị efegharị .,surfer on the beach,ibo
2781296531_f6f0f6c0f5.jpg,A nwata nwoke na-splashed na ihu site a egwuregwu egwuregwu na a mmiri ogige .,"person , plays in the water .",ibo
2784625888_71a421e171.jpg,A ojii nkịta jumps n'elu a osisi na green ahịhịa .,dog jumping over a hurdle,ibo
2789238858_14261dd25a.jpg,A muzzled greyhound nkịta na-agba gburugburu a track,greyhound in the third race,ibo
2789688929_9424fceed1.jpg,Ụmụ nwanyị abụọ toro eto na-anọdụ ala na bench na-acha ọcha n'ogige ntụrụndụ .,women on a bench,ibo
2792212974_23b1ef05fa.jpg,Mmadụ nọ n'ime mmiri ma tụpụ ntutu isi ha azụ.,boy jumping in the water,ibo
2797438951_88a3ed7541.jpg,Nwa agbọghọ nọ n'uwe ịsa ahụ na-acha akwụkwọ ndụ akwụkwọ ndụ na-awụlikwa elu n'ime ọdọ mmiri .,jumping off the dock,ibo
2800004913_c8394ba332.jpg,Nwa ewu nọ n'oké osimiri na-agba ịnyịnya ebili mmiri .,person in the waves,ibo
280706862_14c30d734a.jpg,Nkịta ojii na-apụta site na mmiri na bọọlụ na-acha ọcha n'ọnụ ya.,dog fetching a ball,ibo
2815745115_c8479d560c.jpg,Nwanyị nwere stuffed anụmanụ ngosi .,a vendor selling teddy bears,ibo
2819254573_9ecb5f4d5e.jpg,Nwa ewu na-eti mkpu mgbe ọ nọ n'ụsọ oké osimiri .,person on the roller coaster,ibo
2825540754_5e0c13e6b8.jpg,Nwatakịrị nwere bọket na-agba ọsọ site na ebili mmiri,boy running on the beach,ibo
2833431496_09d999db4d.jpg,Ụmụaka abụọ na-ele anya ala squeezing site a fence .,children looking at a leaf,ibo
2860667542_95abec3380.jpg,Nnụnụ mmiri na-acha ọcha na-ewere ụgbọ elu si n'ọdọ mmiri.,biological species,ibo
2866820467_ae699235a7.jpg,Nwoke nọ na bench na-ehi ụra n'okpuru nche anwụ maka onyinyo,homeless woman sleeping under an umbrella,ibo
2868575889_2c030aa8ae.jpg,A skateboarder na ikuku n'elu ya osisi na a residential n'okporo ámá .,skateboarder,ibo
2870875612_2cbb9e4a3c.jpg,Nkịta na-egwu mmiri na mkpara n'ọnụ ya.,dog in the water,ibo
2881441125_b580e3dd4b.jpg,Ụmụaka abụọ nọ n'èzí n'akụkụ akpa mmiri na pail mmiri,water is a precious resource,ibo
2881468095_d4ce8c0c52.jpg,A skateboarder eme aghụghọ na a brik mgbidi n'akụkụ steepụ .,person practicing skateboarding,ibo
2883950737_3b67d24af4.jpg,Ụmụ nwanyị abụọ yi bikinis na-eje ije n'elu ájá .,beach volleyball player,ibo
2887750774_920eb171aa.jpg,Nkịta na-awụlikwa elu site na mmiri gaa n'ụsọ oké osimiri .,dog on the beach,ibo
2895403073_906768cafa.jpg,Otu nkịta na-ebu ezé ya na nkịta abụọ ndị ọzọ ka ha na-agba ọsọ n'akụkụ mmiri.,doberman on the beach,ibo
2899374885_f3b2b1a290.jpg,Nwatakịrị na-agbalị ijide mmiri site na isi iyi n'ọnụ ya,baby in a water fountain,ibo
2901880865_3fd7b66a45.jpg,A surfer jumps a efegharị efegharị .,person gets some air,ibo
2909875716_25c8652614.jpg,Nwa agbọghọ nọ n'ọhịa nke nwere ịchafụ na-acha odo odo .,girl in a field,ibo
2926233397_71e617f3a3.jpg,Nkịta fọrọ nke nta ka ọ bụrụ ụzọ niile na mmiri ma na-aṅụ ihe ọṅụṅụ.,dog in a lake,ibo
2934359101_cdf57442dc.jpg,A ọkpọ na a red okpu agha nwere mmiri fesa n'ọnụ ya site ya nchịkwa na ọkpọ mgbanaka .,boxer with a swollen cheek,ibo
2935986346_29df6cf692.jpg,A isi awọ nkịta yi a muzzle na-agba ọsọ n'elu ahịhịa .,animal running in a field,ibo
294098577_c10f32bcfa.jpg,Nwoke na-eje ije n'okporo ụzọ unyi na ụlọ ahịa n'akụkụ .,person walking down a street,ibo
2942133798_e57c862a90.jpg,"Nkịta abụọ, otu nwere Frisbee.",dog 's life,ibo
294549892_babb130543.jpg,Mmadụ atọ na-anọdụ ala ma na-ele ugwu anya.,"person , person , and i look at the mountains",ibo
2949880800_ca9a1bb7e6.jpg,"Ụmụ agbọghọ abụọ yi bikins guzo n'ọdọ mmiri ahụ,",girls playing in the lake,ibo
2950393735_9969c4ec59.jpg,Onye agadi nwere mgbidi brik na ndabere .,woman with shaved head,ibo
2975018306_0e8da316f5.jpg,Nkịta na-acha aja aja na-ata imi ya n'etiti ahịhịa ụfọdụ,dog in the grass,ibo
2980348138_91cc6f6d0f.jpg,Onye na-arị elu nkume na-arịgo .,a climber on the way up,ibo
2991375936_bf4b0a7dc0.jpg,Nwatakịrị nwanyị na-emetụ aka n'ihu nwanyị toro eto.,mother and daughter,ibo
299181827_8dc714101b.jpg,Nwatakịrị nwanyị ahụ wụsara mmiri site na bọket n'elu onye ahụ na uwe elu na-acha ọcha .,person and person playing with a water balloon,ibo
3002448718_a478c64fb4.jpg,"Ụmụ nwanyị anọ nọ n'ihu Odeon na-eyi uwe ojii yiri nke ahụ, pink na-acha ọcha superman ụdị uwe elu na jean skirts.",women marching in a parade,ibo
3006094603_c5b32d2758.jpg,Nke a bụ nwoke na-ejide iko ma na-eyi t-shirt Obama .,person wearing a t - shirt,ibo
3008370541_ce29ce49f0.jpg,Nkịta ojii nke nwere olu akwa na-acha anụnụ anụnụ na-awụlikwa elu n'ime mmiri.,person jumping into a pond,ibo
3016651969_746bd36e68.jpg,Ndị mmadụ na-ebugharị ngwá ụlọ site na windo akụkọ nke abụọ nke ụlọ na-eji ụdọ na pulleys .,a street corner,ibo
3019857541_3de3e24f54.jpg,Nkịta na-awụlikwa elu n'ikuku n'elu akwụkwọ ụfọdụ .,person in the fall,ibo
3029928396_99ac250788.jpg,Nwatakịrị nwoke na-ebuli aka ya elu ma guzo n'etiti ọtụtụ pumpkins oroma .,"person , jumps for joy as he finds a pumpkin to take home .",ibo
3036033157_522a43a550.jpg,Nkịta na-egwuri egwu na bọọlụ spiky na-acha anụnụ anụnụ na ahịhịa.,dog with a ball,ibo
3037558954_20115165e3.jpg,Mmadụ na-efe efe n'ime mmiri.,person on a windsurf,ibo
3040033126_9f4b88261b.jpg,Nkịta na-acha aja aja na-awụlikwa elu n'ime mmiri site na nkume .,dog jumping into water,ibo
3042381160_ffe2b16808.jpg,Otu onye na - arụ ọrụ na kọmputa na ngwá ọrụ ndị ọzọ na mmadụ atọ ndị ọzọ nọ n' azụ na - ekwu okwu.,computer science students working on a project,ibo
3053916979_848d32261b.jpg,A nwoke na a ojii uwe elu na-awagharị gburugburu n'etiti fencing egwuregwu .,person watches a student in action .,ibo
3055716848_b253324afc.jpg,A skateboarder jumps .,skateboarder doing a trick on a halfpipe,ibo
3062173277_bfb5ef4c45.jpg,Otu ìgwè ndị mmadụ na - agba ụgbọ mmiri n' asọmpi.,boat racing during festival,ibo
306318683_5f1f875191.jpg,Nwatakịrị nwoke na-ebu igbe gafee àkwà mmiri .,a boy on the bridge,ibo
3066338314_2c3fb731d1.jpg,Otu nwoke na-anọdụ ala na tebụl.,person at the bar,ibo
3068735836_872fba3068.jpg,Otu nwoke na-eme wheelie na ọgba tum tum mgbe ìgwè mmadụ na-ele anya .,person riding a motorcycle in a race,ibo
3068945309_ff0973e859.jpg,A basketball player na a na-acha ọcha uniform na-eme ka a na-awụlikwa elu shot megide a otu yi ojii uniforms .,basketball player goes for a layup against person during a basketball game .,ibo
3077166963_fe172c709d.jpg,A girl guzo na abụọ mkpa ndekọ na foto buffalo gafee a osimiri .,person crossing a river,ibo
308307853_5a51fbdecc.jpg,A na-acha ọcha nkịta na-agba gburugburu a tumbleweed na a ájá dune .,dog running on the beach,ibo
3084011664_76d37c6559.jpg,otu nwoke na otu nwanyị na - ese foto.,person and i at a restaurant,ibo
3086526292_f799d237c7.jpg,A na-egosi ụkwụ ụmụaka atọ ka ha na-eguzo nso na ọgba aghara nke eriri nzuzu .,a day in the life of a gang,ibo
3086810882_94036f4475.jpg,Nkịta na-agba ọsọ gafee ájá .,dog walking on the beach,ibo
3090593241_93a975fe2b.jpg,Ìgwè mmadụ na-agbakọta n'èzí ámá egwuregwu .,fans at the gate,ibo
3090957866_f1b2b7f214.jpg,A nwaanyị na-acha anụnụ anụnụ jeans na a aja aja jaket na-eje ije ala a obodo n'okporo ámá .,a woman walking down the street,ibo
3091580843_178042c50b.jpg,Otu nwoke na-eje ije n'akụkụ ụzọ gara aga storefronts .,a tourist in the area,ibo
3092200805_dd1f83ddbe.jpg,Ndị ikom abụọ nọ na - akwọ ụgbọ mmiri n' ọdọ mmiri.,canoe with a purpose,ibo
3094278545_febac56382.jpg,Nwanyị na-eyi uwe mara mma na tiara n'ụsọ oké osimiri,person in a wedding dress,ibo
3094568845_d0b56c5651.jpg,A agbụrụ ụgbọ ala na-spinning si n'ihu ndị na-ekiri .,video game subject,ibo
3097196395_ec06075389.jpg,Nkịta abụọ na-agba ọsọ gafee track .,greyhounds racing to the finish,ibo
3100251515_c68027cc22.jpg,Otu ìgwè ndị na-eme ngagharị iwe picket n'okporo ụzọ .,protestors with signs,ibo
3105315670_5f86f73753.jpg,"Nwanyị ahụ na-eyi okpu aja aja na uwe ojii, ọ nọkwa n'akụkụ ụzọ.",tourist attraction,ibo
3109704348_c6416244ce.jpg,Ụmụ okorobịa ahụ na-egwu egwuregwu .,person dives to the ground,ibo
3113682377_14fc7b62b0.jpg,Ụmụ nwanyị abụọ na-amụmụ ọnụ ọchị na-ese foto .,friends at the party,ibo
3120648767_812c72eabe.jpg,Otu nwoke na-agba ịnyịnya ígwè unyi ya site na ikuku n'ọzara.,...,ibo
3123463486_f5b36a3624.jpg,"The aja aja, na-acha ọcha na nwa nkịta na-agba ọsọ na a gravel elu.",animal running on the ground,ibo
3126795109_73920ed5dc.jpg,A Miami basketball player na basketball n'aka nri n'ụlọikpe .,"basketball player , a-time player , is the only person to wear the jersey .",ibo
3134387321_3a253224c1.jpg,Mmadụ atọ na-ese foto .,happy birthday to me,ibo
3138746531_f6b816c126.jpg,Mmadụ atọ nọ ọdụ n' ebe ọkụ na- enwu.,reading around the campfire,ibo
3141293960_74459f0a24.jpg,A skateboarder na-eme a aghụghọ na ikuku .,skateboarder,ibo
3156991513_3bf03333d8.jpg,Otu nwoke na-agba ịnyịnya ígwè n'okporo ụzọ unyi .,night time riding,ibo
3159447439_c1496cbaea.jpg,Nkịta abụọ na-agba ọsọ site na ahịhịa.,doggy day care,ibo
3165936115_cb4017d94e.jpg,Abụọ na-eto eto Asian ụmụ okorobịa juggle agba igbe na a ụlọ ahịa .,students performing a magic trick,ibo
3169777863_d745865784.jpg,"A ìgwè nke ndị ikom na ndị inyom na a na-agba egwú studio, ogwe aka ha na-eru na mbara igwe.",a group of dancers rehearsing,ibo
3171250845_5ae0d2a8bc.jpg,Nwa nwoke yi uwe snowsuit na-acha odo odo na oji na-egwuri egwu na nkịta aja aja na-eyi olu akwa na-acha uhie uhie .,person plays in the snow with his dog,ibo
3174228611_6cf9d2266b.jpg,Onye na-egwu egwuregwu basketball SMU na-egwu basketball .,basketball player,ibo
318070878_92ead85868.jpg,Nwa agbọghọ na-ebu ọtụtụ scarves mara mma n'ụsọ oké osimiri .,girl selling crafts on the beach,ibo
3183195653_11b66acb34.jpg,Nwanyị abụọ yi ịchafụ dị iche iche na-acha agba agba n'elu ntutu isi ha n'èzí .,women talking in a market,ibo
3187395715_f2940c2b72.jpg,A nwa nwoke na skateboard na-eme ka a na-awụlikwa elu si a-acha anụnụ anụnụ bench n'akụkụ a na-acha ọcha mgbidi.,skateboarder practicing on a bench,ibo
3189251454_03b76c2e92.jpg,Nkịta guzo na snow barking .,dog playing in the snow,ibo
3202360797_2084743e90.jpg,Nkịta na-eje ije n'okporo ụzọ taya na snow.,puppy in the snow,ibo
3206919175_e3a11b6874.jpg,Otu ìgwè mmadụ na-ezukọta naanị ụkwụ ha na-egosi na otu n'ime ha na-ejide sịga .,girl with the tattoos,ibo
3211581957_df2f7e2236.jpg,Onye na-agba ịnyịnya n'elu ịnyịnya na-eme ka ịwụli elu .,"image may contain : person , riding on a horse , horse and outdoor",ibo
3214100656_80cda1b86b.jpg,Otu ìgwè mmadụ na-ese foto .,my family,ibo
3215117062_6e07a86352.jpg,Ụfọdụ ndị nọ n'afọ iri na ụma na-ekiri ihuenyo dị nso na ụfọdụ Mini Coopers .,the booth at the show,ibo
3215238223_29de2b35cb.jpg,A Ihọd grinds a windowsill nso a ochie windmill,windmill in the old town,ibo
3218861747_5c5c547b66.jpg,A skateboarder na-eme a aghụghọ na ikuku na ya skateboard na a red ramp mgbe ndị mmadụ guzo gburugburu na-achọ .,a boy playing in the skate park,ibo
3222055946_45f7293bb2.jpg,The basketball player na-acha ọcha na-dribbling bọl n'ebe player na oji .,person brings the ball down the court .,ibo
3225310099_d8e419ba56.jpg,Ụgbọ mmiri kwụsịtụrụ site na eriri USB n'elu mmiri .,a boat with people on it,ibo
3227140905_1d7e30e4c4.jpg,Nwoke na-atụba kaadị ka ya na nwanyị ahụ nọ ọdụ ma na-egwu kaadị.,playing cards,ibo
3228069008_edb2961fc4.jpg,Brown nwa nkịta biting osisi,dog with a stick,ibo
3230101918_7d81cb0fc8.jpg,Hockey player na-acha uhie uhie uniform ọṅụṅụ si a green mmiri karama .,ice hockey player,ibo
3231596071_f0c522a639.jpg,"Otu nwoke nwere afụ ọnụ na-ehi ụra n'oche, ụlọ akụ kọmputa n'azụ ya.",man sleeping on the floor,ibo
3240094420_a9eea11d39.jpg,Ụmụ nwanyị Asia anọ na-ese foto .,students,ibo
3241965735_8742782a70.jpg,A skier na-eme ka a na-awụlikwa elu na ya skis gafere .,ski jumping,ibo
3242007318_01e82171aa.jpg,Ụmụ agbọghọ abụọ na-eto eto na-eme n'èzí ụlọ brik ma na-amụmụ ọnụ ọchị maka igwefoto .,person and i in front,ibo
3243020805_2bafc36c45.jpg,Nwatakịrị swings a nnukwu ọcha osisi mgbe ndị ọzọ na-ele anya na .,boy participating in the tug of war,ibo
3243094580_ccd01679f5.jpg,Onye ahụ na-agba ígwè n'okporo ámá n'abalị.,night time photography,ibo
3244586044_205d5ae2ba.jpg,"A nkịta yi a ọnụ ọgụgụ "" 8 "" agbụrụ na a track .",greyhound in action,ibo
3244747165_17028936e0.jpg,Ụmụ nwanyị abụọ na ụmụ nwoke abụọ na-ese foto igwefoto onwe ha.,friends at the start,ibo
3246804978_ea2c9e56f2.jpg,Otu ìgwè pugs na ahịhịa .,pugs at a dog park,ibo
3247423890_163f00a2cb.jpg,Otu nwa okorobịa juggles isii ojii na-acha ọcha bọọlụ .,juggling balls,ibo
3249014584_21dd9ddd9d.jpg,Otu nwoke nwere chainsaw ma na-akpụ otu ngọngọ nke ice .,ice sculpture,ibo
3254645823_a7c072481c.jpg,Abụọ snowboarders na ikuku n'elu snow .,snowboarders in the air,ibo
3254662117_b2e7dede6e.jpg,Ụmụ okorobịa abụọ nwere ogologo ntutu guzo n'ihu windo .,person : person,ibo
3255482333_5bcee79f7e.jpg,A skier skiing downhill na a ígwé ojii nke snow .,person on the piste,ibo
3259002340_707ce96858.jpg,Nkịta ojii nke nwere olu akwa na-acha odo odo na-agba ọsọ .,dog running in a field,ibo
3259222980_04fb62df97.jpg,Ndị ikom abụọ guzo n'azụ tebụl na ngwá electronic na ya .,men at a table,ibo
3259579174_30a8a27058.jpg,Nwa okorobịa nọ n'okpu oyi na-agbadata n'ugwu snow.,snow play,ibo
3259666643_ae49524c81.jpg,A nwoke na a na-acha ọcha uniform jumps mgbe ejide a basketball dị ka ọzọ na-acha anụnụ anụnụ blocks ya .,person goes up for a shot during the game on thursday .,ibo
3260768565_2b725be090.jpg,A ọchịchịrị tent na nightclub ọkụ na ndị mmadụ na-agba egwú na a nwoke na a uwe na n'ihu .,... and the party started !,ibo
3262760716_1e9734f5ba.jpg,Otu nwoke na-ejide nwa ọhụrụ nke na-ejide iko anya .,fatherhood,ibo
3268175963_113d90d178.jpg,Otu nwoke na-abụ abụ dị ka onye ọzọ na-akpọ guitar .,"image may contain : person , on stage , playing a musical instrument , concert and indoor",ibo
3270047169_2ed289a9af.jpg,Nwa nwoke ahụ na-eme aghụghọ na ụgbọ okporo ígwè na-acha uhie uhie na skateboard .,...,ibo
3272071680_648a99f7d2.jpg,A nwoke na a beret na mkpa mustache gestures ka ụmụ nwanyị abụọ na mkparịta ụka .,"actor , actor and person attend the opening night",ibo
3288173388_03bc2a844d.jpg,Nwoke ahụ na-ede ihe na chalkboard iji kụziere nwa agbọghọ ahụ guzo n'akụkụ ya.,a teacher writes on a blackboard,ibo
3298233193_d2a550840d.jpg,Nkịta na-egwuri egwu na bọọlụ n'ụsọ oké osimiri.,dog playing at the beach,ibo
3300019891_8f404d94a1.jpg,E nwere nnukwu nnọkọ nke ndị mmadụ na ejiji n'èzí n'okporo ámá.,carnival in the square,ibo
3301438465_10121a2412.jpg,Ndị ikom atọ guzo n'ọhịa egwuregwu n'ihu ìgwè mmadụ buru ibu.,person celebrates the wicket of cricket player,ibo
3314180199_2121e80368.jpg,Otu nwa okorobịa na - aga n' ebe bọl odo dị.,ball,ibo
3315353266_70f0bbb1c3.jpg,Otu nwoke na-acha odo odo na-akpọ guitar maka ego .,person plays guitar,ibo
3319020762_d429d56a69.jpg,Mmadụ abụọ nọ na ebili mmiri.,person in the sea,ibo
3319405494_58dee86b21.jpg,"Ndị na - eme ski abụọ na - agbalị ime ihe aghụghọ, ebe onye nke atọ na - eme ihe n'azụ ha.",skiers in the snow,ibo
3319723910_af5b5f1fae.jpg,"A Ihọd na skateboard , na-eme a aghụghọ .",skateboarder in the city,ibo
3320154278_c67e01b8d1.jpg,Otu nwa okorobịa nọ n'ịnyịnya ígwè na-acha anụnụ anụnụ na otu nwoke gbagọrọ agbagọ n'elu ime mgbanwe na ịnyịnya ígwè .,person teaching a child to ride a bicycle,ibo
3321334180_8f764e0e0f.jpg,Nnụnụ na-acha ọcha nke nwere nku ya weliri elu hovers n'elu mmiri.,"person , off the water",ibo
3323498985_fd9d2803fd.jpg,Otu nwoke dara n'oké osimiri,person in the ocean,ibo
3325129757_7a1979ac11.jpg,Mmadụ na-ele anya dị ka snowboarder na-eme aghụghọ fancy na ikuku,snowboarder in the snow,ibo
3325974730_3ee192e4ff.jpg,A snowboarder jumps elu n'ime ikuku anya nke a snowy ramp .,snowboarder in the air,ibo
3330007895_78303e8a40.jpg,Otu nwoke yi jaket ojii na-ele anya ala .,man in a black jacket,ibo
333031366_a0828c540d.jpg,"Black na ọcha nkịta n'èzí na apịtị mmiri, na osisi n'ọnụ.",person playing with a stick in the water,ibo
3330935489_9cb67ca36b.jpg,Nkịta na-acha ọcha na-adọkpụpụta nnukwu osisi .,dog in the woods,ibo
3332467180_d72f9b067d.jpg,Otu nwoke na-enwu sịga n'akụkụ ebe a na-ekpofu ihe n'ebe a na-emekọ ihe ọnụ.,person checking out the trash,ibo
3333675897_0043f992d3.jpg,Nkịta ojii na nke ọcha na-eme aghụghọ na usoro .,dog show,ibo
3334866049_f5933344aa.jpg,Nwatakịrị na-eje ije na snow.,skiing the trails,ibo
3336211088_4c294a870b.jpg,A ọrụ n'aka plaza na ọtụtụ ndị na-enwe mkparịta ụka .,a woman speaks to a man .,ibo
3336759846_5220e27deb.jpg,Otu ìgwè mmadụ na-ese foto .,a night out with friends,ibo
3338217927_3c5cf3f7c6.jpg,Nkịta ojii na-awụlikwa elu n'ikuku iji jide ihe egwuregwu na snow .,animal running in the snow,ibo
3338474677_7376e426c2.jpg,Otu nwoke nọ n'ịnyịnya ígwè na-anọdụ na ìhè nkwụsị na ekweisi na # 1.,man on a bicycle,ibo
3338590946_f25b76cbc7.jpg,Otu onye na-eteta n'ime mmiri.,a boy and his wakeboard,ibo
3340857141_85d97a7466.jpg,Otu obere nkịta ọcha na otu nnukwu nkịta uhie.,dog with a pug,ibo
