image_id,reference,prediction
1042590306_95dea0916c.jpg,"Asiatiese man en blonde vrou wat hande buite hou, man in agtergrond horlosies .",A couple of young people
1067675215_7336a694d6.jpg,'N Man in 'n blou kortbroek lê in die straat.,man sleeping in parking lot
1067790824_f3cc97239b.jpg,Twee groot honde wat mekaar op die strand jaag.,Dogs playing on the beach
107318069_e9f2ef32de.jpg,'N Skare wat snags lugballonne kyk.,Hot air balloons
1082252566_8c79beef93.jpg,Drie honde van verskillende groottes .,Dogs
1095476286_87d4f8664e.jpg,'n Seun wat in 'n fontein spring .,Boy playing in water fountain
1095580424_76f0aa8a3e.jpg,'n Hond hardloop uit 'n tonnel op 'n baan.,Welsh Corgi
1095980313_3c94799968.jpg,Dogtertjie in blou swembroek wat op 'n leuning naby 'n strand staan .,girl in swimsuit on boardwalk
1131155939_b4b457b05e.jpg,'N Swart hond hardloop die see in langs 'n hoop seewier.,Dog running on beach with seaweed in foreground
1143373711_2e90b7b799.jpg,'N Fietsryer maak gereed om 'n straat oor te steek.,Bicycle
114949897_490ca7eaec.jpg,'N Man hou 'n net vas terwyl 'n seun 'n bal daarin slaan.,Baseball practice
1160441615_fe6b3c5277.jpg,Drie meisies loop langs 'n geboë tuinpaadjie.,The entrance to the garden
1167908324_8caab45e15.jpg,'n Man staan langs drie videospeletjiemasjiene en 'n bierbordjie .,man playing a slot machine
1177994172_10d143cb8d.jpg,Twee jong seuns spuit water na mekaar .,Water fight
1290894194_8a4ffdc7eb.jpg,'N Vrou wat hurk om 'n klein kind in die gesig te staar terwyl sy 'n hond vashou.,Woman and child with dog
133189853_811de6ab2a.jpg,Een man lag terwyl hulle deur 'n ander man op die wang gesoen word – albei mans dra formele drag,Kiss
1357724865_4faf4e1418.jpg,'N Man staan in die water naby 'n waterval.,Swimming in the waterfall
1386251841_5f384a0fea.jpg,'N Vrou kyk na 'n paar mannequins in 'n venstervertoning.,A woman looking at a display of clothes in a store
1389264266_8170bc1c54.jpg,Twee jong meisies met goth klere .,Two girls in a park
1433088025_bce2cb69f8.jpg,'n Gespierde man in 'n geel broek .,Capoeira
1478268555_7e301fc510.jpg,man met geen hemp op klimrotse nie,Rock climbing
1550772959_9ca9fa625f.jpg,'N Meisie sit met opgrawingsgereedskap en ondersoek 'n rots.,Girl digging for fossils
155221027_b23a4331b7.jpg,Twee mense valskerms in 'n veld .,Parachute
159712188_d530dd478c.jpg,'N Vrou stap langs 'n rivier oor stadsgeboue.,Water feature in a park
1620397000_3883e3ecd3.jpg,'N Swart en wit gevlekte hond spring oor 'n stroom.,Dog
166654939_80ea4ddbcc.jpg,Motors jaag op 'n grondpad,Dirt track racing
1691573772_1adef8e40e.jpg,'n Vrou in 'n pienk trui ry met haar fiets saam met motors .,Bicyclist
169490297_b6ff13632a.jpg,"'n Seun in 'n blou, geel en oranje hemp wat sy arms van sy sye af uithou .",Boy
1713248047_d03721456d.jpg,Drie honde in 'n veld .,dogs
1765164972_92dac06fa9.jpg,'N Jong persoon met 'n Mohawk en 'n neus wat in 'n geruite hemp deurdring.,Punk girl
1798209205_77dbf525b0.jpg,'N Vrou in 'n restaurant wat wyn in 'n helder glas gooi.,waitress
1800601130_1c0f248d12.jpg,'N Bruin hond spring in die lug om 'n vuil tennisbal in sy mond te vang.,Dog catching a ball
1807169176_7f5226bf5a.jpg,Verskeie mense sit snags om 'n vuur.,Campfire
181157221_e12410ef0b.jpg,Twee honde aan leibande wat na mekaar toe span terwyl hul eienaars van mekaar wegstap.,Dogs running in a field
195962790_3380aea352.jpg,'N Vrou in 'n pers hemp en 'n bruin hondjie sit naby 'n fontein,Dog
197107117_4b438b1872.jpg,'N Rotsklimmer klim tussen twee baie groot rotse in.,Rock climbing
2061944672_0383e65c8a.jpg,Die volwassenes en kinders is bymekaar naby 'n buitesitplekreëling.,Family
2074244690_82e30ff44b.jpg,Verskeie mense is bymekaar en kyk na 'n geleentheid.,Crowd
2090723611_318031cfa5.jpg,Twee honde staan in die gras .,Dog
2097407245_c798e0dcaf.jpg,Man met uitgestrekte arms wat op sneeubedekte rotse staan .,Glacier
2099323664_bb20457f26.jpg,'n hond spring op die sypaadjie .,Dog
211295363_49010ca38d.jpg,'N Wit boot vaar naby 'n groot stadsagtergrond.,Seattle skyline
2113530024_5bc6a90e42.jpg,Twee sokkerspanne kom by die doel bymekaar en die goalie reik na die bal .,Soccer
2114126343_a0f74ff63b.jpg,'n Groep swemmers hou aan 'n tou op die strand vas,Swimming
2119660490_ce0d4d1f73.jpg,'N Bruin hond lê op sy rug op 'n wit mat met 'n groen bal daarop.,Dog
2123932281_1a4fd38455.jpg,'n Dogtertjie eet koek en aarbeie by 'n houttafel .,girl eating
2124040721_bffc0a091a.jpg,'N Ou man met wit hare in 'n rooi hoed,man in red hat
2130203183_49bae96b96.jpg,'N Bruin hond sit buite langs 'n groot sneeubank.,Dog
2130986011_47cb05c8c9.jpg,'n Kind slee .,boy on a sled
2131762850_5293a288d9.jpg,'N Knipoogseun in die sneeu dra 'n helm en 'n oranje LL Bean-baadjie.,Snow
2144846312_d4c738dc6c.jpg,"'N Volwasse hods 'n baba wat 'n bib dra, die baba het kos om sy mond.",Baby
2148916767_644ea6a7fa.jpg,Twee honde wat in die sneeu speel.,two dogs playing in the snow
2157003092_eaeb977789.jpg,'n hond speel in die sneeu.,Dog
2158247955_484f0a1f11.jpg,Drie honde hardloop op bandspore in sneeu.,dogs
2161799386_27aa938421.jpg,'n Jong seun wat op 'n blou toilet sit .,boy on toilet
218342358_1755a9cce1.jpg,"'N Persoon op 'n fiets met 'n rooi helm, ry in 'n straat af.",cyclist
2183967273_d182e18cf6.jpg,'N Klein hondjie wat op 'n opgestopte dier voor 'n TV lê,Dog watching television
2187503678_fd743e0a00.jpg,Wit hond wat weghardloop van die oranje gekleurde huis .,Dog in a park
219301553_d2fffe9e0c.jpg,Mense waai in 'n rivier .,Waterfall
2193223202_4d908c0450.jpg,drie seuns speel sokker in die gras .,boys playing football
2196050115_e236d91f52.jpg,'N Seun wat met sy pyl en boog na 'n teiken op 'n baal hooi mik.,Archery
2199083344_3aa77f4879.jpg,'N Meisie in 'n blou baadjie met 'n pienk bottel voor 'n skare ander kinders.,Girl with autism awareness shirt
2204695848_3d1b140212.jpg,Blonde meisie met pienk top glimlag terwyl sy snaakse bril met groot neus dra .,girl with funny glasses
2205336881_d9ee4179d3.jpg,'N Klein dogtertjie in pienk pajamas probeer 'n kamera gebruik.,girl with camera
2206403470_8c25aa3cf8.jpg,Klein seuntjie kyk hoe 'n ou man viool speel in die park .,Street musician
2206600240_f65df56a09.jpg,' n Man en'n vrou sit teen mekaar by'n restauranttafel.,couple
2207244634_1db1a1890b.jpg,Jong man doen 'n truuk op 'n skaatsplank in 'n park.,Skateboarder
2218743570_9d6614c51c.jpg,'n Swart kat stoei met 'n wit hond wat blou oë het.,Husky puppy biting a black cat
2222559267_6fd31e3941.jpg,'N Man en meisie hou hande vas wat in die straat loop.,man and child walking down street
2224995194_518859d97d.jpg,Twee mense laat sak hulself in 'n grot met lang toue.,Canyoning
2226440063_c085b30558.jpg,'N Swart en wit hond loop in die sneeu.,Dog in the snow
2229179070_dc8ea8582e.jpg,'n Hond spring deur hoepels wat deur mense vasgehou word.,Dog jumping through hoops
2240539658_dea8db6e55.jpg,Twee honde wat in die sneeu speel.,Dogs playing in the snow
2243904502_2d265fed80.jpg,'n Hond wat hardloop met 'n speelding in sy mond .,Dog
224702242_a62aaa6dff.jpg,Groot wit hond spring in die lug om 'n swart en wit sokkerbal te vang.,Dog jumping
2266142543_b2de18c081.jpg,'N Man in swart met 'n bril kyk af na 'n drankie.,man in a hat and glasses
2272750492_91e8f67328.jpg,Persoon met 'n grys broek in die lug op 'n snowboard .,Snowboarder
2273799395_5072a5736d.jpg,'N Groep mense stap in ski's.,Skiers
2275253272_00f941366e.jpg,'N Dogtertjie loop langs 'n paadjie .,girl running up the stairs
2277081067_d2b4c98bce.jpg,Twee meisies is op die strand besig om in die see te speel .,children playing in the waves
228949397_9e63bfa775.jpg,'N Kind gly in 'n geel glybaan in 'n swembad af.,Water slide
2291485126_b8d41a63f4.jpg,Persoon op sneeuski's in die lug oor sneeu met groen boom in die agtergrond.,Skiing
2292406847_f366350600.jpg,Man roei 'n boot .,Boatman
2298946012_22de913532.jpg,Vier mense te perd kyk na 'n meer met berge in die verte.,Horseback riders on the shore of a lake
2324917982_f3db8c11e9.jpg,'n Kleuter in 'n blou onesie wat met 'n puntige swart motorspeelding speel .,Toddler playing with toy car
23445819_3a458716c1.jpg,Twee hondjies wat in die gras rondspeel,two puppies playing
2346772831_b2748ba1f0.jpg,'N Vrou buk om na haar kind om te sien in 'n geel baadjie.,chinese people
2363419943_717e6b119d.jpg,'n vrou en 'n kind wat albei rooi uitrustings dra wat in 'n straat opstap,Chinese mother and daughter walking on a sidewalk in Chinatown
2367318629_b60cf4c4b3.jpg,Vyf kinders geklee in swart mantels en hoede .,The traditional costume of the Basque people
2407091303_931c918490.jpg,Seun op speelgrond toerusting,Playground
241031254_0c6f30e3d1.jpg,"Hierdie man, met 'n wit t-hemp en swart kortbroek, staan op 'n paadjie in die bos .",man in the jungle
241347114_6273736da8.jpg,Een sokkerspeler pak 'n ander speler aan.,Football
2426828433_ce894d1c54.jpg,Drie swart honde speel in die gras.,Dog
2431832075_00aa1a4457.jpg,"Hierdie meisie speel op 'n voorwerp wat geel, groen, rooi en blou is.",Girl playing with a parachute
2438085746_588dce8724.jpg,'N Klein swart en wit hond wat op die gras spring om 'n Frisbee te vang,Dog playing with a frisbee
2442243868_abe8f74fb4.jpg,'n Bruin hond wat 'n geel speelding jaag.,Dog
244760289_f4467b2b67.jpg,Drie mense op 'n strand .,Beach
244910130_e1f823a28a.jpg,'N Man met 'n bril en 'n baard wat in die gras sit.,Man sitting on the grass
2451285022_59255e7fd9.jpg,'N Man in 'n wit hemp leun oor 'n bruin hond in 'n oranje halsband.,Man with a dog
2451988767_244bff98d1.jpg,Een seun het sy been toegedraai in blou materiaal en die ander seun dra 'n rooi kappie .,Broken leg
2452238877_2340609c6e.jpg,'n Golden Retriever wat van 'n houtstoep af spring.,Dog
2455528149_6c3477fd33.jpg,Sommige mense kyk na foto's by 'n kunsgalery.,Art exhibition
2460159430_71ab1aacfa.jpg,'n bruin hond wat deur die lang gras hardloop.,Dog
2483792149_a9b4ffecec.jpg,'N Blonde vrou staan in die middel van 'n veld met lang pienk blomme.,field of pink tulips
2483993772_f64e9e4724.jpg,'N Swart en bruin hond wat probeer om 'n blou bal te vang.,Dog playing with a ball
2490768374_45d94fc658.jpg,'N Jong meisie is in 'n tealkleurige netrok en dra 'n hemp met 'n vredesteken.,girl running
2496236371_61dec88113.jpg,'N Man op 'n motorfiets doen 'n wheelie op die baan .,Wheelie
2501968935_02f2cd8079.jpg,Man geklee in leerkappe en pers hemp staan voor toeskouers,biker
2502354602_f4d6dcf42d.jpg,'n Bruidegom en 'n bruid met 'n bandlose rok .,Bride and groom
2519812011_f85c3b5cb5.jpg,Sommige kinders hardloop deur 'n fontein .,Fountain
2524084967_a5e011b73d.jpg,'N Mannetjie wat 'n fietstruuk in die lug doen.,Bicycle
2533642917_a5eace85e6.jpg,'n Nat kind wat in water staan .,boy in a lake
2540751930_d71c7f5622.jpg,"Voetgangers loop op 'n sypaadjie langs 'n grasagtige, beboste veld.",People walking in a park
255091930_aa2b5c0eb9.jpg,'n Man in 'n voorskoot wat mielies braai .,Food vendor
2551344688_17a12a6948.jpg,'N Ou man met 'n witharige baard en 'n blou pet gee 'n duim-op-teken met sy regterhand.,thumbs up
2554531876_5d7f193992.jpg,' n Motorfietsryer wat'n draai maak.,Isle of Man TT
2562377955_8d670ccec6.jpg,'N Jong seun in 'n oranje uniform slaan 'n bofbal tydens 'n wedstryd.,Baseball pitcher throwing a ball
2584412512_6767593f24.jpg,Twee honde speel saam.,Dog
2596514158_c516e57974.jpg,'n Klein seuntjie in 'n reddingsbaadjie wat in 'n swembad spring .,Swimming
2598979962_c01811cfca.jpg,"'n Vrou in 'n rooi hemp, wit hoed en wit hemde speel tennis .",Tennis player
2600386812_8790879d9a.jpg,'N Bruin hond staan in die water en kyk na die golwe van die see op 'n sonnige dag.,Dog on the beach
2613920405_e91e6ebd7a.jpg,'N Man lei twee koeie op die grondskouer van 'n geplaveide pad.,A man with his cows
2623982903_58ec7c5026.jpg,Gemuilband windhonde jaag op die baan .,Greyhounds racing
262963190_a78b799e89.jpg,'N Man in 'n wit helm en donker klere staan in die sneeuberge.,Skiing
2635938723_11b85e6763.jpg,'N Klein seuntjie eet 'n rooi Popsicle.,boy eating ice cream
2640000969_b5404a5143.jpg,Bruin hond spring in die swembad,Dog jumping into a pool
267162122_c3437414ec.jpg,'n Swart hond en 'n wit hond stoei.,Dog
267325341_1a96ef436e.jpg,Swart hond wat deur gras hardloop met iets oranje in sy mond,Dog
2679926555_b11cf45595.jpg,Dogtertjie draai in 'n vloeiende pers romp op die gras rond .,girl twirling in a purple tutu
2687328779_b4356dab16.jpg,'N Terriër word deur 'n slang gespuit terwyl hy in 'n swembad spring.,Dog
2687672606_275169c35d.jpg,"'N Vrou wat juweliersware dra, hou 'n stuk papier vas en kyk af.",A woman writing a note
2689358407_9932f1b20c.jpg,Twee seuns speel in 'n parkfontein .,children playing in a water park
2695093520_5cfeb0729d.jpg,'N Paartjie hou hande vas langs 'n baie groot spieël buite.,Mirror
2696394827_7342ced36f.jpg,Hond en voël saam in water .,Dog chasing a duck
269650644_059a84ece5.jpg,Mense wat 'n ysskaatsbaan buite gebruik.,Ice skating
2704934519_457dc38986.jpg,'N Meisie wat water uit haar hare in 'n meer slaan,Girl flipping her hair in the water
2708582445_5e5999b956.jpg,Die jong meisie geniet die skyfie .,girl on slide
2712787899_d85048eb6a.jpg,'N Jong vrou wat op 'n rand sit met 'n swart beursie en na haar vingernaels kyk.,young woman
2721656220_5f4cda8bc1.jpg,'N Vrou hou 'n drankie en glimlag.,girl with beer
2723477522_d89f5ac62b.jpg,'n Swart hond jaag 'n kleiner bruin hond oor gras.,Dogs running
2732625904_4fbb653434.jpg,'N Meisie in 'n pienk sundress ry fiets langs 'n wit paalheining .,girl riding a bicycle
2751567262_e089b33ed9.jpg,'n man in 'n blou hemp wat voor 'n gebou staan,man walking
2753506871_dc38e7d153.jpg,'n Bruin hond spring in die sand .,Dog
2759089516_cbb993cb92.jpg,'N Kind klim deur 'n klein deur.,child
2769731772_18c44c18e2.jpg,"'N Vrou met 'n baba in 'n rugsak, staan in 'n canyon.",Hiking
2772084628_c0ae29d87a.jpg,vier kinders hardloop op 'n paadjie na 'n rooi baksteengebou .,children playing
278496691_c1fd93e2d8.jpg,Groep met beseerde man terwyl toeskouers van agter heining toekyk .,The finish line
278559394_b23af734b9.jpg,'n Man staan met verskeie mense teen 'n blou lug,people
2789648482_1df61f224a.jpg,Drie seuns spring van 'n platform af .,Silhouette of a man jumping from a diving board
281754914_bc8119a0ed.jpg,"Die seuntjie in 'n geel, gestreepte hemp staan in 'n paar lang gras .",boy in tall grass
2823575468_15f6c345fc.jpg,Seun met swembroeke wat bril vashou en hardloop,Boy running
2827964381_408a310809.jpg,Twee honde wat op mekaar spring.,Dogs
2839807428_efe42423f2.jpg,Hond spring hoog in die lug om 'n Frisbee te vang.,Disc dog
2842609837_b3a0b383f7.jpg,Drie vroue en 'n man poseer saam met hul drankies.,group of friends
2847859796_4d9cb0d31f.jpg,'N Meisie met 'n bril in 'n swembad,Swimming
2854959952_3991a385ab.jpg,twee honde spring vir 'n bal op 'n groen veld.,2 dogs playing with a ball
2855667597_bf6ceaef8e.jpg,Vier swart honde hardloop oor gras.,Dogs
2857473929_4f52662c30.jpg,Twee mans met hoede staan op die boomryke sypaadjie naby 'n gebou .,Two men in period costume
2861100960_457ceda7fa.jpg,Die man in die strooihoed rook 'n sigaret .,Man in straw hat smoking a cigarette
2867937005_91c092b157.jpg,'n Meisie in 'n pienk tutu wat op haar kop staan .,girl in pink dress
2868324804_5cc8030484.jpg,Drie meisies hardloop in 'n veld buite .,Girls running
2872197070_4e97c3ccfa.jpg,'n Wit hond spring in 'n swembad .,Dog jumping into a pool
2877424957_9beb1dc49a.jpg,Twee kleuters speel in 'n waterfontein .,children playing in a water fountain
2884420269_225d27f242.jpg,Twee jong mans staan albei op een been met hul arms uitgestrek op straat .,Two men doing yoga
2885387575_9127ea10f1.jpg,'n Swart en grys hond speel met 'n blou bal buite.,Dog playing with a ball
2887171449_f54a2b9f39.jpg,Vrou met 'n bril wat by 'n naaimasjien werk .,Tailor
2890057168_c712f932e0.jpg,Twee volwassenes en 'n kind wag om 'n straat oor te steek.,Family
2896640216_761a47f006.jpg,'N Meisie lei haar hond oor 'n hekkie.,A dog jumping over a hurdle in a dog agility competition.
289860281_94d699f36d.jpg,"'N Meisie in 'n bikini, bril en swart hoed wat op 'n wit handdoek op die strand lê.",Beach
2899276965_a20b839cfd.jpg,'n Skaatsplankryer in die stad .,Skateboarder
2899501488_90d5da5474.jpg,Ruiters op kleurvolle motorfietse leun in 'n draai op 'n renbaan .,Motorcycle racing
2907244809_07ab2c6b6c.jpg,skaatsplankryer gly teen 'n oprit af,Skateboarder
2917057791_3d68a055ca.jpg,'N Klein seuntjie in 'n heldergeel hemp en blou jeans kyk na 'n duif.,Boy chasing pigeon
2917843040_7c9caaaa8a.jpg,'n Ou in rooi spring .,Jumping
2918769188_565dd48060.jpg,'n persoon wat die rugslag in 'n swembad doen,Swimming
2924259848_effb4dcb82.jpg,'n vuilfietsryer draai oor die grond .,motocross
294098577_c10f32bcfa.jpg,Man loop op 'n grondpad met winkels aan die kant .,Street in town with souvenir shops
2944952557_8484f0da8f.jpg,Meisie in blou probeer om 'n basisloper nommer 11 uit te kry tydens sagtebalwedstryd .,Softball
2949982320_c704b31626.jpg,'N BMX-fietsryer wat 'n muurrit op 'n oprit uitvoer.,Skateboarder
295258727_eaf75e0887.jpg,Twee swart honde hardloop weerskante van 'n geplaveide paadjie af,2 dogs
2967630001_cdc5560c0b.jpg,'n Hond wat deur die water by die see loop.,Dog at the beach
2971431335_e192613db4.jpg,Daar is 'n persoon op 'n snowboard hoog in die lug.,Snowboarder doing a flip
2987576188_f82304f394.jpg,verskeie mense loop langs 'n betongebou met baie boë,The Alhambra
2990977776_1ec51c9281.jpg,'N Seun doen 'n toertjie met sy skaatsplank.,Skateboarder
2991575785_bd4868e215.jpg,'N Meisie wat 'n skop naby 'n vrou doen.,Kick
2995461857_dd26188dcf.jpg,Daar is 'n dier wat die pad voor 'n motor oorsteek.,Dog on the road
300148649_72f7f0399c.jpg,'N Man speel 'n trekklavier.,Accordionist
3006926228_cf3c067b3e.jpg,man en vrou juig,A man wearing a t-shirt with a drawing of a man with a fist raised in the air.
3009644534_992e9ea2a7.jpg,'n Hond trotseer met 'n bal in sy mond .,Dog
3025334206_76888792e5.jpg,Twee honde hardloop op die gras voor die bome.,Dog and deer
3027399066_ca85495775.jpg,'n Groep windhonde wat met truie en snuiters jaag .,Greyhound racing
3030824089_e5a840265e.jpg,'N Bruin en swart hond hardloop op die gras buite voor 'n sypaadjie.,Dog
3043685748_130db75e3b.jpg,'n Motorfietswedren op 'n renbaan .,Supermoto
3044745642_1d0784ff29.jpg,Mense in 'n tentskuiling naby die onderkant van trappe .,Camp
3045613316_4e88862836.jpg,Drie mans staan op 'n berg en kyk na 'n ander .,three men looking at a mountain
3047264346_e24601bfbf.jpg,'N Man in 'n weerwolfmasker is saam met 'n vrou wat elf ore dra.,Halloween party
3053415073_5b667230ed.jpg,'N Skiër gly langs 'n metaalreling.,Skiing
3067885047_f69d90c35b.jpg,Vier kinders doen agterbanke in die park .,four girls doing a handstand
3084011028_d1e2c40d7d.jpg,Twee meisies kyk kamera toe en glimlag,two friends
309049466_1d7e7d5fc2.jpg,'n Hond met 'n Frisbee in die sneeu.,Dog playing in the snow
3099264059_21653e2536.jpg,'N Snowboarder spring van 'n hoë baksteengebou af.,Skiing
3100251515_c68027cc22.jpg,'n Groep betogers pik in die pad .,"Demonstration against the nuclear power plant in the city of Karlsruhe, Germany"
3106791484_13e18c33d8.jpg,'n klein seuntjie spring op 'n bed .,boy jumping on bed
3111482098_11c0f4f309.jpg,'N Persoon ry 'n ATV deur die woestyn .,Desert
3122938209_2b2c6c1fab.jpg,Die man doen 'n truuk op sy groen fiets .,Bicycle
3125041578_c1f2d73b6d.jpg,'n Spoedskaatser op die ysbaan .,Ice skater
3138504165_c7ae396294.jpg,'N Hokkiespeler bewaak die doel.,Hockey goalie
3141293960_74459f0a24.jpg,'N Skaatsplankryer voer 'n truuk in die lug uit.,Skateboarder
3141613533_595723208d.jpg,Twee seuns wat in die winter in 'n leë mielieland staan .,two people in a field
3155657768_b83a7831e5.jpg,'n Groep kinders wat in 'n erf speel – 'n man in die agtergrond .,children playing
3157744152_31ace8c9ed.jpg,'n man met 'n blou hemp wat kaalvoet op 'n tennisbaan loop,Man in pajamas
3157847991_463e006a28.jpg,Twee mans rook agter 'n reling .,Two men smoking
315880837_90db309bab.jpg,Drie honde speel met 'n Frisbee in die sneeu.,Dogs playing in the snow
3163068926_d28ed3ef53.jpg,"'N Man wat 'n drankie hou, kom op 'n roltrap af.",Escalator
3165123595_8db9f918bf.jpg,daar is vier sneeuskiërs wat langs die kant van 'n heuwel afgaan.,Ski patrol
3166969425_b5ace2f9c2.jpg,'N Hond wat langs 'n ysige paadjie loop.,Dog in the snow
3171035252_dba286ae5c.jpg,'N Persoon wat op 'n golf val.,Windsurfer
3171451305_f87b9e09ee.jpg,Drie mense wat biere vashou en vir 'n foto poseer .,People
3172384527_b107385a20.jpg,Verskeie mense eet by rooi tafels in 'n stampvol restaurant met pers ligte .,Restaurant
317383917_d8bfa350b6.jpg,drie swart honde en 'n wit hond staan in die sneeu.,Dogs
3179336562_c3d0c0a3bd.jpg,'N Fietsryer wat 'n truuk op 'n oprit doen.,Skateboarder doing a flip on a ramp
3186527735_6e9fe2cf88.jpg,Paartjie wag op sypaadjie .,Street photography
319185571_56162796da.jpg,'n Hond wat oor 'n stroom water spring.,Dog running on the beach
3195969533_98f5de0fab.jpg,Drie honde in die sneeu.,Dogs playing in the snow
3197891333_b1b0fd1702.jpg,'n Gesin poseer voor die kaggel en Kersboom .,Family
319847643_df7c2a1d25.jpg,Water spuit op die kind met sy gesig deur 'n uitgesnyde gat .,child
3207358897_bfa61fa3c6.jpg,Dame waai twee lang rooi streamers rond,The entrance to the Forbidden City
3208188198_2b271d2a2e.jpg,Iemand wat op 'n sypaadjie draf .,person walking down a path
3215896272_e9b4b547a9.jpg,'n Hond wat 'n groen trui dra en 'n rugsak wat op sneeu loop.,Dog running in the snow
3220126881_b0a4f7cccb.jpg,Twee mans en'n vrou poseer vir'n foto.,Three people
3222702477_34d2d24f1f.jpg,Speler in blou en wit uniform en speler in goud en swart uniform agter sokkerbal aan .,Football player
3223973114_6c15538ce9.jpg,'N Bruin hond hardloop buite.,Dog
3241487502_f4f0cc4a8a.jpg,twee wit honde hardloop deur een of ander bosveld.,Golden retriever
3242718240_3358f2d6e6.jpg,'n Groep van ses kinders staan glimlaggend en lag voor 'n muur .,Children
3243094580_ccd01679f5.jpg,Die persoon fietsry snags op straat .,Bicyclist on the bridge at night
3244747165_17028936e0.jpg,twee vroue en twee mans poseer vir 'n selfkamerafoto .,group of friends
3245460937_2710a82709.jpg,'n Seun wat spring om 'n tennisbal met sy raket te slaan,Tennis
3258874419_23fec1bdc1.jpg,"'n Hond, wat 'n nommer 8 dra, hardloop in 'n wedloop .",Greyhound
3259002340_707ce96858.jpg,'n Swart hond met 'n pers halsband loop .,Dog
3259579174_30a8a27058.jpg,Jong seun in 'n winterhoed gly teen 'n sneeuheuwel af.,Skiing
3269895626_7b253c82ed.jpg,'N Man op 'n grondfiets is bedek met modder .,motocross
3273091032_98f724b36b.jpg,'n Eekhoring staan op sy agterpote in die gras aan die rand van 'n pad .,Fox squirrel
3286543624_7a327f79ae.jpg,"'N Asiatiese meisie maak 'n verbaasde gesig terwyl sy 'n hemp dra wat sê: ""Radio""",Girl in front of a brick wall
3293642024_e136b74a55.jpg,'n Man boogie instap seile oor die golf .,Bodyboarding
3295391572_cbfde03a10.jpg,'N Klein seuntjie met 'n blou hemp stapel houtblokke op.,A boy playing with wooden blocks
3296584432_bef3c965a3.jpg,'n Man wat agter 'n hardloophond op die strand loop.,Dog running on the beach
3301754574_465af5bf6d.jpg,Swart voël vlieg met 'n blaartak in sy mond .,Great blue heron in flight with nesting material
3304030264_da3dd18c7b.jpg,'N Persoon in 'n groen hemp op 'n skaatsplank wat van 'n kort stel trappe af spring.,Skateboarder doing a ollie over a step
3305767464_d64a336f60.jpg,'N Seun in 'n kopband speel tromme .,Drummer
3307563498_e2b4f19272.jpg,'N Kind klim oor 'n ketting wat na oop water lei.,Swimming
3307978046_92fef4dfa9.jpg,'N Groep mense in rooi klere met bromponies ry teen die heuwel af op rollerblades.,Rollerblading
3308997740_91765ecdcc.jpg,'n Vrou met 'n breidop aan glimlag naby 'n Domino se Pizza-bordjie .,Girl in front of a Domino's Pizza sign
3309082580_7228067ee0.jpg,'N Biker geklee in wit ry deur die bos .,Mountain biker in the woods
3317073508_7e13565c1b.jpg,Ses sokkerspelers op die veld met speler in rooi uniform in die lug en bal in die lug .,Football player scoring a goal
3319388517_5609ae9805.jpg,"Drie ouer vroue , waarvan twee foto's neem .",three women taking pictures
3323076458_3ce72a1dae.jpg,'n swart en bruin hond hardloop.,Dog
3330675488_8692476a4a.jpg,Twee kinders ry deur sneeu op 'n sleeagtige raam .,Skiing
3330680118_4e541889c1.jpg,'N Kind in blou wat op 'n slee in die sneeu sit.,Skiing
3331525712_af1dcc47f2.jpg,Vrou op die verhoog by Amnestie Internasionaal-geleentheid ruil gebare uit met man buite die verhoog .,Concert
3339558806_b4afdc8394.jpg,'N Dame sit op 'n stoep swaai in die tuin terwyl 'n meisie langs haar op die grond sit.,A man and a woman sitting on a swing in a backyard
3342822192_082f932ef2.jpg,'n Hokkie goalie in 'n wedstryd op die ys .,Hockey player
3343311201_eeb1a39def.jpg,'N Vrou met 'n oorpak wat by 'n esel staan en 'n prentjie skilder.,Painting in the park
3349307529_c1a516b9dc.jpg,'N Skiër met 'n heldergeel broek ski teen 'n sneeuberg af.,Skiing
3356938707_d95ba97430.jpg,'N Man met 'n bril en 'n blou en swart gestreepte hemp en 'n ander man met 'n bruin baadjie poseer vir 'n foto .,two men
3364861247_d590fa170d.jpg,"'n Groep vroue ; een ernstig , een fronsend , en 'n ander glimlag .",Crowd of people
3367053761_8ec5834bf3.jpg,Mense sit by lessenaars in 'n biblioteek .,Library
3370085095_6abbb67c1d.jpg,Twee mans en'n vrou poseer vir'n foto.,three people
3374722123_6fe6fef449.jpg,'n ouer vrou in 'n pienk gestreepte hemp,woman
3375014075_157388f8a9.jpg,'n vrou in 'n rooi baadjie kyk hoe 'n swart en bruin hond in die bosveld van haar weghardloop .,Dog training
3383388869_a14552e551.jpg,'n Hond swem en spat .,Dog
3385593926_d3e9c21170.jpg,Twee honde wat in die sneeu speel.,Doberman
3391209042_d2de8a8978.jpg,Twee mense in wit klere kyk na 'n sneeuberg.,The two women in the picture are wearing pink gloves and white capes.
3392851587_a638ff25e2.jpg,Twee meisies geniet hulself op 'n spinplatform.,Two girls on a ride at a park
339658315_fbb178c252.jpg,Twee dames langs 'n stootwaentjie in 'n gebou .,two women in a bar
3400186336_37043a2f5b.jpg,Mense skilder gekleurde blokkies op die grond .,People painting a carpet on the ground
3400385314_a5bc062e97.jpg,Man met bruin hare en 'n vrou met blonde hare glimlag .,couple
3402081035_a54cfab1d9.jpg,'N Man wat ski's en 'n valskerm in die lug dra,Paragliding
3403797144_53e49412ec.jpg,'n Branderplankryer op 'n golf .,Surfer
3404906655_bc51c69c1e.jpg,'N Man op 'n slee word deur sy honde deur die sneeu getrek.,Dog sledding
3408130183_f038bdaa4f.jpg,'N Bruin en 'n swart hond hardloop.,Dog
3417037373_67f7db2dd2.jpg,Kinders en volwassenes in helderkleurige klere dans .,Dance
3420064875_0349a75d69.jpg,'n Bruin hond kyk in die verte af deur 'n paar plaastoerusting.,Dog
3431487300_0123195f9b.jpg,'n Man en twee vroue op een motorfiets .,three people on a scooter
3437107047_715c60e9c8.jpg,Twee glimlaggende jong vroue in bruin gesels .,two young women
3437654963_c4fdc17e8b.jpg,"Twee bruin bere raak , van aangesig tot aangesig , met monde oop .",Brown bears
3437781040_82b06facb3.jpg,Twee hokkiespelers wat probeer om die puck te kry .,Ice hockey
3451344589_6787bd06ef.jpg,'N Vrou in 'n swart en wit rok hou 'n protesteken op.,"Protester holding a sign that reads ""It's not America's fault"""
3457045393_2bbbb4e941.jpg,'N Glimlaggende vrou wat 'n jong meisie omhels in 'n baadjie met 'n appelafdruk .,Grandmother and granddaughter
3457455611_94ee93929f.jpg,Klein seuntjie sit in 'n groen tonnel met 'n glimlag op sy gesig .,Boy in a tunnel
3461114418_c27b4043a2.jpg,'n Man in 'n geel valhelm wat met sy fiets op 'n roete deur die bos ry .,Mountain biking
3461583471_2b8b6b4d73.jpg,'N Snowboarder gaan teen 'n oprit af.,Snowboarder
3462512074_2b4db1ffd6.jpg,'N Rotsklimmer hang aan 'n krans in die berge.,Climber rappelling down a cliff
3466353172_deb128bbb0.jpg,'n Hond wat op die strand hardloop,Golden retriever
3471463779_64084b686c.jpg,'N Jong kruik gooi die bofbal.,Baseball player throwing a ball
3474985112_24ef46e82d.jpg,'n Man bergfietsry met 'n blou helm,Mountain biker
3474999131_788cbf253f.jpg,'n Swart hond wat oor 'n hindernis spring.,Dog agility
3477778668_81ff0a68e0.jpg,"'n Troufoto , die strooimeisies in pers , al die bruidegom spring .",Wedding party
3481884992_45770ec698.jpg,'N Man in swart branders op 'n golf .,Surfer
3487419819_e3f89444ce.jpg,'N Dolfyn steek bo die water.,Common dolphin
3491013009_572cf2c18a.jpg,'N Meisie in 'n donker hemp het strepe onder haar oë geverf terwyl 'n ander meisie op die voorgrond staan.,Girl with face painted
3497224764_6e17544e0d.jpg,Die dame dra 'n wit hemp met 'n rooi broek en skryf op 'n notablokkie .,A girl is holding a white paper and a pen.
3498240367_cbd8c6efbf.jpg,Twee kinders op 'n Middeleeuse foto met gesigsnitte.,children
3503011427_a4ee547c77.jpg,'N Man in 'n langmou wit hemp loop verby iets wat die sitkamerkroeg genoem word.,A man walking past a closed down bar
3508637029_89f3bdd3a2.jpg,Twee vroue wat sagtebal speel – een met 'n sonbril aan .,Softball
3523474077_16e14bc54c.jpg,'n Man in 'n blou hemp met 'n kamera .,man with camera
3526805681_38461c0d5d.jpg,'N Man wat 'n teken met 'n hond aan 'n leiband hou.,A man and his dog
3527590601_38d56abc29.jpg,'N Persoon is in die lug op 'n fiets naby 'n rivier .,Bicycle rider
3532539748_795d16ef07.jpg,'N Man en kind staan in 'n erf langs 'n bankie.,Father and son
3532782283_341f0381a3.jpg,Drie mense kyk na die berge .,The first snow of the year
3533470072_87a5b595ba.jpg,Twee meisies wat die vredesteken gee.,two girls
3533484468_0787830d49.jpg,'n Man op 'n selfoon wat saam met 'n vrou staan .,A young couple
3533660418_f3a73a257c.jpg,Drie Midde-Oosterse mans sit saam op 'n sypaadjie .,Men sitting on the curb
354642192_3b7666a2dd.jpg,'N Persoon swem in 'n watermassa met 'n waterval .,Swimming in the pool
3551447084_becc6a4666.jpg,'N Persoon op 'n grondfiets ry teen 'n heuwel op terwyl mense aan die kant kyk.,motocross
3553476195_fb3747d7c1.jpg,Twee swart honde speel toutrek met 'n oranje speelding.,Dogs playing with a toy
3557295488_600d387347.jpg,'N Man in 'n rooi en wit trui slaan 'n man in 'n blou en wit trui tydens 'n veldhokkiewedstryd.,Hockey
3564543247_05cdbc31cf.jpg,Twee seuns spring in 'n swembad .,Two boys jumping into a pool
3565021218_d2bc1aa644.jpg,'n jong meisie in 'n heldergeel rok omring deur geel blomme,girl in yellow dress
3568065409_1c381aa854.jpg,'n Seun wat 'n stok vashou spring Ont hy straat .,Boy running
3569667295_6e51db08ef.jpg,'N Swart en wit hond hardloop en spat in water.,Dog
3576536763_3c8c4f232e.jpg,'N Meisie geklee in pienk loop van die see na die strand.,girl running on the beach
3584196366_a4b43d6644.jpg,'N Kudde seemeeue wat op die strand vlieg.,Beach
3584561689_b6eb24dd70.jpg,Hierdie mense speel basketbal in die buitelug.,Basketball
3589895574_ee08207d26.jpg,Kind in grys trui wat aan metaalstaaf hang,boy
3593556797_46b49a02a8.jpg,'N Vrou wat langs die kant van 'n snelweg loop.,Barefoot woman walking on a highway
3594566537_55bd712fdb.jpg,'N Man val uit sy kajak terwyl sy spane vlieg.,Paddleboarder falling off
3595412126_4020d4643b.jpg,Twee meisies in pienk baadjies staan by 'n boom met waterbottels .,two girls
3597715122_45878432ec.jpg,Mense wat buite 'n roomysstaander staan,Ice cream shop
3609952704_3719ab0524.jpg,'N Jong seun in 'n groen hemp hou 'n rooi en blou sokkerbal vas.,Soccer
3612484827_0e479f9ee8.jpg,Twee mans doen truuk in 'n park .,B-boy
3613005134_bb7f304da1.jpg,'N Stoeier is gereed om op 'n ander stoeier buite die ring te spring.,Wrestler performing a standing dropkick on another wrestler
3616808182_fb4eaec778.jpg,Die biker ry teen 'n grasagtige berghang af .,Mountain biker in the mountains
3621177753_1718c30ea0.jpg,"'n Nagtoneel van 'n skaatsplankryer op 'n oprit , met toeskouers .",Skateboarder doing a trick on a halfpipe
3621647714_fc67ab2617.jpg,'N Man staan op sneeu met bome en berge rondom hom.,Skiing
3626998066_3ae11ee278.jpg,Twee bruin honde hardloop saam.,Two chocolate labrador puppies playing
3628017876_4ac27e687b.jpg,'n Klein seuntjie wat met twee rubberhoenders speel .,A young boy playing with a toy bird.
3628043835_9d9bd595a7.jpg,"'N Man geklee in wit hardloop weg van twee mans wat hom jaag, geklee in swart.",running
3638783842_af08dbb518.jpg,Twee kaal dames dra rooi rokke .,bald women in red dresses
3639967449_137f48b43d.jpg,Twee seuns wat popscicles buite eet.,two boys eating ice cream
3647750811_395fbd397e.jpg,'n Veelkleurige hond in 'n rooi halsband wat op die gras hurk.,Dog
3648160673_0c783236a6.jpg,'N Goue retriever spring van 'n blou branderplank in die water af.,Dog surfing
3649307685_60c1294d2a.jpg,Twee mans speel saam in 'n sportwedstryd .,Hockey
3650188378_cc8aea89f0.jpg,Twee mense het aangetrek soos die Ghostbusters wat op die sypaadjie staan .,Two men in Ghostbusters costumes
3660826540_481d25fbb0.jpg,'n Jong seun in 'n gestreepte hemp wat verby die kamera wys .,boy
3665549027_d7fb05d157.jpg,"Twee bruin honde speel met mekaar op die gras, met een hond wat op sy sy lê.",Two dogs playing
3668900592_a84b0c07db.jpg,'N Jong manlike branderplankryer met 'n geel hemp ry 'n golf in die see op sy wit bord .,Surfer
3672105509_53b13b2ed4.jpg,Twee honde is albei nuuskierig oor die voorwerp op die sypaadjie.,2 dogs
3673032164_6c6843de87.jpg,Twee meisies se arm stoei terwyl 'n ander waarneem,Arm wrestling
3674521435_89ff681074.jpg,Die tieners voer snags truuks op hul fietse uit.,Mountain bikers
3677514746_26f5588150.jpg,Twee mans met swart gordel-gevegskunsuniforms spartel – waarvan een sy voete teen die ander man se gesig geskop het .,Karate
3687996569_99163a41c3.jpg,Ses mense loop in 'n parade met helderkleurige uitrustings .,The Toronto Pride Parade is a major event held annually in June.
3689975998_72f50b6d91.jpg,'N Asiatiese vrou hardloop op 'n rotsagtige pad.,woman running
3690107455_0fdb4ecee7.jpg,Vrou wat op die rotse loop .,Hiking
3690883532_d883f34617.jpg,Twee stappers wat 'n sneeuveld oorsteek – met bergagtige terrein agter hulle .,Hiking in the mountains
3693297007_94512e861e.jpg,'n Groep mense kom buite op die sypaadjie bymekaar – sommige staan – sommige sit .,Crowd of people
3700346840_bb80d622f7.jpg,'N Voël het sy vlerke baie wyd gesprei en staan op rotse.,Great Blue Heron
3701544312_b2e4e9813d.jpg,Drie mense trek 'n tou op 'n heuwel .,Hiking
3708177171_529bb4ff1d.jpg,'N Skaatsplankryer in swart klere spring oor 'n bankie.,Skateboarder doing a flip
3710520638_866d542a80.jpg,'N Swart hond met 'n rooi halsband spring in die water.,Dog
3722507770_0d6cb7420e.jpg,'N Seun doen truuks op sy fiets terwyl hy in die lug vlieg.,Bicycle
3724623861_2bb6c23641.jpg,'n Vrou in 'n rok speel viool buite .,Violinist
3726590391_bc6e729bb6.jpg,'N Bejaarde vrou sit by 'n venster en lees .,woman reading a book
3728015645_b43a60258b.jpg,'N Man staan aan die een kant op 'n skaatsplankoprit .,Skateboarder
3747543364_bf5b548527.jpg,Drie meisies wat terugdraai op die strand .,three girls playing in the water
375392855_54d46ed5c8.jpg,'N Vrou sneeu ski in 'n geel baadjie en swart broek .,Skiing
377872672_d499aae449.jpg,"Drie honde wat in die sneeu speel, met 'n stad in die agtergrond.",Two dogs playing in the snow
380537190_11d6c0a412.jpg,Verskeie mense koop op 'n bewolkte dag by 'n buiteboermark .,Market
382090166_be2c2c63e1.jpg,'n Wit poedel en 2 swart poedels speel op die gras .,Standard poodles
399679638_d3036da331.jpg,Twee honde wat in die sneeu speel.,Dogs playing in the snow
400562847_e15aba0aac.jpg,'n Bruin hond dra iets in sy mond terwyl hy deur sneeu loop.,Dog with a ball
401079494_562454c4d6.jpg,twee swart honde baklei .,poodle
413737417_b0a8b445e9.jpg,Mense met kamptoerusting op rotsagtige grond .,Campsite
415118186_64defc96f3.jpg,'n Man met swart klere aan – staan en kyk uit oor 'n sneeutoneel .,person in winter clothing standing on snow looking out over frozen lake
417966898_a04f9b5349.jpg,Twee meisies hang onderstebo aan 'n parkstruktuur.,Playground
419116771_642800891d.jpg,'n Trop honde wat naby 'n motor in 'n stegie baklei.,Dogs
424416723_19c56cb365.jpg,'n bruin hond wat in die bos van die grond af spring,Dog jumping
427936315_0b8f7b8d23.jpg,'n hond hardloop vir 'n rooi Frisbee.,Dog playing with a frisbee
430173345_86388d8822.jpg,'n Bruin hond gryp besitlik 'n pers Frisbee in 'n veld .,Dog
442594271_2c3dd38483.jpg,Mense is op die strand en daar is 'n vlieër in die lug .,Beach
444881000_bba92e585c.jpg,'n Groep jongmense loop met twee wat op selfone praat .,Students walking on campus
448590900_db83c42006.jpg,"'n Hond staan in 'n groot, grasveld .",Dog
450596617_ed37ec0fe4.jpg,Twee mense loop langs die oseaan.,Walking
452419961_6d42ab7000.jpg,Die drie kinders is in 'n hok .,children in a cage
461019788_bc0993dabd.jpg,Twee mense omhels aan die einde van 'n beskuldigdebank.,Lake
463978865_c87c6ca84c.jpg,'N Man wat aan die linkerkant sit naby 'n man wat langs die kant van 'n straat loop met kleurvolle geboue.,Street scene
472860064_a96a228796.jpg,'n Hond spring deur die gras .,Dog
478754346_addb53893c.jpg,Grondfietsrenjaer,Mountain bike
479807465_cf42f39d00.jpg,Jong grondfietsryers probeer om 'n grondfiets teen 'n sanderige heuwel op te kry.,Trial
483136916_16976f4902.jpg,'n Brak staan in die sand en gras .,Beagle
493621130_152bdd4e91.jpg,'N Bruin hond spring in die water.,Dog jumping into water
506412121_67ecc7ec05.jpg,'N Man hengel naby 'n paar wit golwe.,Surf fishing
506738508_327efdf9c3.jpg,Twee mans in wit pakke en glase met 'n drankie .,two men in white suits
513116697_ad0f4dc800.jpg,'N Skiër wat 'n draai maak terwyl hy spring.,Snowboarder
524031846_28b11bc0e5.jpg,'n Seun spat in 'n swembad met sy arms uit om iets te vang .,Swimming
535309053_ec737abde8.jpg,'n Groep mense kamp in tente naby 'n paar bome.,Camping
541046380_513e295384.jpg,Twee dogtertjies voor die Build a Bear-werkswinkel .,two girls playing
541063419_a5f3672d59.jpg,'N Man sit op 'n rots hoog in die berge.,Man on a mountain
54723805_bcf7af3f16.jpg,Mense op 'n sneeuheuwel .,Moon over the summit
578274277_652cae32ba.jpg,'n jong seun met rooi floaties wat op die punt staan om in 'n swembad te spring,Swimming
583087629_a09334e1fb.jpg,'N Meisie spring tou in 'n parkeerterrein .,Girl skipping
616177206_0e16c33f6b.jpg,'n Polisieman wat 'n vrou op straat omhels .,Police officer and woman
633456174_b768c1d6cd.jpg,'n Seun in donker klere naby 'n fonteinwatertuit .,Water
640203018_c0e7175831.jpg,'N Man op 'n fiets word tussen 'n skare mense by 'n buiteluggeleentheid gesien.,Crowd of people at a street fair
688210930_85c5675d5b.jpg,'N Figuur in blou klere loop in 'n voorportaal van die hotel rond.,The Grim Reaper
756521713_5d3da56a54.jpg,Vrou met kamera gooi 'n Frisbee vir haar bruin hond om te vang.,Dog playing with frisbee
760180310_3c6bd4fd1f.jpg,'N Groot hond lê langs 'n klein baba met 'n fopspeen in sy mond.,Baby and dog
854333409_38bc1da9dc.jpg,Twee swart honde speel met 'n speelding.,Two flat coated retrievers playing with a toy
857914283_270d7d1c87.jpg,Twee blonde seuns speel op 'n bed .,Two boys fighting
859620561_de417cac1e.jpg,'n Hond spring in die lug om 'n item te vang.,Dog
90011335_cfdf9674c2.jpg,"'n Boot is op die water , met berge in die agtergrond .",Boat
997338199_7343367d7f.jpg,"'n Vrou wat naby 'n versierde muur staan, skryf .",The interior of the building is decorated with gold leaf.
102351840_323e3de834.jpg,ሰው በበረዶ በቀዘቀዘው የኩሬ በረዶ ውስጥ እየቆፈሩ ነው .,Ice fishing
1052358063_eae6744153.jpg,አንድ ትንሽ ልጅ የስኬት ቦርዱ ላይ ተንኮል እየሰራ ሲሆን ሌላ ወጣት የስኬት ቦርደር ይመለከታል .,Two young boys with skateboards
109202801_c6381eef15.jpg,ሁለት ፈረሶች አንዲት ሴት በበረዶ በተሸፈነ መሬት ላይ የነዳችውን ጋሪ ይጎትታሉ ።,Horse-drawn sleigh
111537217_082a4ba060.jpg,ሰው አለት እየወጣ ነው !,Rock climbing
1167662968_e466f1e80a.jpg,የአፍንጫ ቀለበትና ባርኔጣ ያለው ወጣት .,Man with a nose ring
121971540_0a986ee176.jpg,ሁለት ሰዎች በጀልባ ዳር ላይ ሆነው መስኮቶቹን ሲያጸዱ !,Ship
1232148178_4f45cc3284.jpg,አንዲት ህፃን ልጅ በፓርክ ውስጥ ስትጫወት .,girl
1235681222_819231767a.jpg,ሰዎች አግዳሚ ወንበሮች ላይ ቁጭ አሉ .,Bench
1236951314_0308dc4138.jpg,አንድ ወጣት በመዋኛ ገንዳ ውስጥ ወደ አንድ መላጣ ሰው ውሃ ላይ ዘልሎ .,boy jumping into a pool
1248940539_46d33ed487.jpg,በባሕር ዳርቻ በአሸዋ የሚጫወቱ ሦስት ልጆች,children playing on the beach
1282392036_5a0328eb86.jpg,በሕዳሴ ትርኢት ላይ ልብስ የለበሱ ሰዎች .,Woman and child with a cart of medieval crafts
12830823_87d2654e31.jpg,አንዳንድ ልጆች በኩሬ ውስጥ ዓሣ ሲመለከቱ .,Fish pond
1287982439_6578006e22.jpg,በውሃ ውስጥ የሚሮጥ ኮረጆ ያለው ውሻ,Dog shaking water off
1303335399_b3facd47ab.jpg,ትንሹ ልጅ በገንዳ መንሸራተት እየተንሸራተተ ውኃውን ሊመታ ነው ።,Baby on a water slide
1332208215_fa824f6659.jpg,ሁለት ወንዶችና አንዲት ሴት በባቡር ውስጥ ተቀምጠዋል ።,Train
1332823164_c70a5d930e.jpg,በውቅያኖስ ላይ የቆመች ሴት ልጅ,girl in red shirt and white shorts standing in the surf at the beach
1358089136_976e3d2e30.jpg,አንድ ሰው በፀሐይ ቀን ከአሸዋ በተሰራ ኮረብታ ላይ ለመውረድ እየተሞከረ ነው .,Sandboarding
136639119_6040b00946.jpg,ሰው አለት እየወጣ ነው !,Rock climbing
138705546_be7a6845dd.jpg,ሁለት ትንንሽ ልጃገረዶች የመታጠቢያ ልብስ ለብሰው በሐይቅ ዳርቻ ላይ ቁጭ አሉ። አንድ ሰው ከጀልባ ላይ ዓሣ ሲያጠምድ ተመለከቱ ።,Two girls sitting on rocks by a lake
1387461595_2fe6925f73.jpg,ወንዶች በድንጋይ ምልክት አጠገብ ቆመዋል,Welcome sign in English and Cornish
1394396709_65040d97ab.jpg,ውሃ ውስጥ የሚመለስ ውሻ .,Dog retrieving a toy in a lake
1415591512_a84644750c.jpg,ትንሿ ልጅ በብር መኪና አጠገብ በሣር ላይ በፍጥነት እየተንቀሳቀሰች ነው .,girl running
1417637704_572b4d6557.jpg,በመኪና ግንድ ውስጥ የተቀመጡ ሁለት ትንንሽ ልጆች .,children
1418019748_51c7d59c11.jpg,ነጭ ሸሚዝ የለበሰ፣ ሰማያዊ የቤዝቦል ኮፍያ ለብሶ፣ ጓንት እያደረገ፣ ቀይእና ነጭ ቼከር የታሸገ የምግብ መጠቅለያ ይዞ ነበር ።,man
1425013325_bff69bc9da.jpg,ሁለት ውሾች በባህር ዳር ውሃ ላይ ሲጫወቱ,Two dogs playing in the water
1425069308_488e5fcf9d.jpg,ነጭ ውሻ በሳሎን ውስጥ ሰማያዊ ኳስ ለመያዝ ዘልሏል .,Dog playing with a ball
1433088025_bce2cb69f8.jpg,ቢጫ ሱሪ የለበጠ ጡንቻ ያለው ሰው .,Capoeira
1439282131_3814d6ae04.jpg,ሁለት ውሾች ውሃ ውስጥ እያሉ አንድ ዱላ በአፋቸው ይዘው ነው .,Golden Retriever
1461667284_041c8a2475.jpg,አንድ ጊታሪስት በማይክሮፎን ፊት ሲጫወት ወንድና ወንድ ሲጨፍሩ ሴት ደግሞ አጠገቧ ቆመዋል ።,Street musicians
1470132731_fa416b7504.jpg,በውሃ ውስጥ የሚሮጥ ጥቁር ውሻ .,Dog
1476241331_2f43b67aed.jpg,ሁለት ትንንሽ ልጆች በውሃ ምንጭ .,two boys at a water fountain
1479513774_70c94cf9d3.jpg,አረንጓዴ ጃኬት የለበሰች ሴት መንገዱን ለማቋረጥ ቁልፉን እየገፋች ነው .,Woman waiting to cross the street
1482960952_95f2d419cb.jpg,ሶስት አረጋውያን ሴቶች አብረው ይሄዳሉ !,three elderly women walking away
148512773_bae6901fd6.jpg,ሁለት ሰዎች ወንዙን እያዩ በአለት ላይ ተቀምጠዋል !,Water
1515883224_14e36a53c7.jpg,ሰማያዊ ሸሚዝ የለበሰች ሴት በህዝብ ብዛት ቆማለች .,Obese woman
1523800748_a59e980eee.jpg,ሁለት ትንንሽ ልጆች አሸዋማ በሆነ የባሕር ዳርቻ ላይ ይሮጣሉ !,children running on the beach
1541272333_1624b22546.jpg,ውሻና አሸዋ በነፋስ ይነፍሳል,Horse
1584315962_5b0b45d02d.jpg,እሽቅብና የበረዶ ምሰሶ መሬት ላይ ይዞ የክረምት ካባ የለበሰ ሰው ድንኳን ይዞ ሌሎች ድንኳኖች ከወዲሁ ተከልለዋል !,Campsite
1598085252_f3219b6140.jpg,ውሻ በረጅሙ ሣር ውስጥ ይሮጣል ።,Doberman
166654939_80ea4ddbcc.jpg,በቆሻሻ መንገድ ላይ የሚሯሯጡ መኪኖች,Dirt track racing
1680126311_b92a2e8e72.jpg,እግር ኳስ በደረቱ የመታ ልጅ .,Soccer
1732436777_950bcdc9b8.jpg,አንድ ወንድና ሴት በሲሚንቶ ደረጃዎች አናት ላይ አብረው ይቆማሉ .,Wedding
1775029934_e1e96038a8.jpg,በአሜሪካ ያልተገኘ የዱር እንስሳ በሜዳ ላይ ሲዘል .,Wildebeest
1798209205_77dbf525b0.jpg,አንዲት ሴት በምግብ ቤት ውስጥ ወይን ጠጅ ንጹህ ብርጭቆ ውስጥ ታፈስስ ነበር .,waitress
1809796012_a2dac6c26b.jpg,ጥቁርና ነጭ ውሻ በጀርባ እግሮቹ ላይ ቆሟል ።,Dog
1928319708_ccf1f4ee72.jpg,ሰው መንገድ ላይ በብስክሌት እየሄደ ነው .,cyclist
1965278563_8279e408de.jpg,ወርቃማ ፀጉር ያለው ውሻ በሐይቅ ላይ በሚጓዝ ጀልባ ላይ ተኝቷል !,Dog in a canoe
197107117_4b438b1872.jpg,አንድ ተራራ የሚወጣ ሰው በሁለት ትላልቅ ዓለቶች መካከል ይወጣዋል ።,Rock climbing
197504190_fd1fc3d4b7.jpg,ሁለት ልጆች በሣር ላይ የእግር ኳስ እየተጫወቱ ነው .,two boys playing football in a park
1975531316_8b00eeaaf7.jpg,አንድ ትንሽ ውሻ በሽሮ ላይ እየተያዘ ነው .,Dog
2056042552_f59e338533.jpg,ባህር ዳር ላይ የሚጫወቱ ሁለት ውሾች .,Two poodles playing in the snow
2061144717_5b3a1864f0.jpg,ሰውየውና ልጁ ከቤት ውጭ ባለው ደረጃ ግርጌ ቆመዋል .,Two people talking in a park
2073964624_52da3a0fc4.jpg,መነፅርና ሐምራዊ ባርኔጣ ያላት ሴት በብስክሌቷ ላይ ትጋልባለች .,Bicyclist in Central Park
2074146683_7c83167aa1.jpg,ነጭ ባርኔጣ የለበሰችና ህጻን ፣ የምግብ ቦርሳና ሰማያዊ ቶቴ ቦርሳ የተሸከመች ሴት ገንዘቧን ትለያለች ።,Woman with baby in a baby carrier at a farmers market
2075041394_0b3ea1822d.jpg,ነጭ ውሻ ቅጠል ባለው ሣር ውስጥ እየተመላለሰ ቡናማ ውሻ ሊነክሰው ነው .,Dog
2077346067_0a3a5aae65.jpg,አንድ ሰው አንድ ነገር እየበላ ትልቅ ቀይና ቢጫ ምልክት ባለፈ የእግረኛ መንገድ ላይ እየተራመደ ነው .,Road death
2079110798_ad1370a646.jpg,መነጽር ያለው ልጅ ቁጭ ብሎ መጽሐፍ እያነበበ ነው .,boy reading a book
2083434441_a93bc6306b.jpg,አንዲት አረጋዊት ሴት በከተማ ጎዳና ላይ በብስክሌት ይጓዛሉ ።,Bicycle
2086534745_1e4ab80078.jpg,ቢጫው ካያክ በተፋፋሚው መሃል ነው .,Kayaker in a yellow kayak going down a waterfall
2086678529_b3301c2d71.jpg,አንዲት ወጣት የወይን ጠጅ ቀሚስ ትለብሳለች ።,girl
2087317114_cf06df5aa5.jpg,በትንሽ ካያክ ውስጥ አንድ ሰው በወንዙ ላይ ተንሳፈፈ ።,Kayaker in a green kayak
2102732029_9ae520914d.jpg,ሁለት ወጣት ልጃገረዶች ካሜራ እያዩ .,two girls taking a picture
2112661738_de71b60b88.jpg,ነጭ ውሻ በተራራ ላይ ውሃ ይጠጣል .,Dog drinking water from a small pool in the mountains
2114355355_9d7e2d8178.jpg,ቡናማ ውሻ በጀልባ ብርድ ልብስ ላይ ተኝቶ .,Dog in a canoe
2125454445_5c5c4bf906.jpg,ትልቅ እንጨት የተሸከመ ሸሚዝ የለበሰ ትንሽ ጥቁርና ነጭ ውሻ .,Dog
2127031632_77505e4218.jpg,ቀይ ጃኬት የለበሰ ህፃን በበረዶው ቀይ ዲስክ ላይ ተቀምጦ .,Sledding
2127207912_9298824e66.jpg,በዓለት መውጣት ሶስት ሰዎች ይሳተፋሉ !,Climbing up a rock face
213216174_0632af65a2.jpg,አንድ ልጅ በውሃ መንሸራተት አቅራቢያ ገንዳ ውስጥ ገባ .,Swimming pool
2148013097_6a4f495bc5.jpg,ሁለት ልጆች ከኋላ አዋቂ ጋር በመስኮት በኩል እየተመለከቱ ነው .,children
2169067981_cc19268f23.jpg,ሁለት ወንዶች ልጆች በጦርነት ሲጫወቱ አንደኛው በግራ በኩል ወንበር ላይ ይገኛል,Dance
2170187328_65c2f11891.jpg,ሴት ልጅ እያየች ልጅ ወደ ገንዳ ዘልላ,Swimming
2178064851_bb39652d28.jpg,ልጁ የአንገት ሐብል አለው በውሃ ውስጥ ነው .,Swimming
2181117039_c4eea8036e.jpg,የደንብ ልብስ የለበሱ ልጆች ርግቦችን ያሳድዳሉ .,School children chasing pigeons
2181724497_dbb7fcb0a9.jpg,ከፍ ባለ ወንበር ላይ አንዲት ትንሽ ልጅ በብልሽት ስፓጌቲ እየበላች ነው .,messy eater
2181846120_3744ca3942.jpg,ውሻ መዳፉን ይዞ ላፕቶፕ ኮምፒውተር ላይ ተቀምጧል .,dog
2187503678_fd743e0a00.jpg,ነጭ ውሻ ከብርቱካን ቀለሙ ቤት እየሸሸ ነው .,Dog in a park
2189181027_a445b13438.jpg,ሁለት ዳክዬዎች በአቅራቢያው ሲዋኙ አንድ ጥቁር ውሻ በአሸዋማው ውኃ ዳርቻ ላይ እየሮጠ ሄደ ።,Dog chasing geese
2192333873_2a0cbe849d.jpg,ልጅ ሌላ ሰው በረዶ ላይ ሲወድቅ ይመለከታል ።,Snow
2196846255_2c1635359a.jpg,ውሃ ላይ የቆመ ውሻ .,Dog
2204695848_3d1b140212.jpg,በትልቅ አፍንጫ አስቂኝ መነፅር እየለበሰች ሮዝ ከላይ ፈገግ የምትል ሰማያዊ ልጃገረድ .,girl with funny glasses
2208631481_3e4a5675e1.jpg,ሁለት ጥቁር ውሾች በሜዳ ውስጥ ይሮጣሉ .,Dog
2212472643_80238475b5.jpg,በካሚ ቡናማ ወለል ላይ እየተንሳፈፈ ያለው ትንሽ ልጅ,Baby
2219805467_370ee1b7aa.jpg,ቢጫ ውሻ በባህር ዳር ኳስ በአፉ ይዟል .,Dog
2222498879_9e82a100ab.jpg,ቡናማና ጥቁር ውሻ በሣር የተሸፈነ ሜዳ ላይ ሲሮጥ,Dog
222369445_5b6af347dd.jpg,ሁለት ቀዛፊዎች ወደ ማዕበሉ ለመድረስ በዐለት ግድግዳ ላይ ይጓዛሉ ።,Surfers
2229177914_3308fe7d20.jpg,በያንዳንዱ ጫፍ ላይ እሳት በሚነድበት መሰናክል ላይ የሚዘል ቀላል ቡናማ ውሻ .,Dog jumping over a fire
223299142_521aedf9e7.jpg,በተራራዎች መካከል ያለ ሰው !,Mount Rainier
2241768909_3d96d48417.jpg,መነጽር ያለው ወንድ እና ውሻ የሚመስል ባርኔጣ የለበሰች ሴት በውስጡ በረዶ ውስጥ ናቸው .,Two people walking in the snow
2242178517_2325b85e5f.jpg,አንድ ትንሽ ልጅ በብርቱካን አካፋ በረዶ እያንሸራተተ ነው .,child with a shovel
224273695_0b517bd0eb.jpg,በበረዶ በታሸገ ቀን የተራሮችን ውብ እይታ .,Snow
224369028_b1ac40d1fa.jpg,አንዲት ወጣት ሰማያዊ ወጣት በምንጭ ውስጥ በተከበበ ትልቅ አጥር ፊት ለፊት ቆማለች,Savannah
2266061169_dfbf8f0595.jpg,ሰው በጥቁር መዋቅር ውስጤ ተኝቶ ነው ከቤት ውጭ .,Man sleeping in a boat
2269021076_cefc9af989.jpg,ሐምራዊ መዓዛ ያላት ሴት በብስክሌቷ ላይ በድልድዩ ላይ ትጓዛለች .,Bicycle
2276499757_b44dc6f8ce.jpg,ትልቁ ቡናማ ውሻ በረጅሙ ሣር ውስጥ ያለውን ትንሹን ጥቁር ውሻ ይመለከታል .,two dogs
2280525192_81911f2b00.jpg,ውሻ በረጅሙ ሣር ውስጥ ይሮጣል ።,Dog
2294688426_96c8614f1d.jpg,ጢም ያለው፣ ጥቁር ልብስ የለበሰ ሰው እያጨሰ ነው !,Homeless man in a hood smoking a cigarette
2304374703_555195d8d5.jpg,ቡናማ ውሻ በደማቅ ብርቱካን ኳስ በበረዶው ውስጥ ይጫወታል .,Dog playing with a ball in the snow
2305437797_e6c3460190.jpg,አፉ ላይ ዱላ ይዞ የሚዋኝ ውሻ .,Dog swimming in the lake
2308271254_27fb466eb4.jpg,ባህር ዳር ላይ የሚጫወቱ ሁለት ውሾች .,2 dogs playing in a lake
2327240505_e73cc73246.jpg,አንዲት ትንሽ ልጅ በስኬት ቦርድ ስትጋልብ ወንድ ልጅ አሻንጉሊቷን እያወዛወዘች .,Girl learning to skateboard
2339516180_12493e8ecf.jpg,የዘንባባ ዛፍ በተሰለፈበት መንገድ ላይ ሦስት ዳልማቲዎች የሚራመድ ሰው !,man walking two dogs on the beach
2340206885_58754a799a.jpg,ሶስት ውሾች በረዶ ላይ ይሰበሰባሉ .,Dogs playing in the snow
2363006088_b3e3aa5c0b.jpg,ወጣት ልጅ አንዳንድ ዶሮዎችን ተከታትለው ይሮጣሉ .,Boy chasing chickens
2369452202_8b0e8e25ca.jpg,በሰዎች ተከብቦ መሬት ላይ የሚገኝ ትኩስ አየር ባሉን .,Hot air balloon
2391812384_7429b5e567.jpg,ሐምራዊ ልብስ የለበሰ ሕፃን በውሃ ውስጥ እየሮጠ ቀይ ቀለም ያለው ሰው ይመለከታል .,Fountain
241347204_007d83e252.jpg,የእግር ኳስ ተጫዋቾች በዳኞች ዙሪያ ይሰበሰባሉ .,American football
2414384480_096867d695.jpg,በርካታ ሰዎች ባቡር ይጠብቃሉ .,People waiting for a train
2414986483_004936f84b.jpg,ሮዝ ጫፍ የለበሰችው ልጅ ሰማያዊ ወንድማማች ልብስ ለብሶ ከሰው ጋር እየጨፈረች ነው .,Dance
2415265825_fbfe0c8556.jpg,እርጥብ ጥቁር ውሻ በሸዋ እየተመላለሰ ነው .,Flat-coated retriever
2422302286_385725e3cf.jpg,ትንሹ ልጅ ቀይና ቢጫ የጫት መኪና ውስጥ ተቀምጧል .,Toddler in a toy car
2423292784_166ee54e0b.jpg,ራስ ላይ ብረት ኮላደር ያለበት ልጅ !,boy with a sieve on his head
2424111022_4e332b8aee.jpg,አንድ ትንሽ ልጅ በጫካ ውስጥ ፈገግ አለ .,boy in the forest
2428751994_88a6808246.jpg,በሣር ላይ የሚሮጥ ውሻ,Dog
244368383_e90b6b2f20.jpg,እጅግ ብዙ ህዝብ !,Crowd of people at a festival
244910177_7c4ec3f65b.jpg,ሴቶች መንገድ ላይ ሲራመዱ .,People walking on the street
2449446913_28fa5b7c75.jpg,ሰማያዊ የደንብ ልብስ የለበሱ የቤዝቦል ተጫዋቾች ቡድን በሜዳ ላይ አብረው ይራመዳሉ .,Baseball
2460799229_ce45a1d940.jpg,በህይወት ማቆያ ጃኬት ውስጥ ሶስት ወንዶች ልጆች በታንኳ ላይ ይንሳፈፉ .,Water sports
2475300106_b8563111ba.jpg,ውሻው ግቢው ውስጥ እየሮጠ ነው .,Dog
247691240_3881777ab8.jpg,ሰው አለት እየወጣ ነው !,Climbing
247706586_7e25c7adf8.jpg,አንድ ሰው ትልቅና በቀለማት ያሸበረቀ ዓለት ሥር ተቀምጧል ።,Cave
2479180530_7ebba2d8bf.jpg,ቡናማ ውሻ ዱላ ተሸክሞ በአሸዋ ላይ ይሮጣል .,Dog
2480850054_de3433b54a.jpg,የቆሸሸ ልጅ በአፈር ውስጥ ያልፋል .,Running
248174959_2522871152.jpg,ቀይ ሸሚዝ የለበሰች ሴት በገደል አፋፍ ላይ ተቀምጣለች .,Hiking
2502856739_490db7a657.jpg,ሶስት ውሾች ከጀርባቸው ዛፍ ይዘው በሣር ውስጥ ይሮጣሉ !,Dogs playing
252578659_9e404b6430.jpg,ውሻ በአቅራቢያው እያለ በጎች በእርሻ ላይ አንድ ላይ ተሰባስበው .,Sheepdog herding sheep
2528547068_7d37479b9b.jpg,ቀይ የሩጫ መኪና ማጨሱን ከመንገድ ላይ አወጣ .,Rally car
2537197415_af7c30dfc8.jpg,ህፃን በሽቅብ እና በስላይድ ጨዋታ በሣር ውስጥ እየተጫወተ ነው .,Water
2540884723_03d60ef548.jpg,አንዲት ሮዝ ጃኬት የለበሰች ሴት በደረጃ ላይ ተቀምጣ ግራጫ ባርኔጣ የለበሰ አንድ ሰው ከኋላዋ ጥቂት ደረጃዎች ተቀምጠው ነበር .,"man and woman sitting on steps, woman is eating a sandwich"
2544246151_727427ee07.jpg,ቀይ ሸሚዝ ያለው አንድ ትንሽ ልጅ ሣሩ ውስጥ እየሮጠ ነው,boy running
2561295656_4f21fba209.jpg,የዋኝ ነፀብራቅ ለብሶ ፣ በውሃ .,Swimming
2573141440_28a762d537.jpg,ወልቃይት ህጻን .,Baby in a swing
2575647360_f5de38c751.jpg,አንዳንድ ሰዎች ግድግዳዎቹን በሙሉ ፎቶ ግራፍ ባለው ክፍል ውስጥ እየደባለቁ ነው .,The interior of the gallery
2581066814_179d28f306.jpg,ራቁታቸውን ሰዎች ብስክሌት ሲጋልቡ .,World Naked Bike Ride in London
258476074_f28f4a1ae6.jpg,በኮረብታ ላይ የቆሙ መኪኖች,The summit of Hurricane Ridge
2595186208_9b16fa0ee3.jpg,ጥቁር ውሻ ከወደብ ወደ ውሃ ሲዘል .,Dog jumping into a lake
2600442766_e750ec9a56.jpg,"ሁለት ውሾች በውሃ ውስጥ ደረት ውስጥ ይቆማሉ , ከዱላ አጠገብ .",Dogs playing in the water
260828892_7925d27865.jpg,አንድ ሰው በባህር ዳር እየሄደ በአሸዋ ውስጥ የእግሩን ዱካ ትቶ ይሄዳል .,Beach
2609847254_0ec40c1cce.jpg,በህዝብ ውስጥ ቢጫ የለበሰች አንዲት ወጣት ፈገግ ብላ .,girl
2613920405_e91e6ebd7a.jpg,አንድ ሰው ሁለት ላሞች በተነጠፈ መንገድ ላይ በአቧራ ትከሻ ላይ ይመራቸዋል !,A man with his cows
2623939135_0cd02ffa5d.jpg,እጇን ከራስዋ በላይ አድርጋ ወደ ላይ የምትመለከት ሴት !,girl dancing
2633201394_ee4a7666ed.jpg,ውሻ በውሃ ውስጥ እየዋኘ ነው አፉ ውስጥ እንጨት ይዞ .,Dog
2635400219_2e1a984fd3.jpg,በመካከለኛው ምሥራቅ የምትገኝ ሰማያዊ የራስ መሸፈኛ የለበሰች አንዲት ሴት ሰማያዊ ልብስ ለብሶ ከአንድ ልጅ አጠገብ ተቀምጧል ።,Angelina Jolie and a boy in Afghanistan
2635483351_bc1a8273aa.jpg,ጥቁር ውሻ በአንዳንድ የቆላ ደረጃዎች አጠገብ በሁለት ጎድጓዳ ሳህኖች አጠገብ ተቀምጧል ።,Dog
2647049174_0fb47cee2e.jpg,ህፃን አፉ ውስጥ ቆሻሻ ያኖራል !,boy
2649850541_59a6c7f01c.jpg,በእግረኛ መንገድ ላይ የተኛች ልጅ !,Girl lying on the ground
2657643451_b9ddb0b58f.jpg,ሰው ከውሻ ጋር ይሮጣል .,Dog and runner
2660480624_45f88b3022.jpg,ሁለት ወጣት ሴቶች በሬድ ቡል መኪና አጠገብ ቆመዋል .,Red Bull car
2661294969_1388b4738c.jpg,የልብስ ልብስ የለበሱ ሶስት ሰዎች በጭነት መኪና ጀርባ ላይ ቆመዋል .,The hanging of the three men in the 1996 film The Hanging of the Black Stockings.
2661567396_cbe4c2e5be.jpg,አረንጓዴ ቁጥር ያለው ሸሚዝ የለበሰ ሰው ስታድየም ውስጥ ተቀምጧል .,Baseball fan in empty stadium
2676015068_690b0fb2cd.jpg,በዐለት ፊት አጠገብ በጠራጠቀ ጥልቀት በሌለው ውኃ ውስጥ የተቀመጠ ሰው !,man washing his shoes in a river
2677656448_6b7e7702af.jpg,ትንሹ ቡናማና ነጭ ውሻ በገንዳው ውስጥ ነው .,Swimming
268704620_8a8cef4cb3.jpg,ሁለት ነጭ ውሾች በበረዶው ውስጥ ይሮጣሉ ።,Two dogs playing in the snow
2689358407_9932f1b20c.jpg,ሁለት ወንዶች ልጆች በፓርኩ ፏፏቴ ውስጥ ይጫወታሉ .,children playing in a water park
2694178830_116be6a6a9.jpg,እግሯን በአየር ላይ የያዘች አንዲት ሴት ምሰሶ ለመሥራት,Pole vault
2696951725_e0ae54f6da.jpg,አንድ ወንድና ሴት በፓርኩ መንገድ ላይ ሐይቅና ሩቅ ተራራ ፊት ለፊት ይቆማሉ ።,Hiking
2699342860_5288e203ea.jpg,ቀይ አጫጭር ቀሚስና ጂንስ ያለው አንድ ትንሽ ልጅ በአንዳንድ ዛፎች ይሮጣል ።,boy
2699733386_c346c87ea6.jpg,በውሃ ውስጥ የሚሮጥ ጥቁር ውሻ .,Dog
270263570_3160f360d3.jpg,ሁለት ቡናማ ውሾች ቅጠል ባለው መሬት ላይ ይጣላሉ !,Two dogs playing
2705793985_007cc703fb.jpg,ሰማያዊ ሃልተር ያለው ጥቁርና ነጭ ውሻ በሣሩ ውስጥ ያልፋል .,Dog
2709359730_13bca100af.jpg,በርካታ ውሾች በአፈር ውስጥ እየሮጡ ነው .,puppies
2715289538_d77c8d0a85.jpg,ሰማያዊ ሸሚዝ የለበሰው ልጅ ትልቅ እብጠት እየነፈሰ ነው .,Hooping
2729147877_c3ec3445bf.jpg,ወንድ ልጅ ከብረታ ብረት ባር ላይ ተንጠልጥሏል .,boy hanging from a bar
2730994020_64ac1d18be.jpg,ጥቁርና ነጭ ውሻ በሣር እየሮጠ ነው !,Dog
2736508369_fd9ff0b42f.jpg,አንድ የቤዝቦል ተጫዋች ወደ ሁለተኛ ደረጃ በመንሸራተት ላይ ምልክት ተሰጥተዋቸዋል .,Baseball player sliding into second base
2745811124_12c4426b8b.jpg,በህዝብ መካከል አንዲት ልጃገረድ የተንቆጠቆጠች በግ ይዛ !,A young girl shows her sheep at the fair.
2753531542_ace2c870b7.jpg,ቀይ መዋኛ ግንድ ላይ ያለ አንድ ወጣት ከትልቅ አለት ላይ ወደ ውሃ ዘለለ ።,Rock climbing
2762702644_2aa3bf9680.jpg,ጥቁርና ቀይ ልብስ የለበሰች ሴት በጡባዊ ሕንፃ ፊት ለፊት ቫዮሊን እየተጫወተች ነው .,Violinist
2766630484_ce73f47031.jpg,አንደበት ያለው ውሻ ዛፉን ለማየት እየሞከረ ነው !,Dog
2766765386_4c0beb939d.jpg,አንድ ቀዛፊ በጥቁር የዌስት ልብስ ውስጥ መካከለኛ ማዕበል ላይ የውኃ ላይ ሸርተቴ .,Surfer
2778290592_1910bb0431.jpg,በአፈር ውስጥ የሚፎካከሩ የግሬሃውንድ ሩጫዎች !,Dog running with a toy in its mouth
2789648482_1df61f224a.jpg,ሶስት ወንዶች ልጆች ከመድረክ ላይ እየዘለሉ .,Silhouette of a man jumping from a diving board
2795287622_da187a3e86.jpg,አንዲት ልጅ ከውኃ መውረጃ ሰሌዳ ላይ እየዘለለች ገንዳ ውስጥ ገባች,Swimming
2797188545_aeb26c54c0.jpg,ሁለት ሰዎች በቀይ ታንኳ ወንዝ ላይ በታንኳ እየወረዱ .,Canoe on the rapids
2801146217_03a0b59ccb.jpg,አንድ ወንድ እና አንዲት ሴት ከስራ በኋላ ዘና,A man and woman in athletic clothing
2823075967_be4c350e9e.jpg,ሁለት ውሾች ይጣላሉ ወይ አብረው ይጫወታሉ .,Dogs playing
2824401212_8da8ab99d6.jpg,ብርቱካን ሚደቅሳ ላይ ያለችው ሴት ሲጋራ እያጨሰች ባለችው ሴት ፊት ለፊት በቆመች የሞባይል ህወሃት ላይ ትነጋገራለች .,people
2837808847_5407af1986.jpg,ሁለት ውሾች ፣ አንዱ ቡናማ ሌላኛው ደግሞ ጥቁር ፣ ጥልቀት በሌለው የውቅያኖስ ውኃ ውስጥ በውኃ ላይ ይጫወታሉ ።,Dogs playing in the sea
284279868_2ca98e3dcd.jpg,ሁለት ውሾች በበረዶ ሜዳ ይጫወታሉ,Two dogs playing in the snow
2842865689_e37256d9ce.jpg,ሰማያዊ ግድግዳ ባለው ክፍል ውስጥ ሁለት ሰዎች ጠረጴዛ ፊት ለፊት ይቀመጡ .,Two teachers in a classroom
2846037553_1a1de50709.jpg,ቀይ ሸሚዝ የለበሰ አንድ ልጅ በዛፍ ቅርንጫፎች ላይ ሲራመድ .,boy climbing a tree
2854207034_1f00555703.jpg,ሰው በለም ለምለም ሣር ላይ ተኝቶ አጠገባቸው ትንሽ ጋሪ አለ .,"The lawn of the University of Cambridge, with the University Library in the background."
2854291706_d4c31dbf56.jpg,በምልክቶች ፊት የቆሙ ወንድና ሴት !,A couple walking down the street
2855667597_bf6ceaef8e.jpg,በሣር ላይ የሚሮጡ አራት ጥቁር ውሾች .,Dogs
285586547_c81f8905a1.jpg,በሞተር ሳይክል ላይ ያለ ሰው ከውሻ ጋር,Sidecar
2860040276_eac0aca4fc.jpg,አንዲት የሰማያዊ ህፃን በዋዛ ላይ እየተንቀሳቀሰች ነው .,boy on a swing
2866093652_aa717eb9ce.jpg,አራት ሴቶች በአንድ አካባቢ በውድድር ተንሸራተቱ .,Roller derby
2866696346_4dcccbd3a5.jpg,ሁለት ሰዎች በስኬት ቦርዶች ላይ ፤ አንዱ ብርቱካን የራስ ቁር አለው ።,Longboard
2867736861_43c9487a65.jpg,ኳስ በአፉ ይዞ በውኃ ውስጥ የሚሮጥ ውሻ,Dog playing with a ball in the water
2870875612_2cbb9e4a3c.jpg,አፉ ላይ ዱላ ይዞ የሚዋኝ ውሻ .,Dog swimming in a lake
2883099128_0b056eed9e.jpg,ሸሚዝ የሌለው ሰው ቴኒስ ሲጫወት .,Tennis player
2887744223_029f2fd5fe.jpg,አንድ የእግር ኳስ ተጫዋች ወደ ግቡ እየበረረ ነው .,Soccer
2892992529_f3335d0a71.jpg,ፍሪዝቢውን የሚይዝ ውሻ .,Disc dog
2899374885_f3b2b1a290.jpg,ከአፉ ውስጥ ከምንጭ ውሃ ለመያዝ የሚሞክር ህጻን,Baby boy playing in a fountain
2903469015_a1e7d969c2.jpg,ሙዝዝድ ግሪሃውንድ በውሻ መንገድ ላይ እየተሯሯጡ ነው .,Greyhound racing
2907244809_07ab2c6b6c.jpg,የስኬት ቦርዱ ተንሸራተተ,Skateboarder
2914206497_5e36ac6324.jpg,ነጭ የእሽቅድምድም መኪና ከደሙ ቧንቧዋ ላይ እሳት ፈነዳ !,Car with a flame-out
2921430836_3b4d062238.jpg,የእግር ኳስ ተጫዋቾች መሃል ጨዋታ .,American football
2922807898_b5a06d5c70.jpg,ፍሪዝቢውን ለመያዝ አንድ ትልቅ ቢጫ ውሻ ወደ አየር ዘለለ ።,Dog
2924483864_cfdb900a13.jpg,ሙዝዝድ ግሪሃውንድ በውሻ መንገድ ላይ እየተሯሯጡ ነው .,Greyhound racing
2926595608_69b22be8d4.jpg,ቢጫእና አረንጓዴ የለበሱ የቅርጫት ኳስ ተጫዋቾች ቡድን ለኳስ መዳረሻ .,Basketball
2934359101_cdf57442dc.jpg,ቀይ የራስ ቁር ያለው ቦክሰኛ በቦክስ ቀለበቱ አሰልጣኙ ውሃ ወደ አፉ ተረጭቷል .,boxer
2939007933_8a6ef2d073.jpg,አንድ ሞተር ብስክሌት ተኛ በአየር ላይ እያለ ተንኮል እየሰራ .,Freestyle
2942798367_022df04b49.jpg,ሁለት ሴት ልጆች በእረፍት ጊዜ በከፊል ይጓዛሉ .,Two girls on a ride at a fair
294353408_d459bdaa68.jpg,ውሻ ወደ አልጋ ይዘልል,Dog
2944952557_8484f0da8f.jpg,ሰማያዊ የለበሰችው ልጃገረድ ሶፍትቦል ጨዋታ ወቅት የቤዝ ሯጭ ቁጥር 11 ለማውጣት ትሞክራለች .,Softball
2960033435_c20cc7399a.jpg,ሴት ዱላ በአየር ላይ እየያዘች ፣ ውሻ ግን እየዘለለች ነው !,Dog jumping to catch a toy
2966190737_ceb6eb4b53.jpg,ነጭ ልብስ የለበሱ ሁለት ሰዎች ኳስ ሲመቱ ሶስተኛ ሰው ደግሞ ወደ ላይ ወጣ .,Cricket
2973638173_0dc21fd443.jpg,በአየር ላይ መንቀሳቀሻ የሚያደርግ የስኬት ቦርድ ሠራተኛ .,Skateboarder
2975253472_0f0c2dea70.jpg,ወንዶች በእግር ኳስ ጨዋታ ይጫወታሉ .,Soccer
297724467_e8918a6f90.jpg,ውሻ በውሃ አካል አጠገብ በሚገኝ ሰማያዊ ፍሪዝቢ አጠገብ እየደረቀ ነው .,Dog shaking off water
2987096101_a41896187a.jpg,አንዲት ሴት ተራራውን እያየች በገደል አፋፍ ላይ ቆማለች ።,girl on the edge of a cliff
2987775031_3f9ac69319.jpg,የክላውን ልብስና ባርኔጣ የለበሱት ሰው ብስክሌት እየነዱ ነው,Bicycle
2991375936_bf4b0a7dc0.jpg,አንዲት ትንሽ ልጅ የጎልማሳ ሴትን ፊት ነካች .,mother and daughter
299178969_5ca1de8e40.jpg,"ሰማያዊ , በዲኒም ኮት የለበሰ ፈገግታ ያለው ልጅ ፣ ዛፍ ላይ ተቀምጦ ።",boy
2999162229_80d17099b6.jpg,አንዲት ወይዘሪት ብርቱካን ሚደቅሳ ሻማ አበራ .,A little girl lights a candle at a grave.
2999730677_0cfa1c146e.jpg,ሁለት አሻንጉሊቶች በቅጠሎች ተከብበው ሲጫወቱ,Two dogs playing
2999735171_87ca43c225.jpg,ባንድ ውስጥ ያሉ በርካታ ሰዎች ወደ ሙዚቃው ዘልለው ይወርዳሉ .,A band plays on the quad while students vote in the 2008 presidential election.
3001612175_53567ffb58.jpg,ጥቁር ልብስ የለበሰች ሴት በተቀመጠችበት የሲሚንቶ ደረጃ ላይ አንድ ሰው ጥቁር ውሻውን ይዞራል ።,Bus stop
3004359992_f6b3617706.jpg,አጨዋወት ሴት ልጅ በአየር ላይ ይጥላታል .,Cheerleading
3006217970_90b42e6b27.jpg,አንድ የሩጫ መኪና በዝናብ መንገድ ላይ ይነዳል,Car racing in the rain
3009035153_715e39b440.jpg,ከጀርባው ፀሐይ ስትጠልቅ የሚዘል ልጅ .,Boy jumping in the air
3015891201_2c1a9e5cd7.jpg,"ሁለት ሴቶች ለፊልሙ ""የፕሮፖም ምሽት "" የሚል የበራሪ ፊልም ይዘው ነበር ።",Prom Night
3019473225_8e59b8ec4e.jpg,ጥቁር እና ነጭ ውሻ በጥድ ኮን ሲጫወት .,Dog
3048821353_83d4c0cbb9.jpg,ሰው ሌላ ሰው በግቢ ውስጥ የኋላ ገላጭ እንዲያደርግ ይረዳዋል .,Acrobatics
3050264832_4215f2b398.jpg,ስኖውቦርድር በጀልባው ላይ ቆሞ ህዝቡ እያየው ነው .,Snowboarder
3060519665_4d6b9a51b2.jpg,ሦስት ልጆች በሁለት ትላልቅ ጎማዎች ፊት ለፊት ቆመዋል ።,Children playing in a refugee camp in Jordan
3060594966_030658d318.jpg,አንድ ትንሽ ልጅ ረዥም ቀሚሱና ሰቆቃ ለብሶ ከቤት ውጭ እየሄደ ነው .,boy
3065468339_4955e90fd3.jpg,በውሃ አካል አጠገብ መሬት የሚያፋፋ ጥቁር ውሻ .,Dog
3070011270_390e597783.jpg,ፊቱ ላይ ቡናማ ቀለም ያለው ጥቁር ውሻ እየዋኘ ነው .,Dog
307321761_606fc91673.jpg,የደንብ ልብስ የለበሱ ልጆች ከውሻ ጋር መንገድ ላይ ይቆማሉ !,School children in the countryside
3091962081_194f2f3bd4.jpg,ጥቁር ሁሉ ጥቁር ልብስ የለበሰ ሰው በሌሎች ሰዎች ተከብቦ በሣር ላይ ተቀምጧል ።,Magic
3093970461_825b0cac2f.jpg,ሁለት እንስቶች በባህር ዳር መንገድ ላይ በመተቃቀፍ ላይ ናቸው !,Two women hug on the beach
3104182973_5bb1c31275.jpg,ሰዎች በአንድ ግዙፍ የገና ዛፍ ዙሪያ ከቤት ውጭ ሸርተቴ እየተንሸራሸሩ ነው .,Christmas tree
3106782647_b078830a9e.jpg,በብስክሌት ላይ ወንዱ አየር ላይ .,Bicycle
3109704348_c6416244ce.jpg,ሰዎቹ ስፖርት እየተጫወቱ ነው .,Rugby
3113769557_9edbb8275c.jpg,አንዲት ሴት ፎቶ እያነሳች ሲሆን ሌላዋ ሴት ደግሞ እጇን ዘርግታ ጎን ለጎን ቆማለች !,Two women in a museum
3119076670_64b5340530.jpg,በአየር ላይ ስኖውቦርድር አንድ መሳሪያ ሲያከናውን .,Snowboarder
312156254_ef31dca5ed.jpg,ጥቁር ውሻ በቅጠሎቹ ኳስ ላይ ይደበዝዛል .,Dog playing with a ball
3122938209_2b2c6c1fab.jpg,ሰውየው በአረንጓዴ ብስክሌቱ ላይ ተንኮል እየሰራ ነው .,Bicycle
3123526484_02952e40fc.jpg,በከተማ ጎዳና ላይ የቆሙ ወንድና ሴት !,couple
3127629248_a955b5763b.jpg,ነጭ የቅርጫት ኳስ ተጫዋች ብርቱካን ንጋቱ ላይ አንድ ነጥብ ለማስቆጠር እየዘለለ ነው .,Basketball player
3131990048_369b081021.jpg,አንድ ትንሽ እንስሳ ለመያዝ የህወሃት መውረጃ .,Falcon
3138562460_44227a35cf.jpg,ፈረስ ይሮጣል .,Horse
3143159297_6f2f663ea6.jpg,ፈገግታ ያለው ሰው ሐምራዊና ቀይ ልብስ የለበሰ ትንሽ ልጅ ይይዛል ።,Baby
3146937399_8c046b7b1a.jpg,ሁለት ሰዎች በውሃ ውስጥ እየተመላለሱ ነው !,Ice skating
3154152744_4e93ec8a62.jpg,ሁለት ጥቁር ውሾች በአንድ ውሻ አፍ ውስጥ ቀይ አሻሽሎ በበረዶው ውስጥ ይሮጣሉ ።,Two dogs playing in the snow
3155400369_69e3d6d70f.jpg,ሰዎች ከበሮ ተሸክመው ቢጫ ሸሚዝ ለብሰው ሣር ላይ ሲዘምቱ,Drummers in a marching band
3157220149_cc3c8cc84d.jpg,ሁለት ወጣት ወንዶች ኦባማ ኮንዶም ያሰራጫሉ .,Two men holding signs
3164328039_2c56acf594.jpg,ሁለት ውሾች ለኳስ ዘለሉ .,Two dogs playing with a ball
3170802797_3c851bb475.jpg,በአረንጓዴ ጃኬት የተለበጠ የስኖውቦርድ ሰው የተወሰነ አየር ይይዛል ።,Snowboarding
3176277818_235486a3cd.jpg,ወጣቶች በሥራ በተጠመደ አርሶ አደሮች ውስጥ,Arcade
3177799416_5bd0382370.jpg,በበረዶ የተሸፈነ ኮረብታ ላይ የሚንሸራተት ሰው ።,Snowboarding
3196995975_3e38eabf01.jpg,ትልቅ ውሻ በቀዝቃዛ ኩሬ ላይ ዱላ ይዟል ።,Dog
3209966887_5b744bd050.jpg,አንድ ሰው የቻይና ፊደላትን ይቀባዋል .,Chinese calligraphy
3223606402_bb2aa6db95.jpg,አንድ የስኬት ቦርድ ሰርጥ እያደረገ ነው .,Skateboarder performing a trick
3227111573_c82f7d68b1.jpg,ሶስት ሰዎች ወደ አናት ግማሽ መንገድ አካባቢ በተራራ ላይ ቆመው .,The three of us at the top of the hill
3229730008_63f8ca2de2.jpg,አንድ ልጅ በባቡር ላይ ሸርተቴ እና ሦስት ወንዶች ልጆች እየተመለከቱ .,Skateboarder
3229913073_e7857a5966.jpg,ትንሽ ልጅ በሆዱ ላይ በሳር ላይ ተኝቶ .,Baby boy playing on the grass
3234401637_84e0d14414.jpg,ሁለት ሰዎች በውቅያኖስ አቅራቢያ ባዶ መንገድ ላይ ብስክሌት እየነዱ ነው .,Bicyclists in the evening
3239480519_22540b5016.jpg,ጥቁርና ነጭ ውሻ በበረዶው ውስጥ የሚሮጥ ዱላ ያለው ውሻ ።,Border collie
3242919570_39a05aa2ee.jpg,ነጭ ጆሮ ያለው ነጭ ውሻ በበረዶው ውስጥ እየሮጠ ነው,Dog
3243591844_791cfa62eb.jpg,ሁለት ሴት ልጆች በሱሞ ሱሪ የትግል ትግል ሰዎች ሲመለከቱ .,Sumo wrestling
3258396041_69717247f7.jpg,ጥቁር ጃኬት የለበጠ ሰው ወደ ሴት ልጅ ፊት ማይክሮፎን ይይዛል .,Journalist interviewing a man
3259694057_fae7484b0a.jpg,አንድ አሸዋማ ቀለም ያለው ውሻ ከካሜራው ጋር ተያይዟል ፤ ከዚያም ከታች እየጎተተ ወደ ካሜራው ይሄዳል ።,Dog
3271252073_0a1b9525fc.jpg,ሦስት ሴቶች ሲያወሩ፣ ብርጭቆ የወይን ጠጅ ይዘው፣ ከጀርባው ሥዕሎች ጋር .,Three women in conversation
3272002857_ace031f564.jpg,አንዲት ሴት በፈረስ ላይ የተቀመጠች፣ በባህር ዳር ላይ የተቀመጠች ሴት !,Horse and rider galloping on the beach
3273325447_81c94000da.jpg,የቆሻሻ ብስክሌተኛ ውድድር ላይ ይሳተፋል .,motocross
3278189732_f750cb26b7.jpg,ጥቁርእና ነጭ ውሻ ወደ ውጭ ኳስ ለመያዝ ወደ አየር እየዘለለ ነው .,Dog
3282897060_8c584e2ce8.jpg,ራሱን በእጁ ላይ የሚያርፍ ሰው !,man
3283897411_af9d0b497d.jpg,በእሳት ላይ ያለ ነገር የያዘ ልጅ .,Girl playing with fire
3294209955_a1f1e2cc19.jpg,ትንሽ ውሻ በሜዳ ያልፋል .,Dog
3296150666_aae2f64348.jpg,አንድ ትልቅ መኪና በጭቃ ውሃ ውስጥ ያሽከረክራል .,Off road
3313232606_4ce7e16b87.jpg,ነጭ ሽንትር የለበሱ የእግር ኳስ ተጨዋቾች ቡድን በስፖርት ሜዳ ኮኖች ዙሪያ እየሮጡ ነው .,Soccer players warming up
3320756943_9d004f9824.jpg,ሰዎች አግዳሚ ወንበሮች ላይ ቁጭ አሉ .,People playing dominoes in a park
3324056835_84904fe2f8.jpg,በርካታ ውሾች በባህር ዳር እየሮጡ ነው !,Dogs on the beach
3326086533_23a0a54a8e.jpg,ትንሽ ጥቁር ውሻ አፉ ውስጥ ሐምራዊ ቦርሳ ይዞ ሣሩ ውስጥ እየሮጠ ነው .,Dog
3329169877_175cb16845.jpg,አረንጓዴ ሱሪ የለበጠ ስኖውቦርድ እና ነጭ ጃኬት በአየር ላይ እየዘለለ ነው .,Snowboarder
3332248667_617606714b.jpg,ሶስት ሰዎች በአንድ የባቡር መኪና ላይ ተቀምጠዋል .,Train
3333039854_461329aac2.jpg,በርካታ ወንዶች በሙዚቃ መሳሪያዎች እና በማይክሮፎን ዙሪያ ተሰብስበዋል .,Band
3333921867_6cc7d7c73d.jpg,ሦስት ውሾች በውኃና በሣር ውስጥ ይሮጣሉ ።,Standard poodle
3334057289_68ece38a85.jpg,ውሻው ግቢ ውስጥ ነው .,boxer
333973142_abcd151002.jpg,ቡናማና ጥቁር ውሻ በጫካ አካባቢ በአፉ ረጅም ዱላ ይይዛል ።,Dog with a big stick
3339916063_63b960ed46.jpg,የደንብ ልብስ የለበሱ ሁለት ወንዶች ልጆች እግር ኳስ ይጫወታሉ ።,Soccer
3341489212_a879e1544a.jpg,ሴት ልጅ በኩሬ ውስጥ እያለች ከፀጉር ላይ ውሃ እየወንጭፈች ነው .,girl playing in a pool
3341961913_9a9b362f15.jpg,በሆኪይ ግብ የሚጠብቅ ሰው .,Hockey player
3351586010_7ffaa90ea8.jpg,አንድ ወጣት ልጅ በሲሚንቶ ሸርተቴ መናፈሻ ውስጥ መንሸራተት .,Rollerblading
3353328134_dd9ed0edab.jpg,በቀይ መንሸራተቻ ላይ የሚንሸራተት ሰው በሁለት ዛፎች መካከል ወደ ታች እየገለበጠ ነው .,Skiing
3356700488_183566145b.jpg,አንድ የምሥራቃውያን ወንድና ሴት ምልክቶችንና መኪናዎችን አልፈው በፈገግታ ይራመዳሉ,couple
3359636318_39267812a0.jpg,መደብር ፊት ለፊት በርካታ ሰዎች .,A busy street corner in London
3362592729_893e26b806.jpg,ጥቁር ጃምፕ ልብስ ውስጥ ሁለትሜ ሴቶች በአየር ላይ እቃዎችን በማቀናጀት ይጥላሉ .,Two women in black leotards and black pants juggling with silver clubs
3374759363_d6f7a0df41.jpg,ወንበር ላይ ተቀምጦ ሲጋራ የሚያጨስ ሰው .,Man smoking a cigar
3380072636_4cd59385fd.jpg,የራግቢ ተጫዋቾች ቡድን በአረንጓዴ ሜዳ ላይ በተግባር ላይ .,Lineout
3380407617_07b53cbcce.jpg,ህጻን በረዶ ላይ ቆሞ ውብ ሰማይ ን ይመለከታል .,Boy in snow
3388330419_85d72f7cda.jpg,ሁለት ትንንሽ ልጃገረዶች ቤት ውስጥ በጠንካራ እንጨት ወለል ላይ ይጨፍራሉ .,two girls playing
3392293702_ccb0599857.jpg,"ውሻ በረዶ ላይ እየተጫወተ, አንድ መጫወቻ ለመያዝ ዝግጁ",dogs playing in the snow
3400082864_9c737c1450.jpg,በጨዋታ መሀል ቴኒስ ተጫዋች .,tennis player
3404012438_9baf8dcbaf.jpg,ነጭ ውሻ ከዳክዬ በኋላ እየዋኘ ነው .,Dog swimming in a pond
3409506817_775e38d219.jpg,አንድ ትልቅ ጥቁር ሊሞዚን በደረጃዎች ላይ ብዙ ሰዎች ጋር ሕንፃ ፊት ለፊት ቆሞ .,Limousine
3411595210_8e0893b266.jpg,ውሻ ከጅረት ላይ ዘለለ ።,Dog shaking water off
3412822878_5d961492e5.jpg,አንድ ልጅ የስኬት ቦርዶችን በግራፍ ደረጃዎች ላይ አወረደ,Skateboarder doing a 50-50 on a rail
3415311628_c220a65762.jpg,አሮጊት ከትንሽ ልጅ ጋር የጎጃም ጋሪ ያሽከረክሩታል .,Go-kart
3421104520_6a71185b3c.jpg,ሁለት ወጣት ልጃገረዶች ኳስ ጉድጓድ ውስጥ በፕላስቲክ ኳስ እየተጫወቱ ነው .,Ball pit
3421547427_53411b6278.jpg,ሰማያዊ ሸሚዝ የለበሰ ቴኒስ ተጫዋች እጆቹን አነሣና ፈገግ ይላል .,tennis player
3425573919_409d9e15b2.jpg,የቼዝ ጨዋታ የሚመለከቱ ሰዎች .,People playing chess in a park
3426144752_28d63615ca.jpg,አውሮፕላን የያዘ ችግረኛ የሰማያዊ ህፃን .,boy with toy
3429351964_531de1bf16.jpg,ክፍት አየር ገበያ ላይ በአረንጓዴ ሙዝ ሴት,woman buying bananas at a market
343218198_1ca90e0734.jpg,በጓሮ ውስጥ የሚሮጥ ጥቁር ውሻ,Dog
3432656291_a6c7981f6e.jpg,የተወሰኑ ሰዎች በቀይ የእሳት አደጋ መከላከያ ዙሪያ ቆመዋል !,Fire truck
3433567526_00b5a70319.jpg,ውጭ የሚሮጥ ውሻ .,Golden retriever
3433982387_3fa993cf5a.jpg,ነጭ ቀሚስ የለበሰች አንዲት ወጣት ልጅ እብጠቶችን ስትመለከት አንዲት ሴት እና ሴት ልጅ ህጻን ትከታተላለች .,Bubble show
3434452829_62cee280bc.jpg,ሁለት ትንንሽ ልጆች ጎን ለጎን ሲራመዱ አንዱ አንድ ነገር ሲበላ .,Two boys in Liverpool football club kit
3436418401_b00ceb27c0.jpg,አንድ ትንሽ ልጅ በዛፎች አቅራቢያ በሚገኝ የባሕር ዳርቻ ላይ በውኃው ውስጥ ያልፋል ።,boy running on the beach
3445296377_1e5082b44b.jpg,ሁለት ልጆች ልብስ ለብሰው ውሃ ውስጥ ይጫወታሉ .,Kids playing in the water
3450776690_38605c667d.jpg,አንዲት ትንሽ ልጅ በእግረኛ መንገድ ላይ አንዲት ትንሽ ልጅ ይዛለች ።,Two little girls playing
3453544202_3855ab34b6.jpg,"ቀይ, ነጭ እና ጥቁር እሽቅድምድም ሞተር ሳይክል ላይ ሰው .",Motorcycle racer
3457210101_3533edebc8.jpg,ከሲቢ ኤስ ማይክሮፎን ያላት ሴት ለወንድ ጥያቄ እየጠየቀች ነው .,Tennis player
3459492423_c881f12c9f.jpg,ብርቱካን ሱሪ ና አቆስጣ የለበጠ ሰው በዓለት ፊት ላይ መውጣት ነጻ ነው .,Climbing
3460551728_63255cec18.jpg,ሰዎችና ውሾች በተራሮች ተከብበው በባህር ዳር .,Dog on a beach
3461110860_37ef15af8e.jpg,ነጭ ዕቃ ይዞ በህዝብ ውስጥ ሰው ቆሟል !,Man in a crowd
3463268965_f22884fc69.jpg,የመኪና ማቆሚያ ቦታ ላይ የሚሯሯጡ የሸፋ ሱሪ ውስጥ ወንዶች .,Soldiers running
3465000218_c94e54e208.jpg,ህዝብ በነሱ ላይ ቀለም ቀባው .,festival
3471066276_fb1e82e905.jpg,ሁለት ጥቁር ውሾች በሜዳ ውስጥ ይሮጣሉ .,Two dogs running in a field
3471463779_64084b686c.jpg,አንድ ወጣት ፒቸር ቤዝቦል እየወረወረ ነው !,Baseball player throwing a ball
3475581086_a533567561.jpg,ሐምራዊ ባርኔጣ ያላት ሴት ልጅ የመጫወቻ ቦታ ግድግዳ ላይ እየወጣች ነው .,girl
3482974845_db4f16befa.jpg,ሁለት ውሾች በባህር ዳር ይሮጣሉ !,Two dogs running on the beach
3484832904_08619300d9.jpg,ሶፍት ቦል የምትጫወት ልጅ፣ ወዲያ .,Softball
3487261028_30791528ec.jpg,ውሻ በአንዲት ወጣት ላይ እየዘለለ ነው !,Dog
3487820317_3728e7569e.jpg,አንድ ሰው በፀሀይ ቀን እየተመላለሰ የብርቱካን ጭማቂ ይጠጣ ነበር .,Man drinking beer
3490528249_6aae9b867b.jpg,ሁለት የሩጫ መኪኖች ከጀርባቸው ጭስ ጋር መንገድ ላይ ፍጥነት .,Drag racing
3495490064_8db40a83af.jpg,አንድ ሰው እየተንቦጫጨቀ በሐይቅ ፊት ለፊት ተቀምጦ የሚንሸራተት ዓሣ ለመያዝ እየሞከረ ነው !,Carp fishing
3499720588_c32590108e.jpg,ጠቆር ያለ ቆዳ ያለው ሰው መንገድ ላይ ሰማያዊ ጊታር ይጫወታል .,Man walking on street
3500136982_bf7a85531e.jpg,በመንገድ ላይ የተሰለፈ rollerbladers .,Inline skating
3502897880_8392d0e4de.jpg,ሰማያዊ ቀለም ያለው አንድ ልጅ በስኬት ቦርዱ ላይ ሲዘል ሌሎች ሁለት ደግሞ ሲመለከቱት,Skateboarders at a skatepark
350588129_6aef7b7fe2.jpg,ጥቁር ውሻ ወደ መዋኛ ገንዳ ዘልሎ ገባ .,Dog jumping into a pool
3507670136_2e5f94accf.jpg,ቢጫ የለበሰ ሰው በቆሻሻ ብስክሌት ላይ እየዘለለ ነው .,motocross
3509575615_653cbf01fc.jpg,በአንድ ትልቅ ሕንፃ ፊት ለፊት ቀይ ሰንደቅ ዓላማና በራሪ ወረቀት የያዙ ሰዎች !,"Demonstration against the film ""The Dictator"" in Paris, France."
3514184232_b336414040.jpg,ረዥም ፀጉር ያላት ሴት ሶፍትቦል ሜዳ ላይ ሶፍትቦል እያጠበሰች ነው .,Baseball
3529211822_1dabdb3a9c.jpg,"ቁመት, ቀላል ቡናማ ውሻ ከጠረጴዛ ላይ ውሃ እየጠጣ ሲሆን አንድ ትንሽ ጥቁር ውሻ ከጠረጴዛው ላይ ዘለለ .",dogs
3530502404_f8c3a3f61c.jpg,በአፅም የታተመ የቆዳ ልብስ የለበሰ ሰው ቀይ ሞተር ሳይክል ተቀምጦ .,Harley Davidson
3533145793_5d69f72e41.jpg,ልጆች የዮጋ ጥበብን በቀለማት ያሸበረቁ አልጋዎች ላይ በበዓል ላይ ይማራሉ .,Yoga
3540416139_c884f38351.jpg,ውሻ ከጀርባው ባለቤቱ ጋር ሣር ውስጥ ያለውን አሻሽሎ ያሳድዳል .,Dog chasing a toy
3541491057_61a49588d9.jpg,ሁለት ውሾች በሣር ሜዳ እየተጫወቱ ነው,Dog
3544483327_830349e7bc.jpg,"ብስክሌት ላይ ያለ አንድ ሰው ""ነፃ እራት "" የሚል ምልክት ላይ እየዘለለ ነው . .",Bicycle
3544803461_a418ca611e.jpg,በውድድር ላይ ሁለት ሰዎች ቦክሰኛ .,Boxing
3545586120_283d728a97.jpg,ነጭ ጓንት የያዙ ሁለት ቦክሰኞች እየተጣሉ ነው !,Boxing
3545793128_af3af544dc.jpg,ከህዝብ በላይ የቆመች ወጣት !,Crowd of people
354642192_3b7666a2dd.jpg,ሰው ከፏፏቴ ጋር በውሃ አካል ውስጥ ይዋኛል .,Swimming in the pool
3548191125_514f47e493.jpg,ቀይ ልብስ የለበሰ ትንሽ ልጅ ትራምፖሊን ላይ እየዘለለ ነው .,boy jumping on a trampoline
3552435734_04da83b905.jpg,በውሃ ውስጥ የሚሮጥ ጥቁር ውሻ .,Dog
3557295488_600d387347.jpg,ቀይና ነጭ ቀሚስ የለበሰ ሰው በሜዳው ሆኪ ጨዋታ ወቅት ሰማያዊና ነጭ ቀሚስ ለብሰው ሰውእየመቱ ነው .,Hockey
3568225554_73cdb19576.jpg,በቀይ አለት ላይ የወጣ ሰው !,Bouldering
3569406219_f37ebf7b92.jpg,የጃፓን ልብስ የለበሱ ሁለት ሴቶች መንገድ ላይ ይራመዳሉ .,A couple in a kimono in front of a traditional Japanese house
3574244361_715ac347cd.jpg,በዋዛ ላይ ያለ ህፃን .,Girl on a swing
3579842996_3a62ec1bc7.jpg,አንዲት ቢጫ ሸሚዝ የለበሰች ሴት መንገድ ላይ እየሮጠች ነው .,Running
3583903436_028b06c489.jpg,አንድ ልጅ ከእንጨት ጎተራ ፊት ለፊት በአረንጓዴ ሽቅብ ላይ እየተጫወተ ነው .,boy on a swing
3585487286_ef9a8d4c56.jpg,ባህር ዳር ላይ የሚጫወቱ ሁለት ውሾች .,Dogs playing on the beach
3603116579_4a28a932e2.jpg,ቤዝቦል የሚጫወት ሰው .,Baseball
3604496023_c1f546423e.jpg,"በቀለማት ያሸበረቀ, ከቤት ውጭ ገበያ ውስጥ ፍራፍሬ, አትክልት እና አበቦች .",A street market with people shopping for flowers and fruits
3609999845_faf5d2fe74.jpg,በሣር እየሮጡ ቀይ ኳስ በየሌሊት ወፍ የሚመታ ሰው .,Cricket
3610687607_895fdc94bd.jpg,ሰው በፎቶ ስቱዲዮ ወደ ብርሃን ዘለለ .,Man jumping in a studio
3613667665_1881c689ea.jpg,ሁለት ጥቁር ውሾች በውኃ ላይ ይሮጣሉ ።,Dog
3614881872_ccf9739b0e.jpg,"አንድ ስኖውቦርድ አረጀ, በረዶ የተሸፈነ ሕንፃ ላይ ዘለለ .",Snow
3621647714_fc67ab2617.jpg,ሰው በበረዶ ላይ በዛፍና በተራሮች ዙሪያ ቆሟል !,Skiing
3621652774_fd9634bd5b.jpg,አንድ ሕፃን ጥልቀት በሌለው ገንዳ ውስጥ ሲቀመጥ ጠብታ ውሃ ይይዛል ።,Baby in a pool
3624076529_9793655a21.jpg,አፉ ላይ ዱላ ይዞ የሚዋኝ ውሻ .,Dog swimming
3627679667_0e3de9fc90.jpg,ወይዘሮ ዋለልኝ በማዕበል እየተንሸራሸሩ ነው ።,Surfer
3632197966_0c5061025f.jpg,ዲርት bikers ተከታታይ ዘለል ያሻግራሉ .,motocross
3636632926_09f39f2629.jpg,ሁለት ልጆች አንድን ሰው በከተማ ጎዳና ላይ ይከተሉታል .,Two boys in blue and white tracksuits walk down a street in the Old City of Jerusalem.
3638908276_b1751d30ff.jpg,ሮዝ ታንክ ጫፍ የለበሰች ወጣት በስኬት ቦርዷ ላይ ዘለለች .,Skateboarder
3638992163_a085cc0c24.jpg,ቡናማና ነጭ ውሻ በቀይ ኮተብ ውስጥ እየዘለለ ነው .,Dog jumping through a tire
3639967449_137f48b43d.jpg,ሁለት ወንዶች ልጆች ፖፕሲክሎችን በውጭ ሲበሉ .,two boys eating ice cream
3640743904_d14eea0a0b.jpg,ሰው አራት ውሾች ንመላለስ .,Dog walking
364213568_7f83e7d144.jpg,ውሻ ሌላ ውሻ አሻሽሎ እያሳደደ ነው !,Two dogs playing on the beach
3646453252_5ebbbaa6cc.jpg,ቀይ የራስ ቁር ና ቢጫና ነጭ ልብስ የለበሰ ሰው በጫካ ውስጥ በውጪ ብስክሌት እየነዱ ነው .,Mountain biker
3652764505_87139e71f8.jpg,ጥቁር ጭስ የፈሰሰበት ሰማያዊ ህንጻ አደጋው ላይ የእሳት አደጋ መከላከያ ጋር .,"Firefighters battle a large fire at a warehouse in the city of Anchorage, Alaska."
3655326478_4472c5c630.jpg,ሴት ከውሻዋ ጋር በእንቅፋት አካሄድ ላይ ትጫወታለች .,A woman and her dog in agility
3659686168_49c3abcee1.jpg,ሁለት ሰማያዊ ልጃገረዶች በሐውልት አጠገብ ተቀምጠዋል,two girls
3688797852_89ed3cb056.jpg,የቆዳ ልብስ የለበሱ ሸሚዝ የሌላቸው ሰዎች ፈገግ እያሉ ነው !,Leather men at the 2014 San Francisco Pride parade
3691729694_2b97f14c1e.jpg,ሁለት BMX ጋላቢዎች በብሽት መንገድ ዙሪያ እየተሯሯጡ ነው .,Bicycle racing
3697378565_7060d9281a.jpg,አለባበስ የለበሱ ወጣት ሴቶች መድረክ ላይ ቆመው,Hula dancers
3699763582_f28c5130dd.jpg,ራሰ በራ፣ ሸሚዝ አልባ ሰው አለት መውጣት ።,Climber on a steep rock face with a view of the sea and the mountains in the background
3729405438_6e79077ab2.jpg,ብስክሌት መንዳት በባቡር ላይ ሚዛኑን የጠበቀ ነው ።,Bicycle
374103966_2987706be1.jpg,ነጭ ሸሚዝ የለበሰ ጢም ያለው ከመጠን በላይ ወፍራም ሰው መጠጥ ባር ላይ ይዞ እየጨፈረ ።,man
374124237_51f62b6937.jpg,ጥቁር ልብስ የለበሰች አንዲት እግዜር .,girl in a bar
3765374230_cb1bbee0cb.jpg,አረንጓዴ የመታጠቢያ ልብስ የለበሰች አንዲት ወጣት በውሃ ትረጫለች .,Girl playing in water
381514859_b40418d9c3.jpg,ሁለት ትናንሽ ነጭ ውሾች ቀይ ኳስ ሲያሳድዱ,West highland white terrier
382090166_be2c2c63e1.jpg,ነጭ ቡዱል እና 2 ጥቁር ቡዱል በሣር ላይ እየተጫወቱ ነው .,Standard poodles
388386075_9ac3a89ada.jpg,አንድ ልጅ ከመጫወቻ ባቡሮቹ ጋር ሲጫወት መነጽሩን አወለደ .,boy
390992102_67fa31b22f.jpg,በበረዶ የተሸፈነ ተራራ ተሻግሮ የሚሄድ ሰው !,Snow
404702274_fa8b3fe378.jpg,ነጭና ቡናማው ውሻ ከበረዶ የተሸፈነ መሬት በላይ ወደ አየር ዘልሏል .,Dog playing in the snow
408748500_e8dc8c0c4f.jpg,ቀይ ካባ የለበሰ ህፃን አስቂኝ ጌጥ አጠገብ ቆሟል .,children
410413536_11f1127c46.jpg,ውሻ ከውኃ ሲዘል ሴት ወደቡ ላይ ተንበርክካ ከእርሱ ጋር ስትጫወት,Dog jumping into water
415657941_454d370721.jpg,ሌሎች ልጆች ሲጋልቡ ትንሿ ልጃገረድ የመጫወቻ ቦታ ፈተለች-go-round .,Playground
416992999_654a99a903.jpg,ድንጋይ ላይ የምትወጣ ልጃገረድ,Climbing
424869823_7aec015d87.jpg,አንዲት ወጣት ቀስተ ደመና ፊት ለፊት .,girl and rainbow
427557693_1108566fd2.jpg,ሁለት ሰዎች በመንገድ ላይ ብዙ ባዶ ዛፎች እና በረዶ መሬት ላይ እየተራመዱ .,Two people walking in the street
444881000_bba92e585c.jpg,በሞባይል ስልክ ሁለት እያወሩ የሚራመዱ ወጣቶች ቡድን .,Students walking on campus
445655284_c29e6d7323.jpg,አንዳንድ ዛፎች በበረዶው ላይ የሚሮጥ ጥቁር ውሻ .,Dog running in the snow
446138054_d40c66d5f0.jpg,ሰው በድንጋዩ ቅርጽ ከጀርባ እየዘለለ .,Jumping
462080147_ca088e6541.jpg,ሁለት ሰዎች ፣ አንዱ በራሱ ላይ ሣጥን የያዘ ጠርሙስ ይዞ,Two men with a box on their heads
468930779_8008d90e10.jpg,አፉ ላይ ዱላ ይዞ የሚዋኝ ውሻ .,Dog
479807115_3a484fb18b.jpg,አንድ ሰው በሞተር ብስክሌት በአቧራ ኮረብታ ላይ ይነዳል ።,Enduro
488196964_49159f11fd.jpg,ኳስ በአፉ ይዞ በውኃ ውስጥ የሚሮጥ ውሻ,Dog playing in the water
488352274_9a22064cb3.jpg,ሁለት ቡናማ ውሾች በአሸዋ ላይ እየሮጡ ነው .,Two dogs playing on the beach
489551372_b19a6ad0ed.jpg,ውሻ በእንቅፋት መድረክ ላይ እና ሰው .,Dog agility
506478284_7cf8bdbe36.jpg,"ወጣት ባልና ሚስት መደበኛ ልብስ , በዕድሜ የገፉ ወንድ እና ሴት በመደበኛ ልብስ ለካሜራ ያቀናሉ .",Prom
508261758_78fb8ae067.jpg,በአሥራዎቹ ዕድሜ ውስጥ የሚገኙ ሦስት ልጃገረዶች መሬት ላይ እየተንሸራሸሩ ሳቁ,Girls playing
510510783_b2cf5d57bb.jpg,አንዲት ትንሽ ልጅ ከዛፍ ጋር ከተያያዘ ሽቅብ ላይ ተንጠልጥላ ትሰቅላለች ።,Girl playing on a swing
512045825_1be2083922.jpg,አጥር ላይ የሚዘል ውሻ .,Dog
514222303_cb98584536.jpg,ቢጫ የፀሐይ ባርኔጣ የተለበጠች ሴት ልጅ ገመድ ላይ ተሰቅላለች .,Slacklining
514431934_9cf78f05a9.jpg,ሁለት ሰዎች እያዩ አንድ ቀይ አምቡላንስ መንገድ ላይ ይነዳል .,Ambulance
515702827_be3c6ce857.jpg,ጥቁር ሸሚዝ የለበሰ አንድ ሰው ከአንዲት ሴት ልጅ አጠገብ በሐምራዊ ሸርተቴ ላይ ይዋኝ ነበር ።,Swimming
524105255_b346f288be.jpg,የሲያትል ስፔስ ኒድል ትዕይንትን እያየች ያለች ሰማያዊ ሴት .,Seattle
533483374_86c5d4c13e.jpg,ውሻ በኳስ አቅራቢያ በባህር ዳር ነው .,Dog on the beach
535309053_ec737abde8.jpg,የተወሰኑ ሰዎች በአንዳንድ ዛፎች አቅራቢያ በድንኳን ውስጥ ሰፍረው ነበር ።,Camping
539493423_9d7d1b77fa.jpg,አንድ የመጫወቻ ቦታ አጠገብ ሶስት እንጨቶችን የያዘ ሰው !,Fire
539705321_99406e5820.jpg,ቀይ ልብስ የለበሰ ልጅ ወደ እግር ኳስ ለመድረስ ነጭ ልብስ ከለበሰ ልጅ ጋር ሲታገል ይወድቃል ።,Soccer
539801139_7258ee437f.jpg,ዝናብ እየዘነበ በውኃ ውስጥ የሚጫወት ትንሽ ልጅ እና አዋቂ ሰው እጁን ይዞ,Father and son playing in the rain
542269487_5d77b363eb.jpg,ሰማያዊ ልብስ የለበሱ ሁለት ሰዎች ከኋላ በኩል ተራሮችን ይዘው ከሐይቅ ፊት ለፊት በሚገኝ የእግረኛ መንገድ ላይ እየተንሸራሸሩ ነው ።,jogging
543102698_38e7e38bbc.jpg,ቀይ ሸሚዝ የለበሰ አንድ ትንሽ ልጅ በፓርኩ ቴሌስኮፕ ሲጫወት አንዲት ሴት ሐምራዊ ቀሚስ የለበሰች ሴት ትከታተለች .,Children playing with a telescope
551403320_dfdcf9fc3b.jpg,አንዲት ሴት በሁለት ተራሮች መካከል የደረጃ መሰላል ድልድይ እያቋረጠች ነው ።,Adventure
551664516_78a5131dc4.jpg,ጥቁር ጃኬትና ጥቁርና ነጭ ቀሚስ የለበሰች አንዲት ሴት መንገድ ላይ ትጓዛለች ።,Woman in a skirt and jacket
556568556_bc5124dc8e.jpg,ቀይ ጫማ ያለው ልጅ በዋሽንት ላይ እየተጫወተ ነው .,Boy on a swing
565605894_8f0bed0438.jpg,ሴት ልጅ ከብረት ቀለበቶች ላይ ተሰቅላ ነው .,girl on monkey bars
57422853_b5f6366081.jpg,ተራራ ላይ በድንኳን ውስጥ የሚንሳፈፍ .,Campsite in the mountains
576920249_df1bdc2068.jpg,ነጭ ሸሚዝ የለበሰ ህፃን እጆቻቸውን ያጨበጭባል !,Girl in white t-shirt and grey pants
632251903_b36701a5e9.jpg,ሁለት ወንዶች በውሃ ላይ በዐለት ላይ ፣ አንዱ በውሃ ውስጥ እየዘለለ ።,two boys jumping into a river
640053014_549d2f23d2.jpg,አንድ ሰው በቢጫ ሞተር ሳይክል ላይ ማይዳይ ውስጥ .,motocross
649596742_5ba84ce946.jpg,አንድ ትልቅ ጥቁርና ነጭ ውሻ የሚያጉረቆርም ትንሽ ነጭና ጥቁር ውሻ እየላሰ ነው .,puppy
661755629_602ea4cf09.jpg,ትንሽ ውሻ ቀይ ኳስ ለመያዝ ይሞክራል .,Dog playing with a ball
661757041_61e131e913.jpg,ትንሽ ውሻ ቀይ ኳስ ለመያዝ ይሞክራል .,Dog playing with a ball
688210930_85c5675d5b.jpg,ሰማያዊ ልብስ የለበሱ አንድ ሰው በሆቴል እንግዳ ማረፊያ ውስጥ ይራመዳሉ .,The Grim Reaper
700884207_d3ec546494.jpg,አንዲት ሴት የፀሐይ መነጽር የለበሰች ህጻን ይዛለች .,baby
701816897_221bbe761a.jpg,አንዲት ወጣት ልጅ በመጀመሪያ እግሯን እየዘለለች ወደ መዋኛ ገንዳ ስትዘል ሌላ ትንሽ ልጅ እና ሴት ደግሞ ይመለከታሉ .,Swimming
733964952_69f011a6c4.jpg,የጫማ አንጸባራቂ ደንበኞችን ይጠብቃል .,Shoe shine
799431781_65dc312afc.jpg,ሦስት ትንንሽ ወንዶች ልጆች ፊት ለፊት አብረው ቁጭ አሉ !,three boys
818340833_7b963c0ee3.jpg,ውሻ በአፉ ዱላ ተሸክሞ በሣር ውስጥ ይሮጣል ።,Dog
832128857_1390386ea6.jpg,ፈገግታ ያለው ህፃን በወያኔ እያወዛወዘ ነው .,swinging
888425986_e4b6c12324.jpg,አንድ ሰው ከጀርባው በሸራ ታጅቦ በሐይቅ አቅራቢያ በውሃ ላይ ሽቅብ እያደረገ ነው !,Slacklining
937559727_ae2613cee5.jpg,ዓሣ አጥማጁ በእጆቹ ውስጥ ያለውን ትንሽ ነገር እያየ በውኃ ውስጥ ቆሟል ።,Fly fisherman
96978713_775d66a18d.jpg,አንዳንድ የእግር ጉዞ ተጓዦች በወንዝ ላይ የእንጨት እና የሽቦ ድልድይ እያቋረጡ ነው .,Bridge over a river in the mountains
974924582_10bed89b8d.jpg,አንዲት ሴት ልጅ በአንዲት ትንሽ ገንዳ አጠገብ ሲጫወት ታያለች .,Water fight
1001773457_577c3a7d70.jpg,Imbwa yafiita ne mbwa ya mitundu itatu iyalalanshanya mu nshila.,Dogs playing
1002674143_1b742ab4b8.jpg,Umukashana umo uwapangiwe mu malaali e wikala pa ntanshi ya lukungu lwa mpelo ulwapangiwe ne minwe yakwe mu mbale.,Child painting a rainbow
1015118661_980735411b.jpg,"Umwana umulumendo ali pa musebo, e lyo umwaume uwafwele ifya kufwala ifingi alekuula icikuulwa ca mabwe.",Boy running
1022454332_6af2c1449a.jpg,Bemba umo umo umo umo umufumacumi uuleenda no muntu umo.,Lake
1022975728_75515238d8.jpg,Uyu mbwa umundu uulepontela mu menshi.,Dog
103205630_682ca7285b.jpg,Abaume babili bali mupepi no kwingila mu matenti ya kuloba mu menshi ayacepa ayali pa cishiba icapali icisabo.,Ice fishing
1057210460_09c6f4c6c1.jpg,Umuntu umo afwala umusalululo wakwe mupepi ne lifti.,Man in a dark room
1067790824_f3cc97239b.jpg,Imbwa ishingi shibili shalepaana pa lulamba lwa bemba.,Dogs playing on the beach
10815824_2997e03d76.jpg,Umukashana no kabalu wakwe bali mupepi no mulilo.,Horse and fire
1096395242_fc69f0ae5a.jpg,Umulumendo uwakwete imbombo ya kusefesha.,boy
1129704496_4a61441f2c.jpg,Imbwa shibili mu bemba shilelya ne cikwato,Dogs playing in the water
1167669558_87a8a467d6.jpg,"Paliba umwaume, uufwele umusalululo, kabili uulecita ifya kusamfya.",man
119534510_d52b3781a3.jpg,Umuntu uuli mu koti ka bulaalo aikala pa cishiba alebelenga.,Man reading a book on a dock
1229756013_94663527d7.jpg,Imbwa ya burauni iyaleponya mu muulu pa kuti ikwate umupila.,Dog
1236951314_0308dc4138.jpg,Umulumendo umo apumpe mu cishiba ukuya ku mwalalume uwaba ne fiko mu menshi.,boy jumping into a pool
123997871_6a9ca987b1.jpg,Abanakashi bamo abalebomba pa lacrosse baleya ku kusefya.,Lacrosse
1259936608_e3f0064f23.jpg,Abana babili baleya mu cishima mu mupaki wa menshi.,Kids playing in a water fountain
1287920676_d21a0b289b.jpg,Imbwa yalikwata iminsalu iyashika ku numa.,Husky
1295698260_e10c53c137.jpg,"Abantu abengi balalolesha icintu cimo ica mu cimpashanya, kabili umo e uufuma mu cimpashanya.",People waiting in line
129599450_cab4e77343.jpg,Umuntu umo aleya pa musebo wa pa lupili ninshi ali ne cishibilo ca calo ca America pa mukoshi wakwe.,Hiking
1321723162_9d4c78b8af.jpg,Abakashana babili balalanshanya pa ice skating.,Ice skating
133905560_9d012b47f3.jpg,Imbwa shibili shabuuta shalalya mu ciswebebe.,two dogs playing in the snow
1339596997_8ac29c1841.jpg,Banakashi batatu abali ne nsapato ne nsapato shalepele.,Three women in traditional clothing
1347519824_e402241e4f.jpg,Abanakashi babili abafwele icimuti ca Statue of Liberty balipangilwe mu subway.,Statue of Liberty
1379026456_153fd8b51b.jpg,Umuntu umo aikala pa tebulo pa ntanshi ya kompyuta kabili alefwala ama headphone.,man with headphones and laptop
143237785_93f81b3201.jpg,Umuntu uukwete isabi.,Largemouth bass
145721496_687af9bb18.jpg,Icisuni ca nkonto iitali icaiminine pa cilibwe ne mfula ishipupuka mu cifulo ca ku numa.,Great Blue Heron
1459032057_97e73ed6ab.jpg,Umukashana uwali mu mashati ya mikowa alya umukate.,girl eating a bun
1470132731_fa416b7504.jpg,Imbwa yafiita iyalebomba mu menshi.,Dog
1472653060_7427d2865a.jpg,Umulumendo uwali mu t-shirt umukalamba kabili uwakashika alepekanya ifya kulya pa cibumba ca kukunkunamo.,Food
1606988704_fe330878a3.jpg,"Abana batatu abaice baleya mu mpanga, balepoosa fimo ku kamera.",children playing
1659358133_95cd1027bd.jpg,Imbwa ilapupa icimuti.,Dog
1662261486_db967930de.jpg,Imbwa yabuuta ne yabuuta ilapupuka mu cisansa cabuuta ne cabuuta.,Dog jumping through a tire
1679565118_d36f0d6d52.jpg,Imbwa yafiita iyaleputuka pa kuti ikwate umupira wa tennis,Dog
1732436777_950bcdc9b8.jpg,Umwaume no mwanakashi baiminina pa muulu wa masitepe ya simenti.,Wedding
1784309115_0ad6791146.jpg,Umwanakashi uwafwele bikini alelanda no mwaume uwafwele bwino pa cilimba,A woman in a bikini is seen in the middle of a street in a city in the middle of a sandstorm.
1799271536_6e69c8f1dc.jpg,Imbwa iyalembelwe ifipondo ilabutuka pa lulamba lwa bemba.,Dog
1808504612_3508f3c9bb.jpg,Abana babili bali mu cimuti ca maluba.,Tree
1926129518_4350f4f552.jpg,Imbwa shitatu shilalya mu mpanga iyaba ne cani.,Two dogs playing
2045109977_b00ec93491.jpg,Uyu mwaume alifwele ishembe lyafiita kabili ali ne cintu ca buluu mu mwinshi.,Window cleaner
2065309381_705b774f51.jpg,Umuntu uwale-enda pa snowboard aleya pa lupili lwaba ne mfula.,Skiing
2066241589_b80e9f676c.jpg,Imbwa ya burauni ilepaya pa nkonto.,Dog
2069279767_fb32bfb2de.jpg,Abaume babili abali mu cimbusu baleponena pa lupili,Sleeping in a hammock on a cliff
2092177624_13ab757e8b.jpg,Umulumendo uwafwele ifya busaka alebutuka pa cibumba ca mabwe mupepi na pa ncende umwali ifiti.,Boy jumping over a wall
2097489021_ca1b9f5c3b.jpg,"Umukashana uufwele ifya kufwala fya ballet fya cipepala ca butterfly, alelonganika ulushi lwa ku kulyo mupepi no cilubi ca mu mushili",little girl in fairy costume
211277478_7d43aaee09.jpg,Icipikipiki icaba mu matope icapita mu mpanga.,Jeep stuck in mud
2114126343_a0f74ff63b.jpg,Abaenda mu kutampa balinamina ku cishiba,Swimming
2133650765_fc6e5f295e.jpg,Umulumendo uulepontapona mu cishiba.,Swimming
2138487671_5b89104043.jpg,Umulumendo uulepontapona mu cishiba.,Jumping into the lake
2139519215_8ca16dd192.jpg,Umukashana alebutuka mupepi ne cishiba.,girl running by the pool
2148916767_644ea6a7fa.jpg,Imbwa shibili ishakula mu ciswebebe.,two dogs playing in the snow
2181724497_dbb7fcb0a9.jpg,Umukashana uuleikala pa cipuna ca pa muulu alya spaghetti.,messy eater
2194797921_96af7a9467.jpg,Abantu balepanga icilimba ca volleyball pa lulamba lwa bemba.,Beach volleyball
2198484810_50a893824a.jpg,Imbwa ya burauni yalapita pa cilindi.,Dog running
2198494923_8159551be4.jpg,Umukashana uwaleenda pa nshi iyaba mu menshi.,girl sliding down a hill in the snow
2208631481_3e4a5675e1.jpg,Imbwa shibili ishafiita shalibutuka mu mpanga.,Dog
2228167286_7089ab236a.jpg,Umwana uulekula aleikala.,Baby
224026428_0165164ceb.jpg,Umwana umulumendo aiminina no kulolesha umushilika uulama icikuulwa.,A boy pointing at a guard at the Tower of London
2240539658_dea8db6e55.jpg,Imbwa shibili ishakula mu ciswebebe.,Dogs playing in the snow
2249865945_f432c8e5da.jpg,Imbwa yabuuta mu cikoti cafiita yaiminina mu mfula ya mabwe.,Dog in the snow
2255342813_5b2ac6d633.jpg,Umuntu uuleya pa cilibwe icaba na menshi.,Abseiling
2255685792_f70474c6db.jpg,Abantu batatu abalepita pa skis bali pa cishibilo ca kuti abantu tabalingile ukulalukusha pali skis.,No skiing
2272823323_3b7291cd47.jpg,Abaume babili abalepanga ifya kufwala ifya mu menshi balelolesha mu mbali.,Two people in winter clothing with backpacks and poles on a snowy mountain
2277299634_e14bdb7ff7.jpg,Umuntu pa musebo.,man
2283966256_70317e1759.jpg,Imbwa ikalamba iya buraoni ileenda mu lulamba lwa mumana.,Dog
2285152690_3fb93f65f1.jpg,Abaya ku Duke aba ku basketball babili balelolesha pa muulu.,basketball
2287023569_fd7a9c60b8.jpg,Imbwa ilatuula mu muulu pa kuti ikwate umupila mu kanwa.,Dog catching a ball
2302747917_aa0300eb68.jpg,Abana batatu balebutuka fye.,three children running
2307807200_91fa29cba1.jpg,Umwanakashi uwali ne cimbusu no lupato lwa buwele ali pa nse ya cikuulwa.,old woman
2310126952_7dc86d88f6.jpg,Abalebomba umulimo wa kushitikapo balabombesha muli iyi nshila iyaba na menshi ya menshi.,Husky dogs pulling a sled
2319175397_3e586cfaf8.jpg,Imbwa shibili ishabuuta shilalya mu ciswebebe.,Two dogs playing in the snow
2320125735_27fe729948.jpg,Imbwa yafiita yaiminina pa cani pa makilomita ayanono ukufuma pa bola wa mupira uwabuuta.,Dog playing with a ball
2324979199_4193ef7537.jpg,Abana babili balipapene.,siblings
2326730558_75c20e5033.jpg,Imbwa shibili ishakula mu ciswebebe.,two dogs
2330062180_355ccbceb5.jpg,Imbwa iyalebutuka mu mfula ya mabwe.,Dog running in the snow
2344898759_5674382bcd.jpg,Umwanakashi alelanda pa foni ilyo aleikala pa nse ya mabwe ya menshi ayaba pa nse ya bemba.,girl sitting on the pier
2346629210_8d6668d22d.jpg,"Umulumendo uwali ne fyakufwala, icikonko, no cikoti, aleenda mu musebo.",James J. McMenamin
2366421102_2d60d53a0e.jpg,Umukashana uwafwele ifya bulalo alasala ifyuni.,girl picking flowers
2372572028_53b76104a9.jpg,Umwana uuli mu nsalu ya buluu aleingila mu motoka wa kucimfya.,boy
237547381_aa17c805e0.jpg,Imbwa yafiita ne mbwa yabuuta bali panja balesefya ne cikwato ca kukunkusha.,Dogs playing
2387197355_237f6f41ee.jpg,Umwanakashi uulefwala iciloto ca kofi ne cikwama cafiita ilyo abantu balecinda ku numa yakwe.,Masquerade
2399551242_c62a46dd5f.jpg,Abana abali mu fimbatila fya ku-enda baleya mu menshi.,Kids playing in water
2403376030_903521c371.jpg,Umwanakashi uwali ne shati yafiita iyafiita aleenda ne mbwa iikalamba.,Dog training
2406591500_403f145905.jpg,Abacaice babili balebutuka pa nshila pa kati ka miti iisuma.,Kids running in the garden
2412390588_a89cab30f4.jpg,Umwana uuli mu cimbutulwa ca kofi alanga ifiluba ifisuma ifya mu malati.,child pointing at tulips
241347664_4a3e7e5be7.jpg,Abaya ku kabanga balepanga ifya kulya pamo.,football
241347760_d44c8d3a01.jpg,Umwaume umo alifwele umushipi wa futbole uwabutulukila ku Sooners no cisote ca nkwela.,Football player
2423138514_950f79e432.jpg,Abacaice babili abaume abaume abalele fye baleya mu menshi.,Two boys playing in the water
242559369_9ae90ed0b4.jpg,Umwanakashi uuli umushabala apapa pa mabwe ya mu mumana uwacepa.,Naked woman in a lake
2428797297_7fc3c862db.jpg,Imbwa shibili shilalisha inkondo ne cidoo ca mushili.,two dogs playing with a toy
2431723485_bc6b8e6418.jpg,Umupashi wa bacipondo uwaenda mu mpanga.,Mountain biker
2443380641_7b38d18f5b.jpg,Umulumendo uwali mu cilonda ca lukoso aleipekanya ukupoosa umupira wa orenji no mukobelo wa baseball,Baseball
2445283938_ff477c7952.jpg,Abana banono abanakashi abaikele mu cipinda pa nshi ya matanda.,Girls sitting on the ground
2447035752_415f4bb152.jpg,Abantu bamo bekala mu cishiba ca menshi mupepi no mumana.,Hot springs
2448393373_80c011d301.jpg,Umulumendo aleteya baseball.,Juggling
2460799229_ce45a1d940.jpg,Abaume batatu abali mu mashaketi ya kupususha balaenda pa bwato.,Water sports
2461372011_ebbf513766.jpg,Umuntu alapupuka pa lupili lwa mwela ilyo imbwa yafiita ikonka.,Hiking with a dog
246231741_882b45c4e1.jpg,Kacema wa ku Germany alalanga ameno yakwe ilyo aleluma ku kacema umbi uwa ku Germany.,Two dogs
2496399593_a24954a5ca.jpg,Umwanakashi umusepela uufuma ku mikowa.,Japanese girl
2497608431_8dfefc7a1a.jpg,Umuntu uuposa icinkunka ku mbwa wakwe uwafiitafiitafiitafiitafiitafiitafiitafiitafiitafiitafiitafiita.,Man and dog on a hike
2500354186_0836309cc9.jpg,Umulumendo umo uukwete tayali ya ncinga pa cifuba.,A boy with a tire
2502905671_c6039804ab.jpg,Umwaume aleteya ne mbwa yakwe pa lulamba lwa bemba,Beach
2510020918_b2ca0fb2aa.jpg,Umulumendo umo alepupuka mu tubububu utwabuuta.,boy in a tunnel
251056963_c8b67f0107.jpg,mbwa uuli nefiita utambaala pa musebo wa buluu no kanwa kakasuka.,Dog
2511762757_bd0ab0a017.jpg,Imbwa ileponta pa cipingo,Dog jumping over a hurdle
2518853257_02f30e282e.jpg,Abantu babili abalelya.,Reading
2521938720_911ac092f7.jpg,Umulumendo alelisha icikeko aleele pa cani,Cricket
2567035103_3511020c8f.jpg,Imbwa ya busanso ne ya busanso ilelwanga nelyo ukulalwa ne mbwa ya buraoni mu cani.,Dogs playing
2579572274_826598b14a.jpg,Umwana mwanakashi alekutika ku foni.,A little girl with a mobile phone
2585141045_b496a7b7c4.jpg,Umwanakashi uukwete icimuti ca bubbles pa kuti umwana apume bubbles.,girl and boy blowing bubbles
2588927489_f4da2f11ec.jpg,Umwana umulumendo alapenta icikope mu mupaki.,boy with camera
2596100297_372bd0f739.jpg,Abaume babili balesefya pa lulamba lwa bemba.,two boys playing in the surf
2596619849_7b635dd310.jpg,Abana bane baleya pamo pa nse.,children playing
2599444370_9e40103027.jpg,Imbwa shibili ishafiita shali mu kusenda mu cishiba.,Dog and otter swimming together in a pool
2616643090_4f2d2d1a44.jpg,Umwana uufwele ifya mushili fya bulalelale alasunga ifimenwa no kufibika mu kanwa.,Baby
2622624460_207dbcc4cf.jpg,Imbwa ilepupuka mu menshi ukuya ku bola wa kashika.,Dog fetching a ball in the water
2623247254_3bfc795121.jpg,Umuntu alanda no kucita fimo ne minwe yakwe ilyo bambi bekala mupepi nankwe.,man
2633082074_32c85f532c.jpg,Umwana alapupuka mu muti.,Tree climbing
2635164923_2a774f7854.jpg,Umwana umulumendo alepupuka pa cimentoni.,Skateboarder
2640153227_57cf1a3d92.jpg,Umukashana uuli ne nsuki sha blonde ne menso ya buluu alya amakooki.,girl eating a cookie
2650485780_29d89268d7.jpg,Abacaice abanono abalelisha inyimbo no kwimba ifyangalo fya ku kulisha.,A group of children playing instruments
2655196158_5c878a4af0.jpg,Umwana wa mbwa uwakwata amenso ya buluu alaala pa kapeti wa buluu alepuma icitoo.,Dog
2656039837_f46b29af92.jpg,Umukashana umo uuli umwaice alefwaya ukusansa umupira wa tennis.,Tennis
2661294969_1388b4738c.jpg,Abantu batatu abali mu fishimpa fya kufwala balimakana pa numa ya motoka.,The hanging of the three men in the 1996 film The Hanging of the Black Stockings.
2664102751_d5a737a566.jpg,Umwaume uwapalama pa parachute alapekanya ukwisa.,Kitesurfing
267836606_bbea2267c8.jpg,Imbwa yafiita ilebutuka no kanwa kaiko pa mpanga iyalimine.,Dog
2679851489_a58780291e.jpg,Imbwa yafiita ilabutuka mu cani.,Dog
2684322797_85406f571d.jpg,Umuntu uufwele icikope ca busana aikala pa tebulo ninshi ali no kunwa ubwalwa.,Man sitting at a table
2688902319_52ceaf4a2a.jpg,Umwene umukalamba uwafwele ifya muwala wa lambi kabili uwalembelwe ifimpashanya pa cifuba ali pa musebo wa mu musumba.,Monk
2694426634_118566f7ab.jpg,Umwaume no mwana babili bali mu bwato pa menshi.,Canoeing
2699733386_c346c87ea6.jpg,Imbwa yafiita iyalebomba mu menshi.,Dog
2701603045_6cbdc4ce7c.jpg,Umulumendo aleenda mu menshi.,Boy playing in the water
2710563762_06d48329d7.jpg,Abaya ku basketball baleponena pa kuti bapoke umupira.,Basketball
2711075591_f3ee53cfaa.jpg,Abantu babili balepita mu menshi.,Scuba diving
2714674623_8cd05ac114.jpg,"Umuntu uuli ne shati yafiita pa kulemba ati "" Genetic Freak "" alaala mu basi.",Man with a mustache and ponytail on a bus
2737233999_34d60dc5c3.jpg,Abantu bane baleya mu kubwangasha basketball pa cibansa.,Basketball
2744600462_5804577296.jpg,Aba pa ncinga batendeka ukubutuka pa nshita ya lubilo.,Bicycle race
2752919987_8bfca604ab.jpg,Ba mulume ne mukaji bakwata ne kusansana kubwipi na bafundi ba ñimbo.,couple
2754271176_4a2cda8c15.jpg,Umwaume uwali mu cikoti ca buluu alekuula mu cikwama cabuuta.,man
278105206_df987b0ca0.jpg,Imbwa iyalebutuka mu mfula ya mabwe.,Dog
2795866891_7559fd8422.jpg,Umuputule wa pa skateboard uuleya pa musebo na pa skateboard yakwe.,Skateboarder performing a 50-50 on a curb
2796801478_8ebd7e550b.jpg,Umuntu uwalebomfya skateboard alacita icimfulunganya pa cibumba.,Skateboarder performing a grind on a box
2823075967_be4c350e9e.jpg,Imbwa shibili shilalwa nelyo shilalwa pamo.,Dogs playing
2824922268_3fafb64683.jpg,Imbwa ilapinta amenshi ilyo ili pa cani ca mushili.,Dog shaking water off
2833820456_143ea6ce47.jpg,Umukashana uuleshitisha amenshi no mufula wa limoni.,Watermelon
2834103050_512e5b330a.jpg,Pa lulamba lwa bemba abantu bali pa mushili,Burning Man 2018
2837808847_5407af1986.jpg,"Imbwa shibili, imo iya burauni e lyo imbi iyafiita, shaleya mu menshi ya bemba ayacepa.",Dogs playing in the sea
2839807428_efe42423f2.jpg,Imbwa ileponta mu muulu pa kuti ikwate umufrisbee.,Disc dog
2842439618_fb20fe2215.jpg,"Umuntu umo alapupuka pa cimbi icilenga ukuti kube icilundu, e lyo umbi alaya ku cimbi.",Surfer
2845845721_d0bc113ff7.jpg,"Umwanakashi ali mu mpanga ninshi naiminina pa fiko, ninshi umwaume umo alebutuka.",Flying a kite
2853811730_fbb8ab0878.jpg,Umuntu uuli mu koti umwendele ali mu tende ali ne cimbunda nelyo gitara.,man playing a guitar
2855594918_1d1e6a6061.jpg,Uuleenda pa ncinga ninshi alifwele umushipi wa mupunda wa malabala kabili ali pa ncinga ya mabelo iya buluu,cyclist
2860372882_e0ef4131d4.jpg,"Umuntu uwali ne shorts ishili ne nsalu sha kusendamo amolu no cisote, aleenda bwangu pa musebo.",Inline skater
2862481071_86c65d46fa.jpg,Imyotoka iyalebomfya,Truck racing
2871962580_b85ce502ba.jpg,Umupashi wa ku makasa uwaba na kampeni wa ku makasa uwaba na kampeni wa ku makasa uwaba na kampeni wa ku makasa uwaba na kampeni wa ku makasa,Football
2878578240_caf64c3b19.jpg,abana balesefya mu cishima,Fountain
2884400562_e0851014fc.jpg,Umuntu uwakwata ifya kufwala ifingi ifya kufwala ne fya kufwala fya punk rock aiminina pa cibumba ca bulobe.,Photo by: David Shankbone
2888658480_e922a3dec2.jpg,Abalalume babili abalalonda balisaluka ukufuma pa cilibwe icaleleta ne kuya mu menda.,Cliff jumping
2888732432_7e907a3df1.jpg,Umulumendo umo alepupuka pa lupili.,Boy on a zip line
2892395757_0a1b0eedd2.jpg,Umuntu uwa pa ncinga aleenda pa ncinga pa kulongana kwa pa musebo.,Bicycle
2894229082_ddc395f138.jpg,Umukashana uufwele icafwala ca roshe eminine pa mpanga iyalimine.,girl in pink hat and football jersey
2903469015_a1e7d969c2.jpg,Ifinja fya mu kanwa fyena fyali pa musebo wa mbwa.,Greyhound racing
2909609550_070eea49b5.jpg,Imbwa iilelolesha ku mpela ya ice cream cone.,Dog
2922981282_203f04bf9b.jpg,abaupana abacaice abalelaala pamo pa busanshi,couple
2924483864_cfdb900a13.jpg,Ifinja fya mu kanwa fyena fyali pa musebo wa mbwa.,Greyhound racing
2924908529_0ecb3cdbaa.jpg,Abanakashi 5 abafwele ifya kufwala ifyabuuta kabili ifyabuuta bali mu cilimba.,Grid girls
2926233397_71e617f3a3.jpg,Imbwa ilaya mupepi no kuya mu kunwa.,Dog
2928152792_b16c73434a.jpg,Umulumendo uwali ne cilonda ca ndeke ica bulalo alilengelwe ku motoka wa pa farmu.,boy playing on a tractor
2930318834_8366811283.jpg,Umwaume uwafwele icikope ca bulalo pa kuboko kwakwe bamupumine pa lukungu lwa bulalo.,man in black hoodie with a surprised face
2930514856_784f17064a.jpg,Abalalume babili abalalonda pa cishiba balapoka icibuuku.,Surfer in the air
2932498509_27cb0038ec.jpg,Abaume babili balesabankanya mu lulamba lwa bemba.,boys playing in the water
2932519416_11f23b6297.jpg,Umuntu uwa pa ncinga alecita ifyabipa mu lwelele.,Bicycle
2938072630_d641b63e4d.jpg,"Umwanakashi umukalamba uuleikala pa nkambi, ninshi abantu bali mupepi.",old woman
2938120171_970564e3d8.jpg,Imbwa shibili sha golden shiiminine pa cisebele ca matanda.,Golden retriever
2938875913_0ed920a6be.jpg,"Umuntu uwa mu mupira wa ku makasa alefwaya ukuloba umupira, lelo uwa mu kabungwe ka balwani ba pa cibansa alebutuka.",Football player heading the ball
2943023421_e297f05e11.jpg,Imotoka ya buluu yalepula pa musebo wa mushili ilyo yaleenda mu cishiba.,Mitsubishi
2944952557_8484f0da8f.jpg,Umukashana uwafwele ifya buluu alafwaya ukufumisha uwabembuka pa nambala 11 pa kuti alebomba mu softball.,Softball
294549892_babb130543.jpg,Abantu batatu baikala no kulolesha pa mpili.,Hiking
2949762776_52ece64d28.jpg,Amabumba yabili aya futbole yalalanshanya.,Football
2951092164_4940b9a517.jpg,Umulumendo no mwanakashi abali mu fyakufwala fya kulalwa ne fya kufwala ifyaleenda mu maboko,children playing
2968885599_0672a5f016.jpg,Ba Sled ne mbwa baendele ku kabumba ka mbwa sha ku sledge ninshi umo ali fye.,dog sledding
3016178284_ec50a09e8c.jpg,Umulumendo uwali mu cisote alepaya pali ncinga.,cyclist
3041170372_c4376cd497.jpg,Umuntu uwaleenda pa ncinga ya pa lupili alepupuka mu muulu.,Mountain biker
3043908909_bb54d2c08e.jpg,Umwanakashi umo balimufumishe pa vidio ilyo alelanda ilyashi ku bantu.,Workshop
3058627443_1d57ff0a2c.jpg,Umuntu umo aleponena pa cibumba cakwe ica kusefeshapo.,Surfer falling off his board
3072611047_109bf8b7c3.jpg,Abantu babili baleya mu menshi.,Two boys diving into the water
3084711346_fda0f5a3e6.jpg,Umuntu uufwala icisote alakwata icisote.,Firefighters with helmets and megaphone
3091921457_83eee69591.jpg,Abana bane balelolesha pa mwinshi.,Children in a window
309430053_cc58bcc36a.jpg,Ubwato bwalalonda mupepi na muntu uuleenda mu menshi ayasuma kabili ayasuma.,Swimming in the turquoise waters of the Caribbean
310213587_778fe8fb5b.jpg,Umwaume alelwala ubwalwa bwa soda ali pa ntanshi ya benki mupepi na bantu abaikala,A man smoking in a park
3106026005_473a7b1c8c.jpg,Umuntu umo aikala pa ntebo pa musebo wa ku San Diego.,Homeless man
311267421_e204e643cf.jpg,Imbwa shibili ishipupuka mu mpanga ya cani.,Dogs
3116731299_6139b25c18.jpg,Imbwa iituntulu isenda inkonto mu kanwa.,Australian Cattle Dog
3125158798_0743dae56e.jpg,Umwaume no mwanakashi baiminine pamo pa musebo wa mabwe no kufumamo icikope.,couple
3134341610_3c55e373a7.jpg,Umwanakashi uwafwele masiki e wikala mupepi no mwaume uwafwele isutu ya kwa Santa kabili na kabili ali mu masiki ilyo bakwata amakapu ya mw,Christmas
3138433655_ea1d59e5b7.jpg,Umulumendo uwali mu fishimpa fya mfula fyabuuta no bwemba aledansa na banakashi abanono.,boy
3143978284_ac086be9a3.jpg,Abanakashi babili abakwata umwana,Baby with grandmother and mother
3145967019_1a83ebf712.jpg,Abanakashi batatu baleposha pa kuti bapange icikope,three women
3146630574_05d9ebbed1.jpg,Imbwa ilebutuka pa lulamba lwa bemba ne cintu ca kofi mu kanwa.,Dog running on the beach with a toy in its mouth.
3147217787_ed21cd4990.jpg,Umwaume uwafwele icifulo ca 23 alebombako umupira pa mukalo wa basiketi.,Basketball player dunking a ball
3159092624_66af4e207e.jpg,Umwana umunono alabutuka mu cani aleumfwa ukuseka.,laughing
3164423279_9b27cb6a06.jpg,Umuntu uuleya mu kushituka pa cishiba.,Sledding
3165826902_6bf9c4bdb2.jpg,Umuputule wa pa roller uulepaya pa cibansa icapala mu muputule wa pa skate.,Skateboarder on a rail
3165936115_cb4017d94e.jpg,Abaume babili aba ku Asia balalongana mu mabokoshi aya langi mu cikuulwa ca makwebo.,Chinese New Year
3174431688_ae84778db0.jpg,Abaupana bamo bali pa nse mu mfifi mupepi na ku cisaniko ca bushiku.,Christmas lights
3177799416_5bd0382370.jpg,Umuntu uule-enda mu snowboard pa lupili lwaba ne mfula.,Snowboarding
3178371973_60c6b8f110.jpg,Pali abanakashi batatu abali mu basi.,Bus
318070878_92ead85868.jpg,Umwanakashi umusepela alefwala ifipe ifyalekanalekana pa lulamba lwa bemba.,Girl selling bracelets on the beach
3186073578_6e115f45f5.jpg,Umwaume umo atamba ifikope.,A man holds a picture of a woman and her child who died in the fire.
318667317_108c402140.jpg,Umuntu uwafwele hoodie umushaba.,homeless man
3187492926_8aa85f80c6.jpg,Umuntu uuli mu fiko fya kusamba ifyafiita afuma mu menshi.,Swimming
3192266178_f9bf5d3dba.jpg,Umwaume uwafwele insalu sha buluu alafunda imbwa yafiita ukufwaya no kupususha mu mpanga.,K9
3198237818_cb5eb302f0.jpg,Umwaume uwali mu Speedo no mwanakashi uwaba ne cilumba mu bikini umwakashika no mwelubilo baleenda pa lulamba lwa bemba.,Beach
3207775692_bb897d9afd.jpg,Imbwa yafiita yalimusuma sana ilyo yaisa mu kusenda ifisabo.,Dogs playing
3211453055_05cbfe37cd.jpg,Abantu babili balepupuka mu cipinda ca kushitikapo,Skiers on a chairlift
3222496967_45d468ee66.jpg,Umwanakashi uwaba ne cilonda uukwete impapulo aleseemukila ku mwaume uwali mu cilonda cabuuta.,Man and woman
3222702477_34d2d24f1f.jpg,"Umupashi wa mu nsalu ya buluu no bwina Kristu, no wa mu nsalu ya golde no ya mufiita, baleya ku kubomba umupila wa ku makasa.",Football player
3223606402_bb2aa6db95.jpg,Umuntu uwalebomba pa skateboard alecita ifyabipa.,Skateboarder performing a trick
3249738122_decde6c117.jpg,Imbwa shitatu shilalisha pa kati ka mulamba.,dog sledding
3249891130_b241591e89.jpg,Abakashana bane abakashana abakwata umushishi wafiita balaya mu muputule wa pa muulu ukuya ku ciibi ca ma locker.,Japanese girls in shorts
3255620561_7644747791.jpg,Umupendi wa pali ici cishi alaponta pa cishipa mu mpanga ya mu mpanga.,Snowboarding
3258472448_75cfab5e6f.jpg,"Abantu batatu, umo pali aba ali mu mulilo.",Fire
3259110412_9908c45144.jpg,amenso ya mpili ishikalamba ishaba mu menshi,Skiing
3259579174_30a8a27058.jpg,Umulumendo uwali mu cimbusu alepupuka pa lupili lwa mwela.,Skiing
3259883609_6a1b46919e.jpg,Imbwa ilalolesha insimba mu menshi.,Dog and swan
3260088697_af9b6d2393.jpg,Umulumendo aleteya pa menshi.,boy running in the waves
3269895626_7b253c82ed.jpg,Umuntu uwaikala pa ncinga ya mushili aliba mu matope.,motocross
3292016893_24d14c8b4f.jpg,Imbwa iyacekulu ne mpindi iyacepa iyalalukwanga ne cakunyanjilako.,Golden retriever
3294179574_4f67e67d6f.jpg,Umuntu uwalebomba pa skateboard alacita ubucenjeshi pa menso ya bantu abengi.,Skateboarder
3295680663_af21ea648b.jpg,Umuntu umo aleponta pa nse ya motoka ilyo aleenda pa ncinga.,Bicycle
3298175192_bbef524ddc.jpg,Imbwa yafiita ne yabuuta ileluma pa kamera.,Dog
3301744710_b51280eb56.jpg,Umuntu uuli ne shati ya buluu alakwata icitabo ca kulenga.,The artist with his work
3307077951_dd31f1971c.jpg,Imbwa yabuuta ne yabuuta ilebutuka pa cani.,Dog
3313620862_0c65c645f5.jpg,Umuntu uwalebomba pa skateboard alacita ubucenjeshi pa menso ya bantu abengi.,Crowd of people at a snowboarding competition
3315323307_bd148a8964.jpg,Imbwa ya burauni iyaleenda pa nshi ya mabwe mupepi na mabala ayaba pa mabwe.,Dog in the snow
3325578605_afa7f662ec.jpg,Umutuntulu uwabuuta alapupuka pa cishiba.,Great egret
3326588088_172d1b2584.jpg,Abaume babili abafwele insalu ishabuuta baleimba gitari pa cibansa.,Two men playing guitar
3327487011_1372c425fb.jpg,Abasambi abali mu misambo ya ku ntanshi balabikako amano ku fyo abasambi balelanda.,School children in a classroom
3328397409_092de2bd32.jpg,Icipuna ca snowboard cilapupuka pa cimbusu.,Snowboarding
3335375223_b4da8df523.jpg,Umuntu uuli mu cifuba ali mupepi ne cishibilo.,Security guard
3336831820_5c5df4b033.jpg,Abantu balilongene pa ncende imo kabili pa cibumba pali ifikope fimo.,People
3337332770_5eda5cceb7.jpg,Imbwa shibili ishakula mu ciswebebe.,Dogs playing in the snow
3346289227_198fced308.jpg,Umuntu umo alepupuka pa nsalu pa muulu wa masitepe.,Skateboarder doing a 50-50 on a handrail
3355494822_61353a224d.jpg,Umuntu uuli mu cikwama ca kofi alukwenda pa nsapato.,Skiing
3355683198_715fb1a2ac.jpg,Umulumendo uwali ne shati iyakufwalako akalata alaenda pa skateboard.,Skateboarder doing a ollie over a handrail
3356369156_074750c6cc.jpg,Ubwato mu menshi.,Boat
3356494271_6103d0b556.jpg,Abanakashi babili ne mbwa shabo pa nshila ya mu mpanga.,Dogs
3360730513_211e1a4db6.jpg,Umukashana uucina alaposa sana pa cisansa.,Dance
3361990489_92244a58ef.jpg,Umukashana uuli no kukwata icikope ninshi ali mu cimuti.,girl climbing a tree
3364026240_645d533fda.jpg,Umupendi wa pali ici cishi alepupuka pa lupili lwa mulilo.,Skiing
3364861247_d590fa170d.jpg,"Abaume bamo baliba ne nsansa, bambi nabo balepumikisha.",Crowd of people
3365348059_9773165302.jpg,umwanakashi uwaba ne shishi alomona umusuma pa musana wa mwaume uwaba ne shishi.,couple
3372215826_b3e6403b2e.jpg,Umuntu uwafwele icikwati cafiita alapuma mu futi.,man shooting a gun
3372251830_baa3665928.jpg,Umwanakashi uwakwete umushishi wa bulao no menso ya bulao uufwele umushipi wa bulao.,Soccer fan
3374054694_fa56f29267.jpg,Imbwa iikalamba iyabuuta ne yabuuta ilafuma pa kuti ikwate icintu cimo ico umwanakashi uwafwele icakufwala cabuuta apinta.,Dog jumping up on a person
3375070563_3c290a7991.jpg,Icisuni icikalamba icabuuta cilepupuka pa menshi.,Snowy Egret
3381161854_af8b05243c.jpg,Imbwa shibili shalibutukila ku miti.,two dogs running
3385593926_d3e9c21170.jpg,Imbwa shibili ishakula mu ciswebebe.,Doberman
3386953179_84c2d7922f.jpg,Umuntu uwalecita snowboard ninshi alifwele icakufwala ca kofi aleya pa lupili.,Skiing
3392293702_ccb0599857.jpg,"Imbwa ileya mu mfula yabululu, iyaipekanya ukubika icitoo",dogs playing in the snow
339822505_be3ccbb71f.jpg,Umwaume alebika ifyela fya ku mwalalume uuli ne mishishi yaciwele kabili uuli ne fyakufwala ifingi nelyo umwanakashi uuli ne mibili i,Drag queen getting ready backstage
3400041870_4e7732b40f.jpg,Umulumendo no mwanakashi umwina Asia baleenda mu mupaki.,Japanese couple
3405113041_4b72c24801.jpg,Icisuni icikalamba cilepupuka pa menshi.,Bird
3405942945_f4af2934a6.jpg,Umulumendo uwali ne shati iyashika no yakuba ne mishila aleya pa lupili lwa cani.,boy
3415228562_4efa9c9b70.jpg,Umwanakashi uwali pa foni aleenda pa ntanshi ya bantu.,Cherry blossoms
3415287719_3c776f370e.jpg,Abakashana babili balepontapona mu muulu.,Jumping
3418504074_083f0bb68d.jpg,Imbwa iilekupa umupila mu mfula ya mabwe,Dog running in the snow
3419238351_ac18b440c0.jpg,Abantu bamo baiminina mupepi no kulolesha umwana uuleisa mu kusamba.,Baby in the bath
3419916411_72934edcdb.jpg,Imbwa ilelwanga mu cani.,Dog
3420338549_bd78d35243.jpg,Abaume abali mu fimbumba baiminine pa ntanshi ya cibumbwa ca nkalamo.,The lion
3421131122_2e4bde661e.jpg,Umwanakashi uwa pa kayak alalundulula amaboko yakwe ilyo amenshi yamupuma.,Kayaker in a surf
3421177332_a05741cfa4.jpg,Umwaume uwafwele ifyabuuta alekutikisha uwalebutuka uwafwele icafwala ca busana icabuuta kabili uwalembele namba 281.,man in red running
3426962078_13e87e10de.jpg,Umwanakashi uukumbatila umwaume pa cintubwingi.,Hug
3429465163_fb8ac7ce7f.jpg,Umulumendo uwali mu cikwama ca kofi aleponta umuntunshi.,shadow
3431121650_056db85987.jpg,Imbwa shitatu shilalya mu ncende iyafula mupepi no lulamba lwa mabwe.,Dogs playing in the water
3431487300_0123195f9b.jpg,Umwaume no mwanakashi babili bali pa mutundu umo.,three people on a scooter
3435233065_3411f2d29d.jpg,umulumendo uulepontapona pa ncinga mu mpanga,Mountain biker jumping over a tree
3436395540_63bc8f2fe0.jpg,Imbwa shitatu shalibutuka mu cani ilyo shalefwala amahembe ya langi.,Greyhounds
3441399292_60c83bd5db.jpg,Imbwa ya burauni yalapita pa lupanda lwa busanso pa cikuulwa ca pa musebo.,Dog agility
3449170348_34dac4a380.jpg,Umukashana uwafwala ututambo utwa pinki pa nse.,girl dancing
3457364788_3514a52091.jpg,Uyu mwaume asenda umukashana pa maboko yakwe.,father and daughter
3458577912_67db47209d.jpg,Imbwa shibili ishabuuta shalala pa mwinshi wa ng'anda imo iya matanda.,2 dogs
3461110860_37ef15af8e.jpg,Umwaume umo ali mu musumba kabili akwete icintu icabuuta.,Man in a crowd
346253487_687150ab04.jpg,Umwana uo umukalamba asunga alalolekesha ku kamera.,smiling
3465000218_c94e54e208.jpg,Abantu balibalemba pa mala.,festival
3467510271_0f57e52768.jpg,Umuntu uwaponene ukufuma mu helikopta ukuya ku lulamba lwa bemba.,Helicopter
3471066276_fb1e82e905.jpg,Imbwa shibili ishafiita shalibutuka mu mpanga.,Two dogs running in a field
347186933_880caaf53b.jpg,"Umwanakashi uwaponene ku cimuti, ninshi amakasa yakwe yalikakilwe mu nsalu.",Tree climbing
3473534758_1ae3847781.jpg,Imbwa shibili ishipanga mu nshi,boxer
3475092236_cf45d383c7.jpg,Abantu abengi balalumbanya no kufumfwanishisha ifikope ifya muntu uo bashamona.,Queue
347543966_b2053ae78c.jpg,Abaume batatu bali mu ncende ya pa cishima.,Two men looking at a glass door
3476451861_5b9c9ce191.jpg,Umuntu umo aleya pa ncinga pa cimuti.,Bicycle
3480052428_c034b98a08.jpg,Abashilika babili baingila mu hema na baume na banakashi abalebamona.,People in a refugee camp
3482668767_66004ce736.jpg,Abana abengi balapinta ifikope pa menso yabo.,A group of people holding up cardboard frames in front of their faces
3488512097_e500cb499f.jpg,"Umwaume uwafwele ifya kufwala ifya busaka, ukubikako ne cisote, alebutuka pa ncinga pa musebo wa busaka.",Enduro
3490874218_babb404b39.jpg,Umuntu uwafwele icani pa ncinga ya busani ali mu muulu pa numa ya kusha pa ramp.,Bicycle dirt jumping
3491013009_572cf2c18a.jpg,Umukashana uuli mu mashati yafiita ali ne miceele yalembelwe pa nshi ya menso yakwe.,Girl with face painted
3494345896_dd6b32cfa3.jpg,Imbwa shibili ishakula ne cipe ca fipe.,boxer
3495349745_1b29a63571.jpg,Umwaume alafwa umulumendo ukubutuka incinga.,Bicycle
3497236690_a48bf7ac42.jpg,Umuntu uuli mu cisansa cafiita ali mu cibansa ca kutukushamo.,Basketball
3499720588_c32590108e.jpg,Umwaume uwaba ne lukungu ulwakutamba katara wa buluu mu musebo.,Man walking on street
3503544012_1771be9d3a.jpg,Umupingushi aleingila mu nkondo ya hockey.,Hockey
3510218982_318f738b76.jpg,Umuntu uuleisambilisha ukubinkisha,boxer
3523471597_87e0bf3b21.jpg,Abantu babili balibelengele icishibilo pa museemo.,The Domain
3528966521_2e871ff6a1.jpg,Abalukuba pa musebo balapita ne mpili mu mpanga.,Running
3531811969_49af4c22f0.jpg,Umuntu umo alapupuka pa ncinga ya kutendeka.,Bicycle
3532782283_341f0381a3.jpg,Abantu batatu balelolesha ku mpili.,The first snow of the year
3534952095_975cca0056.jpg,Umwanakashi uufwele ishaketi lyafiita no kupomba akenda pa mopedi yakwe iyabuuta no yabuuta.,Girl on a scooter
3540416981_4e74f08cbb.jpg,Imbwa ya mulungu ilonda inama iyapuma iyalecitwa pa nsendo.,Dog
3542425197_2ef81c6051.jpg,Abantu babili balepanga ifitupa fya nyimbo pa cibansa.,Concert
3547499166_67fb4af4ea.jpg,Abantu batatu balalya pamo pa kuti bapange ukusefya,three women in aprons
3549006919_3604bc813e.jpg,Umuntu uwafwele icisote ca mfwalo alapupuka pa lupili lwa mabwe.,Climbing
3550255426_4ab03c0d6e.jpg,Umukashana uwali mu mashati ya lukungu aleponena pa cilindi.,High jump
3552435734_04da83b905.jpg,Imbwa yafiita iyalebomba mu menshi.,Dog
3553056438_4e611a7a2a.jpg,Umwana umulumendo atemwa umukashana umo ilyo bekala pa cisansa ca ŋombe ne fimbuto fya Halloween.,Halloween
3553225222_f5ebe44af1.jpg,Umwana uufwele ica kufwala ca pa kushilapo ali no kuposa icikope mu muulu.,Graduation
3554210976_fbd0ef33a3.jpg,"Uyu muntu, uwafwele ifya kulya fya buluu, eminine pa lupili lwa mucepele.",Salt mining
3565598162_56044bc2f7.jpg,Abakashana babili abali mu fikoti ifyafuuta balecinda pa nse ya balalume bamo aba kwimba.,Street performers
3566225740_375fc15dde.jpg,Imyotoka ya bashilika iyapita pa mushilika uwalefuma.,Military vehicles
3568197730_a071d7595b.jpg,Umuntu uwafwele ifya kufwala fya buluu alelundulula ulupanga mu muulu.,Korean traditional dance
3568605391_54ec367d88.jpg,Balepulishi babili bali pa cifungo kabili umupulishi umo na o aikele pa ncinga.,Police officers
356929855_6bbf33d933.jpg,Imbwa iileba ne mfushi sha golde ilaenda mu menshi.,Golden retriever swimming in the lake
3576312396_799c873f3e.jpg,Abantu abali mu mato balebutuka ukuya ku lulamba.,Sea trials
3578841731_f775cab089.jpg,Imyotoka ya pa mabelo yalapanga ulukungu ilyo yaleya pa musebo wa pa mabelo.,Rally car
3579686259_b1fe6aefc9.jpg,Sheltie uuli ne fumo aleenda mu nshila.,Dog
3584603849_6cfd9af7dd.jpg,"Umwilu wa buluu, uwa kashika, no wa lukungu ulepupuka mu muulu.",Air show
3588417747_b152a51c52.jpg,Umuntu uwalebomba pa skateboard alaponena pa nshi ya pali shitima.,Skateboarder
3589156060_3ed8d6bbc3.jpg,Umuntu umo ali mu menshi alelwanga ne mbwa.,Dog
3590294974_4ef98f013e.jpg,Umuntu umo uwaleenda mu tanki ya busana alofishe pa ncinga ya BMX iyabuuta.,Bicycle
3590739067_58baffb3a7.jpg,Umwanakashi ali pa nse alelisha gitara.,woman playing guitar
3591457224_88281dd04f.jpg,Umulwani uwafwele umusalululo ne cinkunka ca cowboy alelundulula amaboko yakwe pa kati ka bantu.,Clown
3604384157_99241be16e.jpg,Abantu abali mu mitwe yabili ne myaluba balalya pa nse,None
3606084228_6286a52875.jpg,Umuntu umo alecita ifyabipa pa ncinga ilyo abantu balemona.,Mountain bike
3607489370_92683861f7.jpg,Umuntu uwabutuka pa ncinga alaya pa nshila.,Downhill
3612825666_54f5a2bc06.jpg,Uyu muntu aleya pa skateboard pa kati ka masitepe.,Skateboarder
3613585080_36629d8157.jpg,Abaume abengi balalongana pa nshi.,A group of women in a market in Somalia.
3613705104_46d854134e.jpg,Umuntu uwalebomba pa skateboard alapupuka pa nshi ya masitepe ayaba pa graffiti.,Skateboarder doing a 360 flip on a ledge
3614595423_f9e0ab4fb0.jpg,Abana abaponena mu muti,Children
3619416477_9d18580a14.jpg,mbwa umulube apuma mu menshi pa kuti asange umupila.,Dog
3619806638_7480883039.jpg,"Umuntu uule-enda pa skateboard alapwisha ukuseepa, e lyo umbi alakulembapo.",Skateboarder doing a trick
3621329299_6fb3f2935c.jpg,Umuntu umo ali mu muulu pa ncinga mupepi ne menshi.,Bicycle
3623650392_7b75d4de21.jpg,Imbwa ya buraoni yaiminina pa mpanga ya cani.,Dog
3634032601_2236676cdd.jpg,Abantu abengi abali na banakashi abali ne shati ya lambi kabili na banakashi bambi abali mu bushifi balikunkuma ku fimfyu.,Two women in a crowd
3638178504_be1ff246bd.jpg,Amabalwe yabili yalelolesha umwana.,Horse and pony
3640348910_fcd627ec66.jpg,Umuntu uwalebomba pa skateboard aleya pa mpongolo iyaba ne langi ilisuma.,Skateboarder doing a trick on a ramp
3644941648_012ec87848.jpg,Umuntu umo alecita ifya kusansa ukufuma pa cikuulwa icitali.,Person performing a backflip
3646820231_2abc736840.jpg,Umutwe wa mbwa pa nsondo sha nama ishabuuta.,Shepherd dog
3648160673_0c783236a6.jpg,Umulwani wa golden retriever apuma pa cibumba ca surf ica buluu mu menshi.,Dog surfing
3653484549_f316590b0f.jpg,Umwana mwanakashi umo apuma amakande.,Birthday
3654338683_13b2f95a9a.jpg,Imbwa yalapita mu mpanga ya maluba ya saani.,Dog
3672944692_8d24a44fc6.jpg,Abantu babili abakwata amapuuni balalunduluka pa lupili.,The two characters from the film
3676561090_9828a9f6d0.jpg,Imbwa ileenda mu cani.,Dog rolling in the grass
3677964239_6406ed096f.jpg,Umukashana umo uulekula aleya ice cream na banakashi babili abakalamba mu cibansa ca pio.,three women and a child on a boardwalk
3683644335_b70bed1d83.jpg,Umuntu uuleenda mu menshi mu cishiba.,Swimming
3687996569_99163a41c3.jpg,Abantu 6 baleenda mu nkambi ninshi nabafwala ifya kufwala ifya langi.,The Toronto Pride Parade is a major event held annually in June.
3689727848_b53f931130.jpg,Umulumendo uusuba mu cishiba.,Swimming pool
3690107455_0fdb4ecee7.jpg,Umwanakashi aleenda pa mabwe.,Hiking
369244499_752f0c1018.jpg,Umwaume alelisha piyano,Street artist
3693297007_94512e861e.jpg,"Abantu abengi balalongana pa nse pa nse, bamo beminine, bambi nabeminine.",Crowd of people
3700004668_99c3e3f55b.jpg,Umulumendo uwali ne kanwa akali pa kati kabili uwafwele icakucingilila no kulasamba mu menshi ninshi ali na mwaume uwali mupepi nankwe.,Swimming
3704995657_e2e114083d.jpg,Umuntu uwaleikala pa snowmobile.,Snowmobile
370713359_7560808550.jpg,"Icipinda ca kulya ica ku Mexico icikalamba, kabili icifulo ca bantu tacakwata.",Restaurant
3712008738_1e1fa728da.jpg,Umwanakashi uwafwele bikini umushaba akasuba akasuba.,Swimming
3718305988_fe2c91fd44.jpg,Uyu muntu alepupuka pa nshi ya masitepe ayakalamba.,Skateboarder
3721082512_8277087f3f.jpg,Umuntu uwa pa musebo wa pa lupili aleya mu ncende umwaba ifimuti ifingi.,Mountain biker
3733074526_82aa8d5f8d.jpg,Umukashana uwafwala ifya kufwala aleya mu kusefya.,Girl in a parade
396763804_3b7f1e12a8.jpg,Paliba imbwa shibili ishipupuka pa lulamba lwa bemba.,Dog
397451339_76a84bd310.jpg,Umukashana umo eminine e lyo umbi aikala mupepi ne cimuti,Street artist sketching a woman
399679638_d3036da331.jpg,Imbwa shibili ishakula mu ciswebebe.,Dogs playing in the snow
416106657_cab2a107a5.jpg,"Imbwa yabuuta ilabutuka mu cani,",Dog
417577408_eb571658c1.jpg,Imbwa ilebutuka mu mpanga.,Dog
418616992_22090c6195.jpg,Imbwa ya mulungu iyalebomba mu menshi pa lulamba lwa bemba.,Dog running in the water
426920445_d07d1fd0f7.jpg,Imbwa ilebutuka pa cani.,Dog
433855742_c2a6fda763.jpg,Uwakwete imbwa alefwaya ukufumyapo imbwa ya Frisbee ku cibusa wakwe.,Dog catching frisbee
435739506_2daf7f4887.jpg,Imbwa yaisa ku cibumbwa icishili na menshi mu mpanga ya maluba.,Dog chasing a rabbit
442594271_2c3dd38483.jpg,Abantu bali pa lulamba lwa bemba kabili kwaba umufula wa mwela mu muulu.,Beach
444057017_f1e0fcaef7.jpg,Umukashana uuli pa mpanga ya kusepelamo,girl
444845904_a4531c811a.jpg,Umuntu uwakwata icisote alepupuka mu cishi ca mfula.,Climbing
445861800_75fc6a8c16.jpg,Abantu batatu baleenda pa nse ya musebo ninshi nabakwata imyotoka shitatu isha langi ilikalamba.,three men walking down the street
448252603_7d928c900e.jpg,Umulumendo uwaikala pa kati ka nshila ya mushili alalanga inshila.,Hitchhiking
459814265_d48ba48978.jpg,Imbwa iyapuma ilukukwangala mwi bala lya fyani ne maluba ya safu.,Bearded collie
460781612_6815c74d37.jpg,Imbwa yabuuta ne yabuuta ilapupuka mu lwelele pa kuti ikwate umufrisbee.,Disc dog
463786229_b54c9a3436.jpg,inseke pa maluba,Bee
466176275_f40d37851e.jpg,"Imbwa shibili, umufwele wa cani uwabuuta mu muulu, shilalya pa cani.",Dog
466956675_a2fb6bf901.jpg,Uwalepita mu mapili,Rock climbing
467858872_f3431df682.jpg,Imbwa shibili shalimoneka fye ne nsambu shabo no kusuma fye mu mushili.,Dog mating
475313618_bdb2f72be5.jpg,Umukashana ali mu ncende umwaba ulubuuto lushaba bwino.,Girl in a black jacket and blue jeans standing in a parking garage
475317104_1cdc1653b4.jpg,Umukashana uwaiminine mu cifulo icikalamba,girl in black jacket and blue jeans
480200554_6155e9dfeb.jpg,Umulumendo uwafwele umushipi uwaleenda pa skuter ilyo aleya ku kushitamo insapato.,A man in a motorized scooter is shopping for shoes in a department store.
480505313_2dc686e5db.jpg,Abaupana abakalamba baleposha pa cishima pa kuti bapange icikope,couple
489372715_ce52da796a.jpg,Imbwa ya buraoni ilekanya umutwe ilyo yaiminina pa mushili.,Dog
504385521_6e668691a3.jpg,Imbwa iyabuuta ilapuma amenshi mu lukungu lwaiko.,Dog shaking water off
509241560_00e5b20562.jpg,Abacaice bamo balalya pa cikuulwa icayafya.,"A small temple in the middle of a road in Bangalore, India."
510531976_90bbee22a2.jpg,Umulumendo uwali mu fimbatila fya busaka alebombomana pa nshi pa nse ya cibumba ca milala.,B-boy
512101751_05a6d93e19.jpg,Imbwa ya mulungu iyaba na kamwa yalebutuka pa cani.,Dog
516761840_842dabc908.jpg,Abakashana babili abafwele insapato balalya mwi bala.,Girls running
520491467_54cbc0a866.jpg,Abana babili balepontapona pa trampoline.,children on a trampoline
525863257_053333e612.jpg,Uyu muntu aleloba pa lulamba lwa menshi.,Fly fishing
527968666_1fcddf81ab.jpg,Imbwa yafiita iyali pa cisansa iyaenda mu menshi,Dog
534875358_6ea30d3091.jpg,Umwanakashi uwali ne fimbulu fya buluu ne sheluwe ya bulalo aleya ninshi aleisenda ne cikwama ca pulasitiki ica bulalo.,woman walking down the street
543291644_64539956e9.jpg,Umwanakashi alesefya no kunwa amenshi ku kabungwe ka baleni.,A woman in a pirate costume is dancing with a bottle of water in her hand.
597543181_6a85ef4c17.jpg,Umulumendo alesefya pa cisansa ca mushili.,Boy on a swing
618292739_0fdc2ccab0.jpg,Umwanakashi uwakwete imishishi iitali aleenda mu mpanga ya cani no mushili wa golde.,girl in a field
641893280_36fd6e886a.jpg,Imbwa shibili shilapita pa lupili lwa mabwe.,Two dogs playing
719837187_3e7bf1d472.jpg,Imbwa ya bulalo iyali ne nsala yalaluka pa kuti isange basketball iyatubuuta.,Dog
745563422_f4fa7d9157.jpg,umwanakashi umusepela uwafwala umushipi uwaiminina pa ntanshi ya bala ne nkombe sha mwangashi ishabula,Barmaid
756521713_5d3da56a54.jpg,Umwanakashi uwakwete icikope alapoosa imbwa ya Frisbee pa kuti imbwa yakwe iya buraoni ikwate.,Dog playing with frisbee
791338571_7f38510bf7.jpg,Pali motoka iinono iya kashika ne nkalamo iyafiita iyaiminine mupepi nayo pa kati ka mpanga.,Car and cow
811663364_4b350a62ce.jpg,Umukashana uwali mu fimbasa fya bulalo alyangwike mu cisansa ca menshi.,girl playing in sprinkler
848293676_98e73c52c1.jpg,Umulumendo uwali mu mashoti yabutulukila mu cishiba.,Swimming
862156271_3eacea90a8.jpg,Abakashana babili baleenda pamo no kulanshanya.,Two girls walking
872135364_8c1e47d163.jpg,Imbwa shabuuta ne shabuuta shalalwa pa cani.,Dog
899810584_61e1578d3f.jpg,"Umuntu uulefwala ifya kufwala ifimuti fya mabwe, kabili uulefwala ulupili mu cifulo ca ku numa.",A climber in a chimney on a rock in the Scottish Highlands
930126921_1b94605bdc.jpg,Umwaume aiminina ku ntanshi ya mwanakashi ilyo alelya icintu cimo.,A man eating a hotdog
93922153_8d831f7f01.jpg,Umwanakashi alepupuka pa lupili.,Climbing
942399470_6132d3e5d2.jpg,Umwaume uwakwata ubululu aikala pa cipuna apafwala icakufwala ne cisote.,Man with a long beard and hat
95734038_2ab5783da7.jpg,Umuntu umo aleya pa ncinga pa musebo uwaba mu mabwe ukwenda mu mumana.,Mountain biking
97406261_5eea044056.jpg,Inkota iya langi ilingi iyalalwa ne mbwa umushaba ne nsalu mu cikoti ca kofi.,Cat and dog
1015584366_dfcec3c85a.jpg,Mbwa yayinene yakulivala yakumuka ha chihanda chakukanguka.,Dog
1019604187_d087bf9a5f.jpg,Chilika chamutu chili hakukwata mbunda yakuchila mu kanwa kake.,Dog
1028205764_7e8df9a2ea.jpg,Mutu ni mwana mu kayaka ya mwelo,Kayaking
1032122270_ea6f0beedb.jpg,Anjingulu jitatu vanamine muunda uze mwapwile chimbundu muze mutu umwe ali nakufukama hachihela kana.,Greyhounds
1057251835_6ded4ada9c.jpg,Ngulu yamutondo yakutuka kumulwiji.,Dog running on the beach
1075881101_d55c46bece.jpg,Ou mwana uze apwile nakusokola chinyingi chakusokola kumeso.,Pie in the face
1095590286_c654f7e5a9.jpg,atu avali akuputuka,Dogs
1107471216_4336c9b328.jpg,Mwanangana umwe uze apwile namuchima wakulilenga nakumuzachisa kamela,girl with camera
1117972841_2b9261f95f.jpg,Ngulu yakulifuchi lyalifuchi lyalifuchi lyalifuchi lyalifuchi lyalifuchi lyalifuchi lyalifuchi lyalifuchi lyalifuchi lyalifuchi lyalifuchi,Dog
1213336750_2269b51397.jpg,Mwanalume umwe uze ali nakufungulula kamwana mukwavo,Two men playing a game of street football
123997871_6a9ca987b1.jpg,Vaka-kwina vavavulu valapwanga ku bola.,Lacrosse
127450902_533ceeddfc.jpg,Vatu vakuliwana vapwile nakuya nakulivanga hachihela chakuzeneka.,Skiers in the snow
1287064529_aa4e4f3c31.jpg,Chilika chamwaza chize chinasoloka nakusolola chilika.,Husky
134724228_30408cd77f.jpg,Mapwevo vavali vatwama nakuya mujila yakuzeneka.,Two girls walking in a park
1363843090_9425d93064.jpg,Ngulu uze apwile nakuya nakulivanga muchikungulwilo chize apwile nakusoloka nakusoloka nachijiho mu kanwa.,Dog playing in a river
1368338041_6b4077ca98.jpg,Anjinguluze vatatu muchikwakwa.,3 dogs
1394599090_fe0ba238f0.jpg,Mutu umwe ali nakusolola mwana umwe wamunga uze apwile mu meya.,Baptism
1397923690_d3bf1f799e.jpg,Mutu umwe wakulifuchi lyalifuchi lyalifuchi lyalifuchi lyalifuchi lyalifuchi lyalifuchi lyalifuchi lyalifuchi lyalifuchi lyalifuchi lyalifuchi,Ski touring
1401961581_76921a75c5.jpg,"Uze mwana-pwevo apwile nakukhala muchikanda chakuzeneka vyuma, nakuliunga nakuliunga, omu vakiko vapwile nakutala.",Girl jumping from a bungee trampoline
1405221276_21634dcd58.jpg,Anja vavali vanasolokanga vimbombo vyamasaji ha chihela.,Two dogs shaking water off after playing in the water
1418503947_953d373632.jpg,Mutu umwe uze apwile nachizeze chaliluli ejile nakusoka cigarette muchikanda.,man with a cigarette
1425013325_bff69bc9da.jpg,Anja vavali akuzanga mu meya ha chihela,Two dogs playing in the water
1432342377_3e41603f26.jpg,Vatu vavali vanamono mukulwiji kwakamwihi nakuchitanda.,A man and a woman
1443807993_aebfb2784a.jpg,Mwanangana uze apwile nakulivanga muchikanda chize chapwile nakulivanga,Girl sliding down a bouncy castle
1449692616_60507875fb.jpg,Mwanangana umwe uze apwile nakusoloka nakulama kamela.,girl with camera
146098876_0d99d7fb98.jpg,Vandumbwetu vaze vali nakusokola vyakulya vyakulya vyakulya navakaputuka kuya kuchikolo.,School children
1461667284_041c8a2475.jpg,"Mutu umwe wakuzata chitanda eji kutambanga kumeso a mikrofoni, muze lunga umwe ni mwana umwe veji kuvwalanga kaha pwevo umwe eji kwimana.",Street musicians
1467533293_a2656cc000.jpg,Anukweze vavali vavandende vavala malilu valizanga muchikanda cha kuhonesa,Playground
1472230829_803818a383.jpg,Vatu vasamba kanechi vapwile nakuvunda muchiwato chakutwama nachizavu.,Whitewater rafting
1472653060_7427d2865a.jpg,Mwanalume uze apwile namutondo wakuli nakutoma apwile nakuzata vyakulya hachikanda chakutonga chachivali.,Food
1476002408_4256b7b2fa.jpg,Mutu uze ali muchikutu eji kuya nakulivanga ha chihandwe.,Kilt
1479679558_d0a01bc62b.jpg,Kanyonga kali nakuzachila muchikungunu.,Creek
1528205014_1323aa9dfd.jpg,Ou lunga uze apwile navyuma vyakulya apwile nakukwata chimwe chuma mumavoko avali nakuhenga ku kamela.,Man in a yellow shirt and blue shorts at a gay pride parade
1597319381_1e80d9e39c.jpg,Mutu umwe wakulifuchi lyalifuchi lyalifuchi lyalifuchi lyalifuchi lyalifuchi lyalifuchi lyalifuchi lyalifuchi lyalifuchi lyalifuchi lyalifuchi,Soccer
160566014_59528ff897.jpg,Vatu vavali vanaswama mumotokali.,Car
162152393_52ecd33fc5.jpg,"Mwanangana umwe wapwile ha chihela chakuzeneka kulamba, mapweji a mangombe ali ha mbinji.",Kite festival
166654939_80ea4ddbcc.jpg,Makalu akukunguluka ha chihanda cha mavu,Dirt track racing
170100272_d820db2199.jpg,Mwana-pwevo umwe wamuswanela kulijika lyalilu mupaka.,Playground
1795151944_d69b82f942.jpg,Mwanakaji umwe apwile nakwenda ha njinga yamanyinga atatu hakuzachila mbinji.,Dog sledding
1812525037_528465037c.jpg,Anetu vavali vanavandende vanakwete mivwimbimbi yakutwama nakuvumbika kumeso.,A group of people dressed in costumes
1925434818_2949a8f6d8.jpg,Anji vana vapwile nakuseza muchikungulwilo.,Ball pit
1932161768_996eadac87.jpg,Mbwa umwe mweji kutwama muchikungu.,Dog
1937104503_313d22a2d0.jpg,Mbwa yinakunyina meya.,Dog
1975531316_8b00eeaaf7.jpg,Ngulu uze vanamunga ku lamba.,Dog
2021602343_03023e1fd1.jpg,Uze mwana apwile nakukwata bola ya basketball ha chihela cha basketball cha matondo.,Basketball
2034553054_b00c166895.jpg,"Mwana uze apwile nakuvwala nguvo yachikungulwilo apwile nakutala mesa hamwe nachizavu, nachizavu, nachizavu chavihula.",boy
2039457436_fc30f5e1ce.jpg,Mwanakazi wakulikanyisa eji kutambukila kuchikanda.,cowgirl
207237775_fa0a15c6fe.jpg,Mutu umwe eji kutambukilanga muchikungulwilo muze sepa lyenyi eji kufwetanga chisu.,Photographer and model in the dunes
207584893_63e73c5c28.jpg,Mutu umwe ali muchihela chakuzeneka kuzeneka kuzeneka kuzeneka kuzeneka kuzeneka kuzeneka kuzeneka kuzeneka kuzeneka kuzen,Hang glider
2086532897_b8714f2237.jpg,Mutu uze apwile ha kayak uze apwile nakuzachila mu chizavu chize chapwile nakulihuha,Kayaker in a whitewater rapid
2094323311_27d58b1513.jpg,Ngulu yize yili ni mukolo wa putulu yinakusuula lunga uze ali nakwambata majalale akunene akwata matangi.,Dog licking a man's face
2100046085_69b59b6645.jpg,Anjinguluvu vavali valungu vanwa meya kumajiva.,Two dogs in a lake
2110692070_8aaaa1ae39.jpg,Chilika chamutu wakuzeneka nachili nakuhita muchihela chachihela.,Dog
211295363_49010ca38d.jpg,"Jino jino, liwato lyavalungu lyalukilenga hachihela chamalunga.",Seattle skyline
2128119486_4407061c40.jpg,Mwana mukweze apwile nakulya chimwe chuma nakupwa nacho hakamwachi.,boy
2151056407_c9c09b0a02.jpg,Chilika chamutu chinasoloka mikoko muchikanda.,Dog
2156726763_034ecd2e39.jpg,Mwanangana uze apwile nachilamba chamulumba nakuzachila chinene apwile nakuya nakuzachila mujila wakujimbuka.,girl
2165677531_e1d5e086f7.jpg,Ngolo yakutambukila yakulilu yakutambukila ha chihanda chakutambukila navaka-kutala.,Rally
2189995738_352607a63b.jpg,Anaka vapwile nakuseza mumakumbi kumeso aulyata wa matala.,Two boys playing in the river
2192131110_8a40e7c028.jpg,Mutu uze eji kwambulula ha chinyingi,Girl on a swing
219843859_94b6d0a580.jpg,Mutu umwe eji kulumuka ku chihela chakusoloka.,Climbing
2203286182_b453e9d176.jpg,Chilika chaliundu chinasaka chilika chalilu chaFrisbee.,Dog catching frisbee
2218519240_cac5aab53c.jpg,Mwanalume uze apwile nakuvwala lamba wakuvwala mutu nakumona,Worker wearing a hair net and face mask
2226587791_66e29dd01d.jpg,Mwana uze apwile mu meya apwile nakuzata muchikumbi cha mutu mukulu.,Baby swimming
222759342_98294380fc.jpg,mwana mushi wamuka-tanga muvwimbimbi wamujimbulu uze apwile nakulilama nachiyoyelo,Watermelons
2228167286_7089ab236a.jpg,Mwana mukweze ali nakushikama.,Baby
2229179070_dc8ea8582e.jpg,Ngulu yinakuluka muchikungulwilo chize atu akwata.,Dog jumping through hoops
2251447809_2de73afcdf.jpg,Mutu umwe eji kuya nakuya kuchikungulwilo chakuhona kulizaka.,Man walking on a sidewalk in the snow
2259203920_6b93b721ce.jpg,Chilika chachindende chakuzeneka kulizata likanda chakulivanga hachizachi chajimbolo chamunene.,Dog
2290330500_e7bdaa58e1.jpg,Mwanangana umwe uze ali nakusaka chikuma kulinga vyuma vyeka ali nakuzachila mu bola ya voleyball,Girl playing volleyball
2298077331_f9a1488067.jpg,Anjinguluze vavali vanakushinganyeka mujila yakuzeneka muunda wakulinyisa.,Two dogs playing
2303426046_09cfd7bc4e.jpg,Ngulu yinatambukila haukalu muze ali ha kanga.,Dog
2307807200_91fa29cba1.jpg,Mwanakazi umwe uze apwile nachifukutu chakuzeneka namaji akwimene kumeso a zuvo.,old woman
2312731013_1a3a8e25c6.jpg,Mutu umwe apwile nakukhala mujinga muchitangu namuka yenyi nakulihela chenyi chamutenga.,Homeless man and his dog
2316097768_ef662f444b.jpg,Mutu umwe wakulifuchi lyalifuchi lyalifuchi lyalifuchi lyalifuchi lyalifuchi lyalifuchi lyalifuchi lyalifuchi lyalifuchi lyalifuchi lyalifuchi,man
2322334640_d4d22619ff.jpg,Mwanenyi uze apwile nakusoneka mbunda yakutambuka hajila.,boy on a razor
2322593776_e6aaf69e80.jpg,Mwana umwe wamunga uze ali ha mutumba wa linji.,Snow
2344875609_8e172d682b.jpg,Mwanaka-pwevo uze apwile nakuvwala chakuzeneka chinyenga ejile nakuvuluka muchikungulwilo chakuzeneka chinyenga.,Snow
2345984157_724823b1e4.jpg,Ngulu yakulifuchi lyalifuchi lyalifuchi lyalifuchi lyalifuchi lyalifuchi lyalifuchi lyalifuchi lyalifuchi lyalifuchi lyalifuchi lyalifuchi,Dog shaking water off
2346629210_8d6668d22d.jpg,"Ou lunga muka-kuzata nguzu, nguvo, ni nguvo, akuhambakana mujila.",James J. McMenamin
2351479551_e8820a1ff3.jpg,Mutu uze apwile namisolokelo yaali yakuzunga yize yalingilenga.,Parkour
2353088412_5e5804c6f5.jpg,"Ngulu yamutema yakutuka najila yakutenga mu kanwa kake, kaha ngulu yeka yakutuka.",Dog retrieving a toy
2363540508_9dd1ccf7c7.jpg,Mwanangana uze apwile nakulivanga mu tunel,girl on slide
2369248869_0266760c4a.jpg,Ngulu yinakushinguluka mu meya.,Dog running through water
2374652725_32f90fa15c.jpg,Ngulu yayinene yakuzungu yakekala nakumona ngulu yayinene yakuzungu yakuzoloka muze ali mu chinyenga.,Dog
2378149488_648e5deeac.jpg,Mwana uze apwile nachikungulwilo chakulipanga nakushinganyeka muchikalu chakushita.,boy with a crown sitting in a shopping cart
2380464803_a64f05bfa9.jpg,"Chalume umwe ni pwo vatela kutwama ha mesa, kaha nawa lunga weka eji kutwama hakumbi.",three people
2384550175_e421d3a871.jpg,Vana veji kutambanga kuchikungulwilo cha kulizata mupaka.,Playground
2385744837_8780f6731a.jpg,Mwana mukweze uze apwile najakete yakashika apwile nakulivanga muchitangu.,boy in red jacket
2394267183_735d2dc868.jpg,Ngulu yinatwama nakulizakamina chikuma muze muka-kulizakamina eji kutambuka.,Dog agility
241345721_3f3724a7fc.jpg,Vaka-kwangula mbango vavali vaputukile kulizakamina omu vapwile muukalu.,Football
241347496_1a35fec8dc.jpg,Mutu uze eji kuzachisanga mbongolo yakashika eji kulinganga vyuma vyamokomoko.,Football player
241347664_4a3e7e5be7.jpg,Vaka-kwasa mbango veji kuhanjikanga hamwe.,football
241347689_d0b1ac297d.jpg,Vaka-kwimba mbango vavavulu vapwile nakushikama hamavu.,Football player
2414390475_28a0107bb0.jpg,Mutu uze apwile nachifukutu chakuzeneka nachifukutu chakuzeneka akuhenga muchitanda.,t shirt
2415265825_fbfe0c8556.jpg,Ngulu yamutoma yakuzeneka yakuya nakuya muchihela.,Flat-coated retriever
2419186511_f0ce5f9685.jpg,Mwana uze ali nakuzata vimbombo vimwe vimwe vimwe vimwe vimwe vimwe vimwe vimwe vimwe vimwe vimwe vimwe vimwe vimwe vimwe,Baby in a bucket
242324909_06d5a6c44b.jpg,Ngulu yetama yakulifuchi lyalifuchi lyalifuchi lyalifuchi lyalifuchi lyalifuchi lyalifuchi lyalifuchi lyalifuchi lyalifuchi lyalifuchi lya,Dog
2423292784_166ee54e0b.jpg,Mwana-nganda uze apwile nachizeze chakuzeneka ku mutwe.,boy with a sieve on his head
2424976964_98f58a0618.jpg,Mwanakazi umwe wamuka-kwasa atatu ali nakuya muhanda uze vanamono,Three girls walking on the street
242558556_12f4d1cabc.jpg,Mwanakaji umwe wakaye apwile namutwe wakushimba ali nakuvwala nguvo yakayula.,girl
2426828433_ce894d1c54.jpg,Anjinguluvu vatatu vatema veji kutambanga muchikungu.,Dog
2428086758_bce4733f7e.jpg,Mbwa yayinene yinama hamwe ni mbwa yayindende kwakamwihi ni meya.,Dogs
2432061076_0955d52854.jpg,Ngulu yize yakutuka mu meya.,boxer
2436160351_108924a65b.jpg,Analume vavali vatwama najifuti jakutoma najifuti jakutoma.,Two boys playing with a tricycle
2441629086_52f68eb316.jpg,Mwanangana umwe ejile muzeneka.,girl looking through a window
245252561_4f20f1c89e.jpg,Mbwa wakulivala nambwa wakulivala veji kusepa hamwe mumwaluko.,Two dogs playing
2452686995_621878f561.jpg,Kanyonga kamwaputuka muchizavu chamukiko.,Waterfall
2458862292_466a920ee2.jpg,Mutu umwe ali nakwimako kwakamoto.,Car wash
2467850190_07a74d89b7.jpg,Ngulu ni pwo vanakundama.,Dog
2473293833_78820d2eaa.jpg,"Omu mwazaze apwile nakwamba jakande ja denim, amuhanyine lilimi lyenyi.",boy
247617754_4b1137de8c.jpg,Mwanakaji umwe uze apwile nachikanda chakusakula amwene foni yenyi muze apwile nakukhala hachikanda cha betone.,girl sitting on a bench and using a mobile phone
2476214153_99a3998509.jpg,Mwana-pwevo uze apwile namisolokoko yavali apwile nakutuka bola yafutbol muchikanda cha basketball.,Soccer
247778426_fd59734130.jpg,Chilika chilemu chakuzeneka chakuzeneka kukunguluka mu meya,Dog
2490863987_715383944a.jpg,"Mutu umwe wakuhona kutwama nakusoneka chihande nakulomba jimbongo jakutwala mbolo, mbuto nakusokola muka-kuzata.",Homeless man holding a sign
2521878609_146143708e.jpg,Mwana-pwevo uze apwile namulumba apwile nakulia mbolo yayinene.,boy eating spaghetti
2534194182_ac53035cf4.jpg,Vandumbwetu veji kutwama nakulivanga.,A marching band and their dancers
2543589122_ec3e55f434.jpg,Ngulu uze apwile nakuseza mu meya.,Dog
2544246151_727427ee07.jpg,Mwana mukweze uze apwile ni kamutondo kakusuka apwile nakuhita mu chimbundu,boy running
255091930_aa2b5c0eb9.jpg,Mutu umwe uze apwile nakusoka mbolo.,Food vendor
2552438538_285a05b86c.jpg,Twatwama navasana vatatu kwakamwihi nakulihela.,three boys on a fence
255266148_7ba7df1a88.jpg,Ngamba yacho yili ni mbunda ya putulu mu kanwa kake.,Dog
2553550034_5901aa9d6c.jpg,Mwana-pwevo umwe ejile nakukalamanga mujimbo.,Boy exploring
2558312618_13d362df66.jpg,Ngulu yakulifuchi lyalifuchi lyalifuchi lyalifuchi lyalifuchi lyalifuchi lyalifuchi lyalifuchi lyalifuchi lyalifuchi lyalifuchi lyalifuchi,Dog
2576878141_87f25a10f0.jpg,Mwana wamunyike uze ali nakusoloka muvwalo wajila ali nakushikama hachikolo chakusoloka cha pulasitiki yakashika.,Baby
2584487952_f70e5aa9bf.jpg,Mbwa wakulilika eji kusolokanga mwangana muunda wa tunyo.,Dog
2586532797_dcf22a5021.jpg,Ngulu yamutoma yakwata chikuku mu kanwa.,Dog with a bird in its mouth
2588927489_f4da2f11ec.jpg,Mwana umwe wamanyike eji kufwetanga jamuvwimbimbi muchikolwa.,boy with camera
2596100297_372bd0f739.jpg,Analume vavali vapwile nakuseza muchihela cha surf.,two boys playing in the surf
2599903773_0f724d8f63.jpg,Mwana-nganda uze apwile namisolokoko yachikanda apwile nakuzachila muchikanda.,boy blowing bubbles
2600386812_8790879d9a.jpg,Ngulu yakulifuchi lyalifuchi lyalifuchi lyalifuchi lyalifuchi lyalifuchi lyalifuchi lyalifuchi lyalifuchi lyalifuchi lyalifuchi lyalifuchi,Dog on the beach
260162669_c79a900afb.jpg,Ngulu yamutoma nachivu muchikombo.,Dog
261490838_2f3ac98b12.jpg,Ngulu yinatwama nakusaka mbweji muunda navyuma vyakulya.,Dog chasing a deer
2616284322_b13e7c344e.jpg,Anja waze ali ni shishi ya lamba waze ali nakutuka ku mbunda.,Greyhound racing
2622971954_59f192922d.jpg,Mutu eji kutambukanga mavoko kufuma muchikungulwilo cha atu.,Man with hands up in the air
2630507245_bea4804288.jpg,Ngulwane wakuzeneka chikuma omu ali nakulizakamina.,Greyhound racing
2635400219_2e1a984fd3.jpg,Mwanamukaji umwe wakulifuchi lyaMuchindende uze apwile nachifukutu chakuzunga chasalale kwakamwihi namusongalume uze apwile nalingu yalasha,Angelina Jolie and a boy in Afghanistan
264859622_f3a00ab409.jpg,"Omu apwile munyike, apwile nakuya nakuzata lamba lyali nakusoloka ku mutondo.",Slacklining
2649850541_59a6c7f01c.jpg,Mwanangana uze apwile nakushika ha chihanda.,Girl lying on the ground
2656890977_7a9f0e4138.jpg,Mwana-pwevo uze apwile namisolokoko yize apwile nakusoloka nakuzeneka chisu.,boy
2673564214_3a9598804f.jpg,Anetu vana vanalizanga muzuvo yachikungulwilo nachililu.,Bounce house
2677614492_792023b928.jpg,Mbwa wakulivala nachilivala ali nakulivanga hachihela chachivali nachilivala.,Dog
2679565682_91ecd283ff.jpg,Mutu umwe wakulivala jishili jitali ali nakutala kamela kaha nawa mutu umwe wakulivala jishili jishili ali nakulivala.,The man with the beard
2704934519_457dc38986.jpg,Mwanangana uze apwile nakusoka meya muchizanga,Girl flipping her hair in the water
271637337_0700f307cf.jpg,Ngulu uze eji kusolokanga ha chihanda.,Dog
275002371_5b200e6a92.jpg,Ngamba yakulilika yili nakusoloka hachikombo.,Dog rolling in the grass
2752341621_54490b9b09.jpg,Chindumbu chamwaza chakuvwala vyakulya nakuya mu chinyenga.,Afghanistan
2752926645_801a198ff6.jpg,Mutu umwe ejile ku mutondo muze eji kunwa.,Beer festival
2766148353_70b2e8070f.jpg,Mutu uze eji kumwenanga nakuseka nakusoneka misongo yaMohak.,A woman with a rainbow mohawk
2776029171_5abdd5a22f.jpg,Ou mwana uze apwile nakusoloka nakusaka mwanangana umwe kuchihela.,Children playing
2782480767_064c95eff2.jpg,Mwanangana umwe apwile muchizavu.,Swimming
278608022_4175813019.jpg,Mwanangana eji kulizakamina hanga apwe ni bola ya football muze mwanenyi eji kumutanganga.,Soccer
2805101709_1c8916f63a.jpg,Mwanangana uze apwile nakwambata nguvo apwile nakuzata kuvyuma vyeka vyamukuvunda.,girl playing on a playground
2834103050_512e5b330a.jpg,Chihela chize atu akwimanga ha museke,Burning Man 2018
2836360729_6500249fe6.jpg,Mwanakazi uze apwile nakulivwisa kumuchima ali nakuswama muchihela chajiha.,Kelp
2848266893_9693c66275.jpg,Ou lunga apwile nauto wakuzeneka uze apwile nakusunga mukanda wakuzeneka mumitumba.,A man in a white suit walking down a street
2852982055_8112d0964f.jpg,Anake vavali namapwevo vapwile nakuseza muchizachi cha meya.,Waterfall
2856524322_1d04452a21.jpg,Mutu uze apwile nakuya namulenge alingile vyuma vyakulinga hachihela chamuchihela.,Bicycle
2856699493_65edef80a1.jpg,Mutu umwe eji kuhanjika kuli pwevo uze eji kuvwalanga muka-kuzachila.,couple
2861413434_f0e2a10179.jpg,Mwanenyi uze apwile naJakalata yaLunga eji kutambukilanga mbata hachizavu.,boy throwing a ball
2862481071_86c65d46fa.jpg,Makalu akukunguluka,Truck racing
2869491449_1041485a6b.jpg,Anjinguluze vavali valizangile ha tunda.,Dobermans
2869765795_21a398cb24.jpg,Mbwa yayinene yakulifuchi lyalifuchi lyalifuchi lyalifuchi lyalifuchi lyalifuchi lyalifuchi lyalifuchi lyalifuchi lyalifuchi lyalifuchi lya,Dog
2870194345_0bcbac1aa5.jpg,Mwanangana uze apwile namujimba nakufunga mbunda nakukwata chinyingi nakufunga,girl with a lollipop
2875528143_94d9480fdd.jpg,Mwanangana umwe wamusoko uze apwile namakalata akulita ali nakulivutuka nakulivutuka hachikanda chakulivuluka.,girl jumping on the bed
2905948395_ca3e6b3c9a.jpg,Mutu uze eji kutambukanga namukinga wenyi hakupita chihela,Bicycle
2911919938_6bb6587a36.jpg,Mutu umwe eji kutambukanga lilimi lyenyi hachihela chakusoka.,shower
2911928620_06c3fa293e.jpg,Mutu uze ali nakuzachila mutoto eji kutambukanga kwoko limwe muluha.,Motorcycle racer
2918769188_565dd48060.jpg,mutu uze eji kulizakamanga muchizavu,Swimming
2921578694_a46ae0d313.jpg,Mutu umwe ali ha liwato lize lyapwile nachiwato chakusoloka nakulifuchi lyalifuchi lyalifuchi lyalifuchi lyalifuchi lyalifuchi lyalifuchi lyali,Windsurfing
2928152792_b16c73434a.jpg,Mwana-pwevo uze apwile nauto wakuzanga mbumbu yafutbol yajimbo yajimbo yachikanda apwile nakuzata nakuvumbika kuzeneka yakulima.,boy playing on a tractor
292887910_f34ac101c8.jpg,Ngulu mutoma wakuli navyuma vyakulya wakulilenga akuhambakana nachizachi chakulilenga muunda wakulilenga.,Dog playing with a ball
2930622766_fa8f84deb1.jpg,Mutu uze eji kwambulula ku mbinji yize yaali muundungo wa atu,People waiting for the bus
2937697444_2367ff0e28.jpg,Mutu umwe uze apwile muchihanda chakusaka meya ali nakuzata vyuma vyamokomoko.,wakeboarder
2944025729_5aecda30ee.jpg,Mutu uze apwile nakuhanda namutondo apwile nakuzachila hachihela.,Bicycle
2957071266_1b40ec7d96.jpg,Anjinguluji vavali vanakushinganyeka muunda kumeso azuvo.,Dogs playing
2968216482_ede65b20a8.jpg,Vatu vavali vakulivala vimbundu vamuvala vamutondo.,Drag racing
2971298546_dd595cf297.jpg,Mutu umwe eji kuputukanga hachitanda cha malemba ni malemba.,A man running past a flower shop
2973272684_4d63cbc241.jpg,Mutu umwe wakuzanga mbinji ya football eji kutambukila kuli muka-kuzata mbinji ya football.,Football
2987328689_96a2d814f1.jpg,Mwana-pwevo uze apwile muchizavu nakutuka libwe.,boy throwing rocks in a stream
2988244398_5da7012fce.jpg,Mwana uze ali nakuvuluka muchikungulwilo cha malavala,Toddler on a slide
2991994607_06f24ec7a6.jpg,Vatu muchikungulwilo chajingolo.,Zombie
2992614450_b5a6692239.jpg,"Mutu umwe apwile hachihanda chakuswama nachihanda, apwile mwilu, hakulihela chazuvo.",Mountain bike
2992808092_5f677085b7.jpg,Vaka-kulikita vavali vahanyine chikuma chakuzeneka kulizata bola.,Shinty
2998024845_1529c11694.jpg,Mutu umwe uze apwile namikanda yalitolo nachihela chalilu apwile nakuzachila njinga yenyi.,cyclist
2998861375_02817e0147.jpg,Malika kana veji kufwanga nafuti.,Airmen fire M16 rifles during a weapons qualification range.
3000428313_8a1e65e20e.jpg,Mwanenyi uze apwile nachizavu chakuzeneka chakuzeneka nakuzachila hachizavu,Surfer
3003612178_8230d65833.jpg,Mwanakazi uze apwile nakuvumbika pakati ka mapunga avali a mbuto ya mbuto.,smiling woman
300577374_bfccb0430b.jpg,Vatu veji kutambukanga muchikungulwilo.,The Red Square
300922408_05a4f9938c.jpg,Mutu umwe wakulifuchi lyalifuchi lyalifuchi lyalifuchi lyalifuchi lyalifuchi lyalifuchi lyalifuchi lyalifuchi lyalifuchi lyalifuchi lyalifuchi,Beach
3012513414_86180c44cb.jpg,Mutu umwe wakulifuchi lyalifuchi lyalifuchi lyalifuchi lyalifuchi lyalifuchi lyalifuchi lyalifuchi lyalifuchi lyalifuchi lyalifuchi lyalifuchi,Ski jumping
3014080715_f4f0dbb56e.jpg,Chizavu cha atu kali nakuzachila mu mbwe.,Dog sledding
3014546644_d53db746ec.jpg,Ngulu yinasoloka nakutuka mu chimbundu chamangana nachihela cha orange chasala mu mahinji.,Dog
3016521240_2ef20834b6.jpg,Mwanangana umwe wapwile ha mbangu nakwata ndumbwe yize yalimbile hamwe ni mwanangana mukwavo uze apwile ni nguvo yakutwama navala.,Two women in costume
3019842612_8501c1791e.jpg,Omu apwile namusongo wakuvala shishi yalila ali nakuzachila muchikanda chakusoka haufuku.,Ollie
3019923691_3b3c5a4766.jpg,Ngulu yakulifuchi lyalifuchi lyalifuchi lyalifuchi lyalifuchi lyalifuchi lyalifuchi lyalifuchi lyalifuchi lyalifuchi lyalifuchi lyalifuchi,Dog shaking water off
3027850131_a7772e0ba0.jpg,Vatu vavali vakulifuchi lyali nakulifuchi lyalifuchi lyalifuchi lyalifuchi lyalifuchi lyalifuchi lyalifuchi lyalifuchi lyalifuchi lyalifuchi lya,Surfers
3030566410_393c36a6c5.jpg,Mwanakaji uze apwile namwanenyi uze apwile namwanenyi apwile nakuzachila muchizavu.,Water slide
3030793171_55cd646eed.jpg,Ngulu yakulifuchi lyalifuchi lyalifuchi lyalifuchi lyalifuchi lyalifuchi lyalifuchi lyalifuchi lyalifuchi lyalifuchi lyalifuchi lyalifuchi,Dog
3030823649_3b7b6c728d.jpg,Muunda umwe waJalima ejile hakusaka bola ya tenesi,Dog
3033686219_452b172ab0.jpg,Mbwa wakulilika ali nakukhala muchihela.,Dog
303795791_98ebc1d19a.jpg,Anjinguluze vavali vakayile navihela vyakulya vanakushinguluka muchikombo.,Two dogs running
3039214579_43ef79f931.jpg,lunga uze apwile nachihela chahayile chahayile nakwenda hahayile wenyi wahayile muhanda,Bicycle
3041384194_04316bd416.jpg,Mwanakaji umwe wakuzangula eji kwambulula kaha eji kwivwanga kuwaha.,girl
3057862887_135c61816a.jpg,Mwana ni mutu mukulwane veji kutalatala umwe kuli mukwavo.,Mother and child
3060519665_4d6b9a51b2.jpg,Anatu vatatu vanamono kuhinji yayinene.,Children playing in a refugee camp in Jordan
308014594_f1d5e75507.jpg,Mapwevo vavali vavandende vaJapanese.,Geisha
3082196097_2d15455b00.jpg,Ngwenyi ni ngila ya chitalu.,The band performing in 2005
3083016677_5782bc337c.jpg,Mapikipiki avali ali na vaka-kupanda vavali.,bikers
3086523890_fd9394af8b.jpg,Mbwa yayinene yakulifuchi lyalifuchi lyalifuchi lyalifuchi lyalifuchi lyalifuchi lyalifuchi lyalifuchi lyalifuchi lyalifuchi lyalifuchi lya,2 dogs playing
3090398639_68c0dfa9a5.jpg,Mutu uze ali nakuzachila hahayilelu ali nakuzachila muchihanda chakusoloka.,Bicycle
3095137758_bdd1e613dd.jpg,Mutu uze eji kuvwalanga ngwe Santa eji kutambukanga muchikalu muze kuli chilika.,Santa Claus in a horse carriage
3097776588_312932e438.jpg,"Analume vavali vazeneka kumuchima, vaze vanasolola mutu",two men
3101378069_f8caa14c0a.jpg,"Mwanaka-pwevo uze apwile namisolokelo yalitolo, namisolokelo yalitolo nakuzachila mbwato yize yapwile napakiti.",A woman paddles a boat on the Mekong River in Vietnam.
3113682377_14fc7b62b0.jpg,Mapwevo vavali vaze vali nakuhwina vazachila mukuvwimbimbi.,Two friends
312427606_defa0dfaa8.jpg,Mwanangana umwe wakulivala wakulilia lichili.,girl eating a peach
3126795109_73920ed5dc.jpg,Mutu umwe wakulifuchi lyaMiami uze apwile nakulifuchi lyachihela chamulifuchi lyachihela.,Basketball player
3133403457_95dfe11da1.jpg,Omu mwapwile mwanalume uze apwile nakwambata manganda avali amavulu amavulu.,Hulk
3134092148_151154139a.jpg,Mutu umwe uze apwile ha kuunda.,Surfer
3136043366_b3f8607a0e.jpg,Vaka-kwambulula mbinji ya baseball vaze vapwile navimbombo jakutenga yakulivula vahanyine chihela chakutenga.,Football
3139393607_f0a54ca46d.jpg,Mutu wakujimba snowboard eji kuhonesa.,Snowboarder on a rail
3139876823_859c7d7c23.jpg,Mutu uze eji kuhananga lichili ali ha chihela chinene.,Skiing
3141613533_595723208d.jpg,Analume vavali vamine muunda wamangana muchitando.,two people in a field
3146630574_05d9ebbed1.jpg,Ngulu yinalovoka hachihela chize chinasoloka ha kanyima.,Dog running on the beach with a toy in its mouth.
3148193539_de9dd48fc8.jpg,Analume vatatu vaze vali nakwambata shishi yakutenga vali nakuzachila hachihela chakusoloka.,Boys on a slide
3150380412_7021e5444a.jpg,Ngulu yakulifuchi lyalifuchi lyalifuchi lyalifuchi lyalifuchi lyalifuchi lyalifuchi lyalifuchi lyalifuchi lyalifuchi lyalifuchi lyalifuchi,Dog
3155501473_510f9c9f6b.jpg,"Muvwimbimbi kana mwapwile mapwevo vavali vakuvwimbimbi wakuvwala misongo, umwe apwile nakulinga nge ali nakusokola uze mukwavo.",two women
3156406419_38fbd52007.jpg,Mutu umwe wakulifuchi lyalifuchi lyalifuchi lyalifuchi lyalifuchi lyalifuchi lyalifuchi lyalifuchi lyalifuchi lyalifuchi lyalifuchi lyalifuchi,Skiing
3166366760_e43cf66eda.jpg,Mutu umwe ali nakuya nachihanda ha jila yize yapwa mu mitondo.,Mountain biker in the woods
316833109_6500b526dc.jpg,Ngulu yize yakwata chinyingi yayile mu chimbundu.,Golden retriever
3174156702_95a1cda2d9.jpg,Mwana-nganda uze apwile nakuseza muchizachi cha matondo.,boy playing in a puddle
3182996527_70d9c323d5.jpg,"Mutu uze ali ha njinga ali mu lulela, ali nakujikanga mujimba wenyi ha chihela cha mbunda, kaha nawa ali nakulemba mivwimbimbi yakupandama",Bicycle
3185695861_86152b2755.jpg,Ngulu yinama mu chihela nakuseza bola ya tenesi mu kanwa.,Dog
3188044631_ca3a9cc737.jpg,Ou lunga ni pwo vanasoloka kumeso a mutondo waKrisimasi.,Christmas
3189293145_35dea42679.jpg,Yinyunyi yivali yakukwata mukunda mu chimbundu,Great blue herons
3195969533_98f5de0fab.jpg,Anjinguluze vatatu muchitangu.,Dogs playing in the snow
3197482764_2f289cb726.jpg,Anukwetu vavali vavandende vavandende nakulivwisa kuwaha.,two girls in a bedroom
3203908917_53e53c03d1.jpg,Vatu veji kuhwisa mujimba waIsalele.,Burning of a flag
3209523192_05a4cef844.jpg,Mutu uze eji kuhananga lichili eji kuhananga lichili ha chilaka chakumuka.,Skiing
3210457502_c6030ce567.jpg,Chinjila chendende chinasoloka ha meya.,Snowy Egret
3211316116_a2462e327d.jpg,Mutu umwe wakuzachila muchikungulwilo ali nakuzachila hachiyoyelo chakusoloka.,Surfer
3212625256_685bc4de99.jpg,Mutu uze eji kufwanga pwevo mujila yakuzanga,Kissing
3213395965_2a823c6865.jpg,Mwanakazi uze apwile nakulihamuna cigarette muchitangu.,woman in winter coat
3215315009_47577bf8f7.jpg,Mutu umwe eji kutambukilanga haufuku ha njinga yenyi yakutenga.,Bicycle rider in the night
3217910740_d1d61c08ab.jpg,Analume vavali vanakukafwa kuli ndotolo ha komputador.,Computer class
3219122000_bd6b4ae5ff.jpg,Ngulu yakulifuchi lyalifuchi lyalifuchi lyalifuchi lyalifuchi lyalifuchi lyalifuchi lyalifuchi lyalifuchi lyalifuchi lyalifuchi lyalifuchi,Dog
3220200084_3ea129336e.jpg,Mwanakaji umwe eji kutwamanga mwana uze ali nakuzata tulo kumusana.,Mother and child
3221815947_76c95b50b7.jpg,Punda yitoma yize yili ni mbundu yipema yili nakutuka mu chila chize chili ni chizavu ha mutondo.,Horse
3222250187_ef610f267e.jpg,Mutu umwe eji kuya kujila mangana akwate mbinji ya beach volleyball.,A young man playing football on the beach.
3225058391_a12d38d911.jpg,Mutu umwe wakuvala mukala walitondo eji kutambukanga njinga kumutwe kumeso a vatu.,Bicycle
3228517564_74b00a923b.jpg,Mwanenyi uze apwile nakuzachila muchikalu chakuzeneka kulijimba.,Trial
3236677456_75821e3583.jpg,Ngulu yinatambukila muya numba yivangile Frisbee.,Malinois
3239480519_22540b5016.jpg,Ngulu yakulivala nachize yize yakutambukila muchitangu.,Border collie
3242007318_01e82171aa.jpg,Analume vavali vamapwevo vanasolokanga kumeso a chizuvo chimwe cha malika nakuseka kuli kamela.,The entrance to the museum
3246773992_89bf86937b.jpg,Mwanangana umwe uze apwile nakuvwala chakuvwala ali nakuvwala kaha omu vakwetu vanakwivwala vyakuvwala nakuvwala.,Irish dance
3247423890_163f00a2cb.jpg,Ou lunga eji kulizakamina mivwimbimbi 6 yavalavala navalavala.,Juggling
3248220732_0f173fc197.jpg,Mutu umwe wakulifuchi lyalifuchi lyalifuchi lyalifuchi lyalifuchi lyalifuchi lyalifuchi lyalifuchi lyalifuchi lyalifuchi lyalifuchi lyalifuchi,Skiing
3249865395_dceaa59f54.jpg,Vatu vatanu vanamono hachihanda,People waiting for the bus
3249891874_6a090ef097.jpg,Kuli mapwevo vakuliwana vaze vali nakuzata vimbombo hamwe.,three young women walking
325005410_e1ff5041b5.jpg,Vatu veji kutwama ha ma-bleycha nakuvumbika mijiko yaAmerica.,Crowd of people waving flags
3251976937_20625dc2b8.jpg,Ngulu yakulifuchi lyalifuchi lyalifuchi lyalifuchi lyalifuchi lyalifuchi lyalifuchi lyalifuchi lyalifuchi lyalifuchi lyalifuchi lyalifuchi,Dog
3255620561_7644747791.jpg,Mutu uze eji kuhananga lichili eji kusolokanga ha chihela chize chapwile na manyenga.,Snowboarding
3260768565_2b725be090.jpg,"Tende yamutoma yize yakapwa navyuma vyamukulikisa muchikungulwilo chaufuku, nakuzachila hamwe navatu vaze vapwile nakuvwalanga muchihela cham",Night
3273163189_dece7babf4.jpg,Ngulu yetama yakulifuchi lyalifuchi lyalifuchi lyalifuchi lyalifuchi lyalifuchi lyalifuchi lyalifuchi lyalifuchi lyalifuchi lyalifuchi lya,cairn terrier
3273325447_81c94000da.jpg,Mutu uze eji kutambukilanga muchikungulwilo eji kutambukilanga.,motocross
3283626303_8e23d4a842.jpg,Analume vawana vamalunga vanavatambikile kuchikungulwilo cha betone.,Swimming
3284955091_59317073f0.jpg,Mutu uze eji kutambukanga ku snowboard eji kutambukanga ha chilweza chajila.,Snowboarder doing a trick in the dark
3285180819_a9712fd2bc.jpg,Vatu vavali vakulifuchi lyavaka-kwambulula veji kuzachisanga basketball hamwe.,Basketball player
3289893683_d4cc3ce208.jpg,Vaka-kuzachila basketball vavali veji kulizakamina hakusaka kutongola bola.,Basketball
3293945284_6a04e477a9.jpg,Vatu vavavulu veji kufukilanga mupaka.,Kite festival
3294964868_16f4f9fa9d.jpg,Mutu umwe wakulifuchi lyalifuchi lyalifuchi lyalifuchi lyalifuchi lyalifuchi lyalifuchi lyalifuchi lyalifuchi lyalifuchi lyalifuchi lyalifuchi,Skiing
3296226598_1c892c4351.jpg,Mutu umwe wakulifuchi lyalifuchi lyalifuchi lyalifuchi lyalifuchi lyalifuchi lyalifuchi lyalifuchi lyalifuchi lyalifuchi lyalifuchi lyalifuchi,Black man in a city street
3297323827_f582356478.jpg,Mutu uze eji kulizanga snowboard eji kulizanga lilele hakulizanga kulijiko.,Skiing
3313232606_4ce7e16b87.jpg,Vaka-kwambulula mbinji ya football vatela kushinganyeka ha chihela cha mashimbu eswe.,Soccer players warming up
3315250232_83e24a2d51.jpg,Mwanangana uze apwile namusolokelo wakulivala najinji yakulivala apwile nakuhita muchikombo.,girl running
3315353266_70f0bbb1c3.jpg,Mutu umwe wakuvwimbimbi vyakulya wakuzata chitanda mangana afwe jimbongo.,Busker
3319405494_58dee86b21.jpg,"Vatu vavali vaze veji kuhanjikanga lifuchi lyavo veji kutesamo vyuma vyakulinga, oloze umwe wamuchitatu eji kutesamo vyuma vyakulinga hakunyima.",Skiing
3321956909_7b5ddf500f.jpg,Mwanana umwe wamuseka hazuvo yenyi yalizata liaka.,girl
3325974730_3ee192e4ff.jpg,Mutu uze eji kulizanga mu snowboard eji kufumanga mwilu kufuma ku mbunda yize mwapwile chinyenga.,Snowboarder
3335997221_254366c400.jpg,Vatu vatanu vali nakuhanjika muzuvo yamutoma.,People
3339319023_5dcc3ef81a.jpg,Mutu umwe waku baseball eji kutambukila ku baseball.,Baseball
3343116398_59a5341f7f.jpg,Mutu wakulifuchi lya basketball eji kutambukila mbolo ha shimbu lia chizavu.,Basketball player dribbling the ball
3348208268_6d97d951eb.jpg,Omu apwile namulumba apwile nakulivwisa kumuchima wakulivala wakulivala wakulivala nakulivala wakulivala wakulivala wakulivala wakulivala wakuli,B-boy
3351667846_ac43118ae5.jpg,Vatu vamwe vapwile nakulilama muchikungulwilo mangana vapwenga navyuma vyakulya.,Food
3352199368_b35f25793e.jpg,Mutu uze ali nakuya ha jila yize yapwa ni mbundu,Snowshoe
3352791995_8db4979aca.jpg,Mwana uze ali nakusoneka mavoko jenyi ha chivuwa cha pwevo uze ali nakusoneka nguvo yakashika.,A boy listening to his mother's pregnant belly
3357194782_c261bb6cbf.jpg,Vatu veji kutwamanga mu mbasi chipwe mu ngolo.,Bus
3361411074_83f27d2a1c.jpg,Ngulu yinakushinguluka ku chibanda chize chinapema.,Dog running up a hill
3364258732_9942c557e5.jpg,Vatu vavavulu vali nakuzata milimo yakukwasa.,A group of people playing a game of dodgeball
3364797223_1f0b2f98ed.jpg,Chizavu cha vana vaAsiya vaze vapwile nakusunga vishina vyamuchili.,Protesters in Hong Kong
3367758711_a8c09607ac.jpg,Kuli mapwevo vavali vaze vali nakukavangiza mutanda kumeso a mbasi jivali.,Bus
3371567346_b6522efdb8.jpg,Anch twikechikin mutapu wa kupan.,Adam and Eve
3371887001_44ab0c2f17.jpg,Mutu umwe eji kutambukanga ku lilama nakuzachila hachihanda chakupunda.,Mountain biker
3375070563_3c290a7991.jpg,Chinjila chinene chinasoloka ha meya.,Snowy Egret
3375920709_ef7370fa09.jpg,Ngulu yize yakutuka mu chinyenga.,Collie
337793983_ac5b2e848e.jpg,Vatu vavali vapwile nakushinganyeka kumeso a kavayi vamupangile mwilu.,people sitting outside a restaurant
3386060324_b98fdfa449.jpg,Mutu uze eji kufwanga chihanda ha njinga,Mountain biker jumping
3387661249_33e5ba0bc5.jpg,Chilika chachilika chinamono mbalu wakuli yize yinasoloka mutu wenyi mu chihela.,Horse and dog
3393343330_b13df4d8ec.jpg,Mutu umwe apwile nakushikama ha mesa yize yapwile navyuma vyaswala jita.,A woman selling military memorabilia at a fair.
3394070357_cb2a3243fc.jpg,Mbwa yayinene yakulifuchi lyalifuchi lyalifuchi lyalifuchi lyalifuchi lyalifuchi lyalifuchi lyalifuchi lyalifuchi lyalifuchi lyalifuchi lya,Dog running in water
3395173129_f0ac0a1ed4.jpg,Vatu vatatu vakuvwimbimbi vyakulya vamine kumeso a zuvo yamutenga.,three people
3399843227_3b9d2a8dbf.jpg,Mutu uze ali nakunwa uze ali nakusoneka pwevo.,A man and woman at a party
3399944164_ec24123945.jpg,"Jino pwevo umwe eji kulale nakusoneka kamela, kaha lunga umwe eji kumuvanga nakulikwata chishina.",couple
3405113041_4b72c24801.jpg,Chinjila chinene chinasoloka ha meya.,Bird
3420469425_2980b4cd30.jpg,Kapilishete uze apwile nakusoneka mukanda apwile nakumona pwevo nawana wenyi.,Baptism
3424934891_69f18da66e.jpg,Anjinguluze vavali veji kuzachisanga namitambo yimwe yakashika.,Dogs playing
3442844140_15aa45e9b8.jpg,Analume vavali vanakutenga likolwa lyamuchililu chakuzeneka chimbimbi.,Sea lion
3443853670_6c79fcfcb2.jpg,Mutu umwe eji kutwama nakushita kuchikanda chakuzeneka kuvala naimbwa yakuzeneka.,Dog
3461583471_2b8b6b4d73.jpg,Mutu uze eji kuhananga mu snowboard eji kutambukilanga mu ramp.,Snowboarder
3463268965_f22884fc69.jpg,Vatu vaze vapwile nakuvumbika vatela kulizakamina muchikanda chakuputuka.,Soldiers running
3467282545_273a97b628.jpg,Vatu vatatu va ku Middle East vanaswama hachihanda hachikuma chakutala nakutala milimo yakutenga mikanda.,Three men sitting on the floor and signing a document.
3472364264_dbde5a8d0a.jpg,Ngulu uze eji kutambukanga ku chihela.,Dog running on the beach
3474912569_7165dc1d06.jpg,"Mwanangana umwe uze apwile namutondo wa putulu apwile nakuzata chihande chakusoneka ngwavo, "" Kuzachila. """,Girl with a sign
3484841598_e26ee96aab.jpg,"Mutu wakulivanga wakutanga eji kutambukila nakuzachila, muze mutu wakulivanga eji kutambukilako hachiza cha softball",Softball
3485816074_363cab4bff.jpg,Mutu wakuzanga rugby eji kulweza mbolo kuli umwe mukwavo uze eji kumukafwanga.,Rugby player
3486135177_772628d034.jpg,Mutu uze eji kutambukanga ku snowboard eji kutambukanga ku mavoko.,Snowboarder doing a handstand on a halfpipe
3486538055_bcf4d3dfda.jpg,Chilika cha chinyenga nachilika cha mutundu chali nakulwa mu chihela cha chihela.,Dogs playing
3496028495_431cfdc042.jpg,Kuli mbwa wakulivala wakulilama ha kanga yize yakwata bola ya tenesi mu kanwa kake.,Dog
3500115252_9404c066a8.jpg,Ngulu yinatambanga najojoyi ya malilu hakuliwana ni ngulu.,Dog
3501083764_cf592292a6.jpg,Tumba yatwama mu musoko umwe.,A family in a village in the desert
3501936223_6122a13d27.jpg,Mutu uze eji kuhananga ku shishi uze eji kuhananga ku chilima chinene,Skiing
3506096155_13632955e8.jpg,Mutu uze apwile nakuzachila muhayike eji kufulumuna hakusoloka.,motocross
3506607642_40037b3fbf.jpg,Vaka-kwasa mbango vavali veji kutambukila ku mbango muze muka-kuzachila ali nakuzata chihanda.,Soccer
3507670136_2e5f94accf.jpg,Mutu uze ali nakuswama nachihela chachihela ali nakulivumba hachihanda chakuswama nachihela.,motocross
3512033659_7e8a0c2ffa.jpg,Vatu vavavulu vapwile nakuvumbika misongo yavo.,Crowd of people waiting in line
3514179514_cbc3371b92.jpg,Mutu umwe wakulilenga baseball eji kutambanga bola muze mukwavo eji kutambukila ku mbango.,Baseball
3527682660_c5e9fa644a.jpg,Atu awana kakongene ha mesa,Business meeting
3532192208_64b069d05d.jpg,Mutu umwe muzuvo hamwe navatu veka vapwile nakukwata kamela yayinene.,man with camera
3533660418_f3a73a257c.jpg,Vatu vatatu vamakumunyika yaKalungalwiji vavandende hamwe.,Men sitting on the curb
3545586120_283d728a97.jpg,Vaka-kujita vavali vakulivala jikota jakuzeneka veji kulizakamina.,Boxing
3555231025_73fa54fa29.jpg,"Mwanangana umwe wamusoko, uze apwile nakuvala top ya putolo ni jeans, apwile nakwimako hachihela, kaha nawa vatu veka vapwile nakumuvangiza.",girl
3559781965_d4ec00e506.jpg,Chilika chachilika chinaswama nachilika chachililu muze chinasoloka mu chimbundu.,Dog
3566225740_375fc15dde.jpg,Jino maswalale amyaka yakukaye ejile nakuzachila kuli ndungo uze apwile nakuya.,Military vehicles
3569406219_f37ebf7b92.jpg,Mapwevo vavali vakuvwimbimbi wakuJapanese veji kuya mumuka-kwambata.,A couple in a kimono in front of a traditional Japanese house
3570800810_978c993133.jpg,Anake vavali vanakumba liji nakuzachila liji.,boys playing in a puddle
3576536763_3c8c4f232e.jpg,Mwanangana uze apwile nakusoneka nguvo yalitolo apwile nakuhita kufuma ku mukiti kuya ku lilama.,girl running on the beach
3578477508_b7d839da16.jpg,Mutu umwe ali nakuvunda kuchikungulwilo chakuzeneka kuhichila ha jitanda.,Skateboarder doing a 50-50 on a stair rail
3580082200_ea10bf2f68.jpg,Mutu umwe ali nakusolokanga nambwa uze ali nakuhita kwakamwihi.,Man playing with his dog
3582689770_e57ab56671.jpg,Vatu vavali veji kuya nakuzachila hachiyoyelo chakutalila hachiyoyelo.,Cannon
3590647207_2d4ec3f52c.jpg,Akwo akwata mbunda mu chihela chize kakwata mbunda ja Canada ni ja United States.,Rodeo
3593220756_5c416c3ceb.jpg,Ou lunga ali nakwambata ngule ya kuhonesa nakuzachila hachililu cha surf.,Surfer
3599568766_9e96def0ef.jpg,Mbwa wamutu wamutu uze ali navitanda vyamutu uze ali nakuhita mujila wakuzeneka,Dog
3606909929_90a1a072b7.jpg,Nganda ya kulizakamina yakuputuka kufuma muchikungulwilo ha chihela cha kulizakamina.,Car drifting
3607405494_0df89110a6.jpg,Anjinguluvu vatatu vatoma valizakamine muchikombo.,Greyhounds racing
3607969989_68cc411493.jpg,Ou lunga apwile navyuma vyakulingila vyalilanga apwile hachikanda chakuvunda kumeso achikanda chakuvunda.,man riding a skateboard
3608849440_e7d2bed29f.jpg,Vana vatatu vali nakuseza na ma-balls ha chihela,Baseball
3609027309_af75f773d9.jpg,Mwanenyi umwe namapwevo vapwile nakuvwanga.,A woman and a boy dancing
3612484827_0e479f9ee8.jpg,Vatu vavali veji kuzachisanga vatu mupaka.,B-boy
3613585080_36629d8157.jpg,Chihande chavakashi vaze vanaswama hamavu.,A group of women in a market in Somalia.
3616846215_d61881b60f.jpg,Chalume umwe ni mapwevo vavali vapwile muzuvo wakuzachila nakusunga jizavu jakusokola.,three people in a greenhouse
3619630328_2d0865b6f4.jpg,Ngulu uze eji kusolokanga ha chihanda.,Dog jumping over a hurdle
3628994466_a12065d29b.jpg,Mutu uze apwile nakukwata chikombe hakupwa hachiyoyelo.,English:
3631344685_ed0f3e091b.jpg,Mutu uze eji kuzachisanga baseball eji kuzachisanga mbata yenyi nge uze eji kuzachisanga kapinda.,Baseball player
363617160_6cb0c723be.jpg,Mwanangana umwe wamuswanela kuvwika mavu aali mwangana.,A girl painting a mural
3636247381_65ccf8f106.jpg,Mwana umwe eji kupwanga baseball muchikungulwilo.,Baseball
3640661245_c8c419524d.jpg,Mwanangana uze apwile ni nguvo yakutenga yakulituna ya polka ni lamba wakutenga wakulituna wakulituna wakuzata nalipinda lyalituna,girl playing with toy
3648097366_706c8a57a1.jpg,Vatu vavavulu vapwile nakumona omu muka-kuvunda eji kusolokanga hakutambuka kujila.,Skateboarder
3665996775_6d7d9a46f1.jpg,Mwanangana uze apwile nakwambata tutu wa linji.,girl in pink tutu
3666169738_a8c74cf745.jpg,Mwana mukweze watambukila mu meya,Baby playing in the water
3667404919_b273df57e4.jpg,Ngweji kuhananga mujimbo wakufuma kuchikungulwilo nakuya kujila yamuchikungulwilo.,Mountain biker
3672109677_8caa992671.jpg,Vandumbwetu vawanyike veji kwambulwilanga hachitanda.,Dance
3685328542_ab999b83bb.jpg,Mutu umwe uze apwile nachijiva chaMarti Gras chachihela nachihela chachafu muchilika.,Man in green costume with mask and feathers
3692892751_f6574e2700.jpg,Mutu umwe eji kufwanga chihanda hachikanda chenyi kumeso a vatu.,Skateboarder
3693297007_94512e861e.jpg,"Vatu vavavulu veji kuvungananga poseko, vamwe vamisoneko.",Crowd of people
3705688385_47651205d3.jpg,Mwana-pwevo uze apwile nakukanda chuma muchifuka.,Boy throwing stones into the water
3707077198_efd6aa808d.jpg,Mutu uze eji kuhanjikanga ku-skateboard eji kusolokanga ku-rampa yize yapwile ni mivwimbimbi yaliputuke.,Skateboarder
3710971182_cb01c97d15.jpg,Vatu veji kuzachisanga hockey.,Hockey
3722572342_6904d11d52.jpg,Jino liwato lyakulivwisa lizavu lyalumuka.,Hydroplane
3726629271_7639634703.jpg,"Anji vana vajingulu kana vanamono chimwe chuma chakuhona kumonako, vavali kuli vajingulu kana vanasoloka muluha.",Dogs playing
3727740053_3baa94ffcb.jpg,Vatu vavali vali nakuzata jita yaKarate.,Karate
380527679_574749123d.jpg,Lunga umwe wakuzachila mihako uze apwile nakushinganyeka vatu vavavulu.,Street fair
417966898_a04f9b5349.jpg,Anukwetu vavali vavandende kuchikungu chapaki.,Playground
421730441_6b2267fd31.jpg,mutu walunga wakulivala kapisole wakulilama kumeso a mbumbu ya malika ni chimanyiso,young man in front of a brick wall
42637986_135a9786a6.jpg,Vatu vavali vanasoloka hachihela nachihela chinakinduluka.,Sunset over Lake Washington
439916996_1ddb9dc8e7.jpg,Mwanakaji umwe eji kutambukila mbongolo jenyi vavali jachili mangana vajiheze.,Dog playing with frisbee
444872454_9f51e07f88.jpg,Akweze amwe akuhambakana hamwe.,College students
447722389_4b51b7e13d.jpg,Ngulu yinatambukila mu luli mangana yivangile mbolo yakulivala.,Dog
461019788_bc0993dabd.jpg,Vatu vavali vanakumbata hakutwama chinyingi.,Lake
481887827_f8975dabf1.jpg,Vatu vavavulu veji kutwama kumeso a moto.,Campfire
485921585_1974b1577a.jpg,Mutu uze ali nakuzachila hahayika ya BMX eji kufwanga vyuma vyavilemu hakusoloka.,Bicycle
489773343_a8aecf7db3.jpg,Mwana-pwevo uze apwile muchihela ali nakuhana mbunda kuli umwe wajingulu jakutoma vavali.,Beach
495055747_a75872762a.jpg,Mwanaka-pwevo uze apwile nakulishisa jila mujijivu.,Woman in blue velvet dress and red jacket crossing the street
496110746_a93ca191ae.jpg,Mwana umwe ali nakusoloka hachikungulwilo.,Girl on a swing
504385521_6e668691a3.jpg,Chilika chachilika chinasoloka meya ha lamba liacho.,Dog shaking water off
506412121_67ecc7ec05.jpg,Mutu umwe apwile nakuzata mishipa hakulihela chajimbimbi jakutoma.,Surf fishing
512163695_51a108761d.jpg,Mutu kana ali nakuya nakuya nakuya nakuya nakuya nakuya nakuya nakuya nakuya nakuya nakuya nakuya nakuya nakuya nakuya nakuya nakuya naku,"A man walking down a residential street in Los Angeles, California."
516761840_842dabc908.jpg,Anukwetu vavali vamapwevo vaze vali nakusokola vatela kushinganyeka ngwavo vanakulinangula muwande.,Girls running
529198549_5cd9fedf3f.jpg,Vandumbwetu vawanyine vanahase kutambukila ku musuwa.,Rafting
532131603_c82d454c8a.jpg,Ngulu mutema ali nakusoloka mu tunel yikola.,Dog
537479916_c033897fac.jpg,Ngulu yamutoma yaputuka kukunduka ha chihanda chakusoloka nachililu hachihela chakusoloka.,Dog on a ramp
543102698_38e7e38bbc.jpg,Mwana-pwevo uze apwile namusolokelo wakashika apwile nakulizanga nachizezeze chakusokola hachize apwile namusolokelo wakulinyisa.,Children playing with a telescope
543264612_c53cc163b4.jpg,Mwana mukweze apwile nakwambata mbata jakutoma jakutoma.,child
544576742_283b65fa0d.jpg,Mwanakazi eji kuya nakuzomboka.,Rock climbing
559102835_472ff702b5.jpg,Analume vavali vapwile nakuseza nalipaka lyamasavu muchikungulwilo chajimba.,Soccer
566921157_07c18a41e2.jpg,Anja vavali vanakushinganyeka muchihela,Dogs
611910909_4f8e43e070.jpg,Mwanangana uze apwile nakutala mwilu hakulivanga kuvisendeko vyamiti.,girl in a tree
613900608_2e49415772.jpg,Mwanakazi umwe uze apwile navyuma vyakulya kumisongo yenyi apwile nakulivwisa lika chilika hakupwa nakuvuluka.,Barefoot dancer
652542470_60e858da64.jpg,Mwanangana uze apwile nakuzata mazuwa akukumina.,Girl swimmer
661755629_602ea4cf09.jpg,Mbwa umwe uze apwile namusongo apwile nakuzachila chinyingi chakashika.,Dog playing with a ball
661757041_61e131e913.jpg,Mbwa umwe uze apwile namusongo apwile nakuzachila chinyingi chakashika.,Dog playing with a ball
688940111_325a74674a.jpg,Mwana-pwevo uze apwile nachizezeze chikoko nakusunga chizavu chaRitz.,boy
72218201_e0e9c7d65b.jpg,Vandumbwetu vamwe veji kutambukila mu chinyingi.,Snow
724702877_f2a938766b.jpg,Ngulu yetama yakulifuchi lyalifuchi lyalifuchi lyalifuchi lyalifuchi lyalifuchi lyalifuchi lyalifuchi lyalifuchi lyalifuchi lyalifuchi lya,Dog playing with a ball
750196276_c3258c6f1b.jpg,Mwana umwe mukweze ali nakuhita ha majila akwo.,boy
759015118_4bd3617e60.jpg,"Mwana-pwevo uze apwile namisolokelo yaali yakulilakale ejile nakumona kamela, kaha chimbangu chalingilile.",boy
769260947_02bc973d76.jpg,Chilika chamutu uze ali ni mbutu yikola ali nakuhita mu meya akunyima.,Dog
792362827_5ab5281b99.jpg,"Vana vatanu vali nakusoneka chishina, umwe ali nakukwata uta",Five children
805682444_90ed9e1ef3.jpg,Anji vavali akufwana nge vakiko vanasake kuhonesa mbolo mu meya akwata matumba.,Two dogs playing on the beach
823697339_aadbeef495.jpg,"Mapwevo vavali, umwe apwile namutwe wakashika, vamine kumeso a zuvo.",two girls eating
838074897_9d6270b3cd.jpg,Mwana mushi uze apwile nakusoloka muchizavu chakusokola kapwile nakuswama.,Girl playing in water fountain
859620561_de417cac1e.jpg,Ngulu yinakutuka muya mangana akwate chuma.,Dog
875731481_a5a0a09934.jpg,Akwo akwa-mazuwo vanamine ha siteji.,Samba dancer
888517718_3d5b4b7b43.jpg,Muzeji umwe waJalima apwile nakuseza meya muchikungu.,German shepherd
947969010_f1ea572e89.jpg,Ngulu uze apwile nachikombo mu kanwa ejile mu meya.,Dog shaking off water
95151149_5ca6747df6.jpg,Kunda yayinene yavula yalizanga.,The mountains of the Hindu Kush in Pakistan and Afghanistan.
961189263_0990f3bcb5.jpg,Mwana umwe mukweze ali nakushikama ha chihanda chakusuluka chize chajingilikile mu mbundu.,mud
1032460886_4a598ed535.jpg,raan cï nyuc ɣön nhial,The Empire State Building
1089755335_0bfbfd30e6.jpg,Mɛɛr kek mïth kadiäk ye tɔ̈u në agör de agör në thääu.,Fishing at night
1142847777_2a0c1c2551.jpg,Dhäny cï cieŋ wënh ye blue helmet ku brown shorts acï cath në kekecïn në dhɔ̈l cï rɔt looi yiic.,Bicycle commuter
1164765687_7aca07bbe7.jpg,Raan cï rot looi ke cï rot looi ke cï rot looi ke cï rot looi ke cï rot looi ke cï rot looi ke cï rot looi ke cï rot looi ke cï rot looi ke cï,Dog and man playing with toys
1167669558_87a8a467d6.jpg,"Ku raan ë tɔ̈ thïn, ke ceŋ alɛ̈th ɣer ku ye rɔ̈ɔ̈m kek ye.",man
1204996216_71d7519d9a.jpg,Raan koor acë tɔ̈c në piän de piänk.,boy lying on a bench
1235685934_be89b231fb.jpg,Raan cï nhom nyin deŋ acï bɛ̈n lɔ̈ɔ̈m tɛ̈n raan cï nhom nhom ye muk ku ye ŋɔ̈ɔ̈th.,man and woman
1286408831_05282582ed.jpg,Raan koor cï liepde tääu piny acï bɛ̈n nhial në piöc cï looi tim.,boy
1304961697_76b86b0c18.jpg,Kɔc karou ke ye wakebordiic në kaam tök kek aacï bɛ̈n kuany bïk wɛ̈t ya nyuɔɔth në kë ye kek ye looi në ye high five.,Wakeboarding
1307635496_94442dc21a.jpg,Raan cë kuëëŋ acï bɛ̈n tëëk në tiim yiic.,boy running
1355833561_9c43073eda.jpg,Raan cï muk jalat cï kɔ̈u apuɔl ye meth cuat nhial në agör,Man throwing child in the air on a beach
136644885_f7d2bbf546.jpg,Dhäny ë raan cï rïïu kɔ̈u në tiim yiic ke kɔc kɔ̈k ke tit në thök de tiim yiic.,Rope bridge
1417882092_c94c251eb3.jpg,Riënythii karou cï alɛ̈th ɣer cieŋ aake cï röt mat ku dötkë këdäŋ.,two men
143237785_93f81b3201.jpg,Raan cï rec muk.,Largemouth bass
1433142189_cda8652603.jpg,Raan cï cath në path cï riäŋ tiim bï la gɔt nhom dït yic.,Hill
1468429623_f001988691.jpg,"Aaj ke dhueeŋ cï rïïu kɔ̈u aye bɛ̈n nhial, ku ye raan tök cin.",Dog training
1472230829_803818a383.jpg,Kɔc kadhorou aake cath në riäth cï thiäŋ tiim ye kek cath thïn.,Whitewater rafting
1472249944_d887c3aeda.jpg,Dhäny cï muk jacket kɔ̈k cï nyuc alel nhom tɛ̈thiääk kek tiŋ cï rot kuɔ̈m alel nhom.,People in a park
1540631615_8b42c1b160.jpg,Raan cï jacket kɔ̈k cieŋ acï rot jɔt në tiim cï tiim cï thiäŋ tiim cï thiäŋ tiim cï thiäŋ tiim cï thiäŋ tiim cï thiäŋ tiim cï thiäŋ,Handstand
1569562856_eedb5a0a1f.jpg,Raan ceŋ jacket ɣer ee ye nhomlööŋ ɣer tɔ̈ yïthde yic.,Man looking at a map
1580671272_3e99d94305.jpg,Raan cï rïŋ ɣer muk acï yen bɛ̈n muk.,Horse
1600208439_e94527b80f.jpg,Aaj aye khel në piiny.,Dog
160792599_6a7ec52516.jpg,Kɔc kadhiëc ee kek tïŋ ke döt wïïr.,Family on the beach
166321294_4a5e68535f.jpg,Raan kënë ee cath në motocithil kɔ̈k.,Isle of Man TT
167295035_336f5f5f27.jpg,Raan cï rɔt nhial cï ɣanhom ɣɛr cieŋ acï bɛ̈n lɔ̈ɔ̈m në kuɔ̈r nhom.,Climbing
1689658980_0074d81d28.jpg,Dog kaarou aye riŋ në piiny.,Dogs playing in the sea
172097782_f0844ec317.jpg,Raan cï cieŋ këtök ë ye piiny piiny piiny piiny piiny piiny piiny piiny piiny ë tök.,Wakeboarding
1797507760_384744fb34.jpg,Kɔc ke ŋuan cïn kë ceŋ kek cath në canyon.,Hiking
1798209205_77dbf525b0.jpg,Dhäny tɔ̈ ɣön tɔ̈u thïn ee muɔ̈n abiëc cuat në piɛɛr kɔ̈u.,waitress
1810651611_35aae644fb.jpg,Nyin koor cï alɛ̈th cï kek ke tɔ̈ɔ̈u ke cï kek ke tɔ̈ɔ̈u ke cï kek ya cuɔl.,girl on a swing
186346360_541047336f.jpg,Nyin koor cï bikini top ku shorts cï kek ya looi në kuɔ̈r de lac,Hiking
186890601_8a6b0f1769.jpg,Raan ë rot laac në wïïr.,Man on a rope swing over a lake
1881494074_1bebd93089.jpg,Raan cï tik acï manh cï muk dom dom dom looi tɛ̈n cï moc ye muk.,baby
1884727806_d84f209868.jpg,moc ku tik cï Mickey Mouse earth cieŋ kɔc yiic.,couple
189721896_1ffe76d89e.jpg,"Raan cï nhom bɛ̈n nhial kueth cï nhom bɛ̈n nhial, ku ye jɔ̈t ɣer tääu yecök.",Rock climbing
1956944011_c5661d3f22.jpg,Cït mïth karou ke loi ɣään ye kɔc ke cath thïn.,Two children playing on a playground.
1969573381_5ecfae4c80.jpg,Aajït cï kɔ̈u ku ɣer cï nyuc tɛ̈thiääk kek tiim cï cil.,Dog
1982852140_56425fa7a2.jpg,Kɔc karou aake cï riŋ aɣeer.,Beach
2004674713_2883e63c67.jpg,Raan cï kɔ̈ɔ̈c kɔ̈ɔ̈c kɔ̈ɔ̈c kɔ̈ɔ̈c kɔ̈ɔ̈c kɔ̈ɔ̈c kɔ̈ɔ̈c kɔ,Dogs playing
2043520315_4a2c782c90.jpg,Akuut kɔc kadiäk ku thɔn tök ee cath në kuɔ̈r cï thiäŋ tiim kuɛl.,Hiking
2045562030_654ddea5e5.jpg,Kɔc ke ye run de run de run de run de run de run de run de run de run de run de run de run de run de run de run de run de run de run,Scene
2055646179_169807fed4.jpg,Lëk koor ee luui në tɛ̈n deŋ kek meth kɔ̈k ku kɔc dït karou.,Family playing with water
2057160636_6e9cf3b5f0.jpg,Raan ë riäth në wïïr.,The Green River in Utah
2061397486_53a61e17c5.jpg,Kuen kɔ̈k ku man kɔ̈k kek jacket kɔ̈k ku kɔ̈k ke cath në dhël de baai.,Dog
2061927950_dafba5b8a3.jpg,Raan ku tiŋ cï meth muk aa nyuc piiny.,Family
2064792226_97e41d8167.jpg,Aŋïc aye kë cï looi ya looi në ye raan cï kek cath në keke cï kek ya looi ke cï kek ya looi ke cï kek ya looi ke cï kek ya looi ke cï,Bicycle
2081615901_13092cac56.jpg,Nyïïr karou cï ceŋ thöŋ kek röt ke cath në thääp,twins
2086534745_1e4ab80078.jpg,Kayak ke kɔ̈u ee tɔ̈u në tɛ̈n de rapids.,Kayaker in a yellow kayak going down a waterfall
2088910854_c6f8d4f5f9.jpg,Raan ceŋ këpuɔth cï looi ke cï looi ke cï looi ke cï looi ke cï looi ke cï looi ke cï looi ke cï looi ke cï looi ke cï looi ke cï looi ke,man wearing a hat with a mistletoe on it
2089442007_6fc798548c.jpg,Aaj ke brown dog ke liye water mein aata hai.,Dog
2090386465_b6ebb7df2c.jpg,Kɔc rou ke ceŋ alɛ̈th de piiny.,Two women in winter coats
2090997177_76d482b158.jpg,Aaj thiiŋ koor ee cath në liɛɛt yic.,Dog
2094543127_46d2f1fedf.jpg,Ciëk cï nyuc në kë ye tïŋ ke ye cuat.,Crocodile
2121140070_a09644550b.jpg,Kɔc juëc aye luui në këdït cï looi ke cï rot looi.,Frisbee
2130986011_47cb05c8c9.jpg,A ye mïth ye cath në yeŋ.,boy on a sled
2137071442_1c9658c81a.jpg,Raan koor acï pal thiek nhom në ye tiim de Christmas.,Christmas
2138487671_5b89104043.jpg,Raan koor cï bɛ̈n tëëk wïïr.,Jumping into the lake
2139519215_8ca16dd192.jpg,Nyɛn ye riŋ në pool yic.,girl running by the pool
2141713971_e25eb12712.jpg,Dhäkaria ku nyan koor kek cath në thääp në kuɔ̈r cï dëŋ piny ke kääc.,Snowshoeing
2172526745_649f420569.jpg,Raan koor në piath de piath de piath de piath de piath de piath de piath de piath de piath de piath de piath de piath,Water play
2182488373_df73c7cc09.jpg,A ye lɔ̈ɔ̈m de gɛu kek diäär karou ke muk käke ɣɔɔc kek kɔc juëc kɔ̈k ke lɔ̈ɔ̈m.,Two women on the Hollywood Walk of Fame
2191453879_11dfe2ba3a.jpg,Raan koor cï riŋ dom yic,boy running
2192411521_9c7e488c5e.jpg,Raan cath në kekec ku nyooth yecin,Bicycle commuter
2194495372_bdac7d9e71.jpg,Lɔn mïth ye piath piath në kë ye kɔc ke dhiëth ke tïŋ.,Soccer
2195620255_6693479734.jpg,Käk karou ke cï looi ke cï looi mïläŋ tɔ̈c ke cath në ror liɛɛt cï liɛɛt lɔ̈ɔ̈m.,Two dogs running
2212472643_80238475b5.jpg,meth koor në Cami ke cath në piny kɔ̈k,Baby
2239938351_43c73c887c.jpg,Kuen kadiäk ke loi këdïït buluu.,Dogs
2244613488_4d1f9edb33.jpg,Kɔc ke cath në kekeŋuan ŋuan aa cath në dhël de piny kam wëu thiɛ̈ɛ̈k rou.,Mountain biking
226531363_33ac01d931.jpg,"Aaj ke beech mein aage, aage ke beech mein aage.",Dog running in snow
2271890493_da441718ba.jpg,Ajï dït ee ajï thiin koor ë kɔ̈u deŋ.,Two dogs playing
2289212650_69de7a20b2.jpg,Dog rou ke luui në piiny kek tim,Dogs playing
2292406847_f366350600.jpg,Raan ë cath riän.,Boatman
2301867590_98c0ecb0cb.jpg,Cït mïth karou kek cï kek bɛ̈n ya kek atuuc nhial.,Angels
2310233145_910cb5b4c8.jpg,mïth karou cath në piöth de tiim de piöth de pïu yiic.,Lake
2328616978_fb21be2b87.jpg,Dhäny cï hat cowboy ku muk tim cï rïïu kɔ̈u ku döt röör kɔ̈k cï nyuc në thöc.,Woman with a cart
2330843604_b8d75d6ac7.jpg,Ciin ciɛm në pathök.,girl skipping
2331510788_986809bbb4.jpg,Aaj ke brown dog ke beech mein khel raha hai.,Dog
2350400382_ced2b6c91e.jpg,Aajït muɔ̈ɔ̈n ee bɛ̈n nhial bï bɛ̈n dɔm bï këny koor dɔm.,Dog
2352414953_10f3cd0f1f.jpg,Ku meth cï alɛ̈th ɣer cieŋ ee ye puɔ̈u bɛ̈n miɛt në kë cï yecin muk.,boy
2364096157_eb7970a69a.jpg,Aaj ke cath në agör yic ke cï këny koor tääu thok.,Dog
2374179071_af22170d62.jpg,Raan ë tɔ̈u wïïr në agör yic në thëëi.,Fishing
2374247382_023a86b9ca.jpg,Raan koor ee cath në mathiäŋ cï looi tim.,boy on rocking horse
2374652725_32f90fa15c.jpg,Aajït ɣer dïït ee nyuc ku ye tïŋ aajït ɣer koor ke cath në piiny.,Dog
2390778197_4d9d03d4b9.jpg,Dhäny cï kääc aɣeer ke muk këtök në yecin kedhiɛ.,woman throwing frisbee
2393911878_68afe6e6c1.jpg,Raan koor acï jöt nhial tɛ̈wën cï yen nyuc në piiny.,boy in snow
2394003437_184a838aa9.jpg,Raan koor ceŋ kënyë buluu ku ye ɣanhom ɣanhom ye kek cath në segway.,Segway
2394824046_51cec8e5e7.jpg,Monk ye rɔ̈ɔ̈k në nhom kë cï kiɛ̈ɛ̈t de Buddha.,Buddhist monk praying in front of a Buddha statue
2394922193_310166d6af.jpg,Dhäny cï cieŋ awuɔ̈r ɣer ku ye cath në rot në piny cï thiäŋ yic.,Rollerblading
239807547_4923efc821.jpg,Dog rou ke loi luoi në kɔ̈u de kuɔ̈r.,Two dogs playing
2398605966_1d0c9e6a20.jpg,Cïth thii thii thii thii thii thii thii thii thii thii thii thii thii thii thii thii thii thi,2 dogs playing in the snow
2399551242_c62a46dd5f.jpg,Kɔc ke ceŋ alɛ̈th ke lɔ̈ɔ̈m ke loi piiny në piiny.,Kids playing in water
2403376030_903521c371.jpg,Dhäny cï cieŋ thaak col cï cath kek aguiɛr dït.,Dog training
2405978603_6221b0c2e7.jpg,Aajït kɔ̈k ku ɣer ee riŋ wïïr,Dog jumping in water
241046599_28b0ca7b9f.jpg,Aaj thii thii ceŋ thaak purple ku ye piny,Dachshund
2411824767_4eb1fae823.jpg,Aaj thii ke thieek ku ɣer aye bɛ̈n tëëk në tiim cï thii ke ye tiim cï thii.,Dog
241345656_861aacefde.jpg,Dhäny cï cieŋ alɛ̈th path acï bɛ̈n riŋ në tiim nhïïm kɔc juëc cï ye tïŋ.,Cheerleader
2414986483_004936f84b.jpg,Nyɛn tɔ̈ në top pink aye kɔ̈ɔ̈c kek mony cï alɛ̈th de Blues Brothers cieŋ.,Dance
2444821454_22a346c996.jpg,a dog black and white jumping in the grass after a frisbee. A dog that jumps in the grass after a frisbee. A dog that jumps in the gr,Dog playing with a frisbee
2452238877_2340609c6e.jpg,A Golden Retriever ye bɛ̈n tëëk në ɣön ye ɣai thïn.,Dog
2452334314_a7c443a787.jpg,Raan cath mathiäŋ ɣer ee tëëk në tëëk në kë ye kek röt kuɔny thïn.,Horse and rider jumping a fence
246055693_ccb69ac5c6.jpg,Aaj ke blond aage ke liye kuch ladka se milta hai.,Dog
246231741_882b45c4e1.jpg,Raan cɔl German Shepherd aye nyin nyuɔɔth tɛ̈wën ye yen ye raan cɔl German Shepherd dɛ̈t cɔl ke ye raan cɔl German Shepherd.,Two dogs
2465691083_894fc48af6.jpg,Ajac muɔ̈ɔ̈th kek këtök cï kɔ̈u ku ye cuɔl në piiny.,Dog
2472980433_210ec62874.jpg,Raan ë motocithil tɔ̈ɔ̈u në kɔ̈u kɔ̈u në path.,Wheelie
2491343114_a3e35a2a3a.jpg,Ajïth ee rot jal në liɛɛt.,Dog on the beach
2493974889_50ae29f1e1.jpg,Cït mïth karou cathkë dhël yic roor.,two boys walking on a trail in a forest
2496236371_61dec88113.jpg,Raan cath në motocithil aye rot jal në path.,Wheelie
2497420371_74788d7ba1.jpg,Raan cï wɛ̈t bɛ̈n tïŋ në kë cï kek ɣɔɔc thïn tɛ̈thiääk kek karïth kek kekec.,Homeless man
2508313118_524e93d48c.jpg,Aaj ke brown dog ke liye Frisbee ka try karta hai.,Dog
2519483556_2b1632a18c.jpg,Kɔc ke dhiëth kadiäk aa luui kek röt ku yekë luui cïmën kɔc ŋic kaŋ.,three children playing
2519812011_f85c3b5cb5.jpg,Kɔc kɔ̈k mïth aa riŋ në ye man ye pïu thïn yic.,Fountain
2522230304_1581d52961.jpg,Raan ë rot ɣäth kuur nhom.,Climbing
2524003134_580e74328b.jpg,Aaj ayee tɔ̈u piiny.,Dog
252846811_7b250935a7.jpg,Dog rou aye luui,2 dogs playing
2529116152_4331dabf50.jpg,Raan cuëër kënë acë tïŋ ke cï bɛ̈n dɛɛt wïïr.,B-boy
2533424347_cf2f84872b.jpg,Car de race ye rɔt në rot ke kɔc ye tïŋ ke ye rɔt.,Rally car
2533642917_a5eace85e6.jpg,Raan cï puɔl ë mïth cï tɔ̈u piiny.,boy in a lake
2561334141_0aacefa5e7.jpg,raan cï nhom ku jɔ̈t ye luui kek jɔ̈t në agör,boxer
2562483332_eb791a3ce5.jpg,Kɔc karou ke loi nyiɛɛi në ɣän lɔ̈ɔ̈m.,Climbing frame
256439287_990ac4a761.jpg,Dhäny cï raan cï nyuc në riëny cï riëny mac kuɔ̈ɔ̈t aɣeer.,A man in a wheelchair being pushed by a woman.
2574230252_f5a1382dd4.jpg,Aajït muɔ̈ɔ̈n cath në pïu cï kek ya cuɛt në agör de kuur.,Dog
2600386812_8790879d9a.jpg,Aaj ke brown dog ye lɔ̈ɔ̈m në piiny ku ye tïŋ ke dïït deŋ në ye nïn tɔ̈u akɔ̈l.,Dog on the beach
2600442766_e750ec9a56.jpg,"Dog rou aake cï kɔ̈u bɛ̈n piiny piiny, ku jɔlkë kɔ̈u piiny piiny.",Dogs playing in the water
2602083686_e8a1af69cf.jpg,Kɔc cï ke cak aa rou kek cath në thääp kek kɔc cï keek tïŋ në tɛ̈n awën.,Two women on bicycles wearing body paint
2609847254_0ec40c1cce.jpg,Ciëk ciëk ciëk ciëk ciëk ciëk ciëk ciëk ciëk ciëk ciëk ciëk ciëk ciëk ciëk ciëk ciëk ciëk ciëk,girl
2613993276_3c365cca12.jpg,Aja në dom de tiim ye tiim ye kek tim në thok.,Dog
2629346153_155ba73ae9.jpg,Ajïth cï mony cï alɛ̈th tiit dɔm.,dog training
263233914_d25004e4cd.jpg,Alicë meth tɔ̈u në pool.,Swimming
2635938723_11b85e6763.jpg,Raan koor ee këny ë cuëc cuëc cam.,boy eating ice cream
2637959357_dd64a03efa.jpg,Aaj ke Doberman ke col ku ye rou aye bɛ̈n tëëk wïïr.,Doberman
2642350864_099c0f2152.jpg,Nyin koor acë cath në tueŋ karlëth ɣɔɔc ɣɔɔc ɣɔɔc yic.,girl in a supermarket
2654943319_d17fee7800.jpg,Raan cï cieŋ awuɔ̈r purple acï bɛ̈n ya cath në skateboard në ɣän cï thiäŋ graffiti.,Skateboarder in the skatepark
2657643451_b9ddb0b58f.jpg,Raan ee riŋ kek ŋïny.,Dog and runner
2661138991_d55aa0e5dc.jpg,Raan thiëëk tïŋ nyin nyin nyin nyin nyin nyin nyin nyin nyin nyin nyin nyin nyin nyin nyin nyin nyin nyin nyin nyin nyin nyin nyin nyin nyin nyin nyin nyin nyin nyin nyin nyin nyin nyin,Soldier
2667549961_57e5e2c0a5.jpg,Lëk ëny në piiny de tiim tɛ̈thiääk kek piiny de pïu.,Baby crawling on the floor
2674784195_704f6b79d0.jpg,mïth karou ke luui piiny,Boys playing in mud
2678612999_893ed671f8.jpg,Cämëny ke ye jɔ̈ɔ̈l.,Soccer
268365231_a0acecdc45.jpg,Raan ku tiŋ cï cieŋ kɔ̈u ku cathkë ke cï röt thɔ̈ɔ̈ŋ.,couple
2690702549_cf81da8cf6.jpg,Athɛɛr röör kaaŋuan aake cï röt looi tënë kaamera.,four boys
2696060728_3043cfc38c.jpg,Nyin koor acë tɔ̈u në piöc de surf ye mony cï lɔ̈ɔ̈m thïn ku muk thïn.,Surfing
2698487246_e827404cac.jpg,Kɔc karou aa cë bɛ̈n nhial bïk kë bɔ̈l dɔm.,Australian rules football
2709275718_73fcf08c23.jpg,Raan cï Mohawk muk ee yeŋ në kaamera yic.,man with mohawk
2720985888_8f5920e8cf.jpg,Ciin koor cï biäk nyic acï bɛ̈n nyic tɛ̈thiääk kek kë ye looi në kë ye looi në kë cï looi në kë cï looi në kë cï looi,girl
272940778_a184dbea42.jpg,Kuen karou aa riŋ.,Dogs
2741051940_89fb6b2cee.jpg,Aaj ke cï jɔ̈ɔ̈l ɣer aye luui në käke plastik yiic.,Dog
2752926645_801a198ff6.jpg,Raan cï nyuc tiim nhïïm ke muk kë dɛ̈t.,Beer festival
2766854400_640e2abe08.jpg,Raan koor cï cieŋ awuɔ̈r cï roth acï bɛ̈n ya bɛ̈n ya cuɔl apɛi wën cï yen rot la piny në kë cï ye cuat.,boy on slide
2768662025_44001fe5d1.jpg,meth koor ye riŋ në dhɔ̈l deŋ,Girl running
2783620390_02c166c733.jpg,Raan ë cath në motocithil ku ye lac lac looi.,Motorcycle racer
2787868417_810985234d.jpg,Nyɛn tɔ̈ në pink ee rot jal tëëk në raan ye kek ya cuat thïn.,girl running
2789648482_1df61f224a.jpg,Kɔc kadiäk ke cë bɛ̈n bei në piöc.,Silhouette of a man jumping from a diving board
2792409624_2731b1072c.jpg,Aaj ke dhueeŋ ku ɣɛr ee riŋ në ŋïr yiic.,Border collie
2795866891_7559fd8422.jpg,Raan cï cäth në skateboard aye rɔt në thääp kek ye kek cäth në skateboard.,Skateboarder performing a 50-50 on a curb
2808870080_4ea4f3327e.jpg,a dog brown aye piny nɔ̈k në nyin de thɔ̈k ye jɔ̈ɔ̈r në kɔ̈u de thiäk ye looi ku ye,Dog and cow
2814037463_74de97da86.jpg,Dhäny cï cieŋ alɛ̈th cï cil acï nyuc tɛ̈n tɛ̈n tɛ̈n tɛ̈n tɛ̈n ye ye ye yecin nyuɔɔth thïn.,woman
2824922268_3fafb64683.jpg,Aaj aye pïu bɛ̈n piɛɛr në tiim cï thiäŋ tiim.,Dog shaking water off
2826574228_c63009e473.jpg,Raan cï looi ye kë cï looi ye tiŋ cï cieŋ alɛ̈th ɣer ku jeans cï nyuc në piiny de piiny tɛ̈thiääk kek pïu.,Balance
2836360729_6500249fe6.jpg,Mïny cï puɔ̈u bɛ̈n miɛt në wär yic acï thiɔ̈k në algae de riäth.,Kelp
2856923934_6eb8832c9a.jpg,Kɔc karou aa cath në jeth-ski ɣer ku ɣer.,Jet ski
2862481071_86c65d46fa.jpg,Trucks race,Truck racing
2867699650_e6ddb540de.jpg,Ajïth ɣer ye riŋ në ŋïr,Dog
2867736861_43c9487a65.jpg,Aja ye cath në piiny ke cï ball tääu thok,Dog playing with a ball in the water
2874984466_1aafec2c9f.jpg,Aaj aye kuëër kuëër.,Sheepdog trial
2878705136_609dfbf318.jpg,Dhäny cï cieŋ awuɔ̈r ɣer ku ye nhom ke cï ye muk acï ya tɔ̈ɔ̈u në picnic table.,young woman
2888408966_376c195b3f.jpg,Raan koor looi kë ye looi në skateboard.,Skateboarder
2896180326_88785fe078.jpg,Kɔc cï cath në kɔc cï kek cath në kɔc cï röt kuɔ̈ɔ̈t yiic.,motocross
2898810636_84fb5c0b63.jpg,Raan koor cï bluemark cieŋ acï bɛ̈n tëëk nhial.,Girl jumping for joy
2900048238_74bd69d87d.jpg,Raan acë tïŋ ke cï puɔ̈u riääk tɛ̈ cï yen nyuc në thääp ɣer ku ɣer nhom.,Man with down syndrome
2903469015_a1e7d969c2.jpg,Aguiɛr cï puɔ̈th thiäŋ kek aye cath në path de jɔ̈k.,Greyhound racing
2905942129_2b4bf59bc0.jpg,Cï mïth karou ke ye röt ya cɔk kuɔ̈ɔ̈t yiic.,Two boys on a swing
2916009941_34a0013803.jpg,Raan koor ke Asia aci lɔ̈ɔ̈m në thääp de bridge ke cï dɔm,Baby
2917057791_3d68a055ca.jpg,Raan koor ceŋ këny cï ye lac lac lac lac lac lac lac lac lac lac lac lac lac lac lac lac lac lac lac lac lac lac lac lac lac lac lac lac lac lac lac,Boy chasing pigeon
2922973230_5a769ef92a.jpg,Nyin koor acë cath në riän cï tiim gɔ̈ɔ̈m yic.,Shepherd
2924483864_cfdb900a13.jpg,Aguiɛr cï puɔ̈th thiäŋ kek aye cath në path de jɔ̈k.,Greyhound racing
2926233397_71e617f3a3.jpg,Aaj aye lac lac bɛ̈n piiny ku dek dek.,Dog
2930514856_784f17064a.jpg,Surfer rou ye bɛ̈n dɔm në ye lɔ̈ɔ̈m.,Surfer in the air
2935649082_1ca60180c6.jpg,Raan ë windsurf bɛ̈n cuat wïïr në wïïr.,Windsurfing
2937942758_712be5c610.jpg,Ku tiŋ cï nyuc tɛ̈thiääk kek rithëm kɔ̈k cï röt thɔ̈ɔ̈ŋ.,Bicycle sharing
2939197393_93dc64c4bb.jpg,Raan cath në motor cï këpuɔth ɣer cieŋ acï cath në kuɔ̈r cï thiäŋ mïïth.,Mountain biker riding a bike on a dirt track
2939464283_fc1a834976.jpg,Raan ci piath ciɛɛm ee bɛ̈n nhial bï kë ciɛɛm dɔm.,Football
2955985301_e4139bc772.jpg,Dhäny koor cï nhïm kɔ̈k cï cäth ke cäth acïk bɛ̈n cuɛt nhom në kaamera yic.,smiling
2959500257_3621429a37.jpg,Ciin koor ë cath mathiäŋ në path yic.,Girl riding a horse
2968216482_ede65b20a8.jpg,Kɔc rou ke cath në motocithil ke cath në biäk ke biäk.,Drag racing
2973272684_4d63cbc241.jpg,Raan bɔ̈ kueth kueth kueth kueth kueth kueth kueth,Football
2992614450_b5a6692239.jpg,"Raan cath në thith rot, nhial, tɛ̈thiääk kek ɣɔ̈n.",Mountain bike
299572828_4b38b80d16.jpg,Raan cï cieŋ alɛ̈th cï thiäŋ alanh cï thiäŋ alanh cï thiäŋ alanh cï thiäŋ alanh cï thiäŋ alanh cï thiäŋ alanh cï thi,Tree surgeon
300148649_72f7f0399c.jpg,Raan ë jam piöc de piöc.,Accordionist
3009383694_e045c6169e.jpg,Kï raan cï rɔt në bungee jumping,Bungee jump
3025513877_1a6160070d.jpg,Raan wën ceŋ këpuɔth ku ye këpuɔth kɔ̈u ee la tëëk në lɔ̈ɔ̈m de wär.,Boy playing in the water
3029043380_b28644ea5d.jpg,Dhäny cï tɛ̈nith luui ke loi rot bï bɛ̈n biäk luɔ̈ɔ̈i.,tennis player
302983277_69a4e732e4.jpg,Raan cï nyuc paar nhom ke cï kuɔ̈r gɔ̈ɔ̈m piny.,Horseback rider
3033257301_e2c8a39b04.jpg,diäär kadiäk cï alɛ̈th path cieŋ aacï röt dɔm cin.,Women in traditional clothing
3041384194_04316bd416.jpg,Dhäny cï nhïm kɔ̈u muk cin thok ku tïŋke ke cï tak.,girl
3042679440_010b2c596c.jpg,Aacë kɔc cath në dhɔ̈l juëc yiic.,Tokyo
3046430047_d7b10123d0.jpg,Raan tök ku diäär karou cï cieŋ alɛ̈th vampire,Halloween
3051998298_38da5746fa.jpg,Raan cï ceŋ alɛ̈th thiek ku rou ke ye lac lac bɛ̈n tëëk në pool.,Swimming
3052104757_d1cf646935.jpg,Aacë thääp dïït apɛi ya cath në kar cï bɛ̈n rac ku ye bɛ̈n nhial në ɣän ke ye kɔc ke cath thïn.,Grave digger
3066338314_2c3fb731d1.jpg,Raan cï nyuc tɛ̈n teŋ.,man in a bar
3068735836_872fba3068.jpg,Raan ë cath në motocithil ke kɔc juëc ye tïŋ.,Stunt rider
3083016677_5782bc337c.jpg,Bikes rou kek kɔc rou rou rou rou ë rot.,bikers
3086810882_94036f4475.jpg,Ajïth cï riŋ në liɛɛt.,Dog on the beach
3104182973_5bb1c31275.jpg,Kɔc aake cath në rink aɣeer në tiim de Christmas dït apɛi yiic.,Christmas tree
3104400277_1524e4f758.jpg,Dirt bikers në path.,motocross
3106223494_52d4d2d75d.jpg,Raan cï muk muk ku ceŋ këpuɔth de Santa Claus.,Santa
3109268897_d43797fc6a.jpg,Raan cï dït cï ŋiɛc cieŋ.,"A man wearing a hat with the word ""BONGO"" on it"
311267421_e204e643cf.jpg,Dog rou ke cath në ɣän ye tiim ye tiim ke tiim ke tiim ke tiim ke tiim ke tiim ke tiim ke tiim ke tiim ke tiim ke tiim ke tiim ke tiim ke tiim ke tiim,Dogs
3115174046_9e96b9ce47.jpg,raan cï rɔt kek skateboard ee bɛ̈n tëëk në kuany yic.,Skateboarder doing a 360 flip on a stair rail
3118505332_b0792489b5.jpg,moc ku tiŋ cï rɔt looi bï kek ya këden cï looi,couple
3120953244_b00b152246.jpg,Raan koor ëny në kë ye kek puɔ̈ɔ̈c thïn ku nyan koor ëny në kɔ̈u në ŋïr.,children playing with bubbles
3121521593_18f0ec14f7.jpg,"Nyïïr karou cï cieŋ ke cï puɔ̈th miɛt apɛi, cï röt looi bïk ya ya këden cï kek ya looi",Two friends
3125158798_0743dae56e.jpg,Raan ku tiŋ cï nyuc dhël yic ke cï mac ku keek aake cï röt lööm.,couple
3134385454_4f1d55333f.jpg,Raan ku nyan koor cï rɔt dɔm në pool.,girl jumping in pool
3138504165_c7ae396294.jpg,Raan ci kɔɔc hockey ee kɔc tiit kë ye kɔc dɔm thïn.,Hockey goalie
3146232740_df3da0163b.jpg,Ajac cï cäth ku cäth acï cäth në thok ke cath në piiny cï cäth.,Dog swimming in a lake with a stick
3147217787_ed21cd4990.jpg,Raan cï cieŋ jersey 23 aye ball bɛ̈n cuɛt në ball ball game.,Basketball player dunking a ball
3154528397_89112faf4b.jpg,Raan ye cath në wïïr aye bɛ̈n nhial.,Ski jumping
3155501473_510f9c9f6b.jpg,"Në foto yic, ke diäär rou rou rou rou rou rou rou rou rou rou rou rou rou rou rou rou rou rou rou rou rou rou rou rou rou rou rou rou rou rou rou rou",two women
3157622277_9f59b4f62f.jpg,Raan cï luk looi acï bɛ̈n them bï tɔŋ kam kɔc rou në game hockey yic bɛ̈n puɔ̈l.,Hockey
3161044966_27bf6f9dec.jpg,Aaj ke kɔ̈k ku kɔ̈k ke cï cäth kueth aye bɛ̈n në riɛ̈ɛ̈i de biöök de biöök.,Dog
3163281186_e2f43dfb5f.jpg,Dhäny ë raan cï thɔ̈ny ëny.,Elephant
3166578139_33500f7e8a.jpg,Raan ë lök wïïr në gɔt nhom nhial.,Skiing
3168796547_0c14b368f9.jpg,Kɔc karou aa nyuc piiny de deer.,children on a moose
3172369593_eb4d787ffb.jpg,Ciëk koor cï muk kädït ɣer ee tiɛ̈ŋ käke ɣään ye kɔ̈ɔ̈c thïn.,The exhibition
3182558164_488b819f14.jpg,Raan bɔ̈ në Basketball de Eastern aye bɛ̈n kam kɔc cï wɛ̈ɛ̈r në kɔc cï wɛ̈ɛ̈r thïn karou në kë bï kek bɛ̈n dɔm,Basketball
3187395715_f2940c2b72.jpg,raan koor në skateboard acï bɛ̈n tëëk në pan ye blue bench tɛ̈thiääk kek pan ɣer.,Skateboarder doing a ollie over a bench
3189307452_aebc12380b.jpg,Aajït ɣer cï rot guiir në piiny,Dog
3189521080_133777bce5.jpg,Lïl ëlïth në piiny,Common Scoter
319185571_56162796da.jpg,Aaj ke jhum ke jhum ke jhum ke jhum ke jhum ke jhum ke jhum ke jhum ke jhum ke jhum ke jhum ke jhum,Dog running on the beach
3207775692_bb897d9afd.jpg,Cïl cï cuɛt acï cïl cï cuɛt acï cuɛt në thiääk kenë kë cï cuɛt.,Dogs playing
3211556865_d1d9becf69.jpg,Raan cï nyuc gɔt nhom ke cï yecin jɔt nhial.,Man on top of a mountain
3216085740_699c2ce1ae.jpg,Kɔc juëc aake muk bandera ke Amerïka.,Crowd of people waving flags
3216926094_bc975e84b9.jpg,Aaj ke run ke ye këny koor tɔ̈ thok.,Dog
3223809913_ae15d14d9a.jpg,Raan cï guɔ̈p ye looi në skateboard aye këde bɛ̈n cuat nhial tɛ̈n raan dɛ̈t cï guɔ̈p ye looi në skateboard ye tïŋ.,Skateboarder performing a trick
3225296260_2ee72b4917.jpg,Kɔc rou në kaampuɔth de car de race.,Car
3231880001_193a579b97.jpg,Mïny ku nyan ke ye mɛnh koor aa cë bɛ̈n nyic në piath cï cɔɔr yic.,Hibiscus
3241965735_8742782a70.jpg,Raan ye panë ye rɔt looi ke ye panë ye rɔt looi.,Skiing
3242007318_01e82171aa.jpg,Kɔc thiäär rou rou aake cï röt guiir në ɣöt cï buth ku yekë nyic tënë kaamera.,The entrance to the museum
3248352729_ab264b2222.jpg,Raan cï snowboard looi ke cï kë cï looi looi looi në tiim yiic.,Snowboarding
3256603992_67312b5a36.jpg,Raan cï cieŋ awuɔ̈r ɣer ee cath në ye tiim ye tiim ye tiim ke tiim ke tiim ke tiim ke tiim ke tiim ke tiim ke tiim ke tiim ke tiim ke tiim ke,Hiking in the jungle
3260214530_7179346407.jpg,Dhäkaria ku nyan koor aake cï nyuc në thöny cï looi tim yic tɛ̈thiääk kek thääi cï looi tim.,Welcome
3271495320_bca47795fb.jpg,Kɔc ke diäär cï bikini cieŋ aa loi piath de beach volleyball.,Beach volleyball
3278811919_d5a3432af6.jpg,Kɔc karou aa cath në kuɔ̈r cï liɛɛt nhom.,Skiers on a mountain
3286111436_891ae7dab9.jpg,Raan bɔ̈ në North Carolina ye basketball player bɛ̈n piath në ball.,Basketball player
3286822339_5535af6b93.jpg,Kɔc cath në dhɔ̈l yiic ke cï kek käke Chinese bɛ̈n ya looi.,Street in Japan
3287969199_08e775d896.jpg,Aŋuɛ̈ɛ̈n ë pär nhial.,Great blue heron
3290465391_258429e2f9.jpg,Raan cath në skateboard në piiny cï kɔ̈ɔ̈c në ɣän cï muɔ̈ɔ̈th yic.,Skateboarder
3293642024_e136b74a55.jpg,Raan cï rɔt ke cath në wïïr ë ye bɛ̈n tëëk në wïïr.,Bodyboarding
3293751640_d81a6f3a0c.jpg,Raan cï jɔ̈ɔ̈l ɣɔɔc nhom ɣɔɔc cï looi many col.,Black man in a pea coat
3301935788_2bb7bbc515.jpg,"Raan cï cieŋ jaat ɣer ku thith pink ye kɔc ke cath në snowboard në "" snow park "".",Snowboarding
3303797949_339bb969ba.jpg,Aacï meth kek biäk de basketball.,Basketball
3341961913_9a9b362f15.jpg,Raan cï tiit kë ye kek ɣɔɔc në hockey.,Hockey player
3344632789_af90d54746.jpg,Raan cï skateboard looi kë ye looi në rämpuɔ̈u de tiim tɛ̈wën ye kɔc ye tïŋ thïn.,Skateboarder
3345025842_bc2082a509.jpg,Nyin koor acë ye cuɔ̈t në alɛl cï thiäŋ graffiti ke cï këdäŋ tääu thok.,Girl playing on a skateboard
3348208268_6d97d951eb.jpg,Raan koor ee bɛ̈n ya cuɛt në piiny cï looi mïlɔ̈ɔ̈ŋ tɔ̈c ku mïlɔ̈ɔ̈c.,B-boy
3349307529_c1a516b9dc.jpg,Raan cï puɔ̈u thiin ë pan kɔ̈k cï kɔ̈ɔ̈c acï bɛ̈n tëëk piny gɔn cï liɛɛt.,Skiing
3358621566_12bac2e9d2.jpg,Raan ku tiŋ wën aake cieŋ kimono ku aake kääc ɣɔɔc yiic.,couple
3360876049_9047edeab9.jpg,kɔc rou kek cath në kek bikken.,motocross
3364258732_9942c557e5.jpg,Kɔc juëc aye rɔt mat në athletics klas yic.,A group of people playing a game of dodgeball
3393446245_37dd3f3b59.jpg,Raan cï tik ku man atɔ̈ aɣeer në piiny.,An old woman walking her dog in the snow
339350939_6643bfb270.jpg,Aajït muɔ̈ɔ̈n ee diɛt karou nɔ̈k në wär nhom.,Surfer
3397310901_cbef5c06ef.jpg,Raan cath në kekec aye kë loi nhial.,Bicycle
3400186336_37043a2f5b.jpg,Kɔc aa kɔc ye kɔ̈k ye lac lac lac lac lac lac lac lac lac lac lac lac lac lac lac lac lac lac lac lac lac lac lac lac lac lac lac lac lac lac,People painting a carpet on the ground
3406802138_ef77bbddd0.jpg,Dog rou ye riŋ në mïïth kɔ̈k yiic.,Dogs playing
3416013671_98b5c75046.jpg,Raan cï rïŋ tɔ̈ tueŋ ke loi biɛt,Bagpiper
3416460533_d5819fbf69.jpg,Raan ë lök wïïr ee lök nhial në dëŋ yic.,Ski jumping
3420260768_26a600b844.jpg,A tennis player ye lɔ̈ɔ̈m bï bɛ̈n tëm ball.,Tennis player
3421706363_a3e22a4908.jpg,Raan thiin koor ee rot jal jal jal në rämp.,Bicycle
3421928157_69a325366f.jpg,Aguiɛr karou aacï rot yɔ̈ɔ̈k wei.,Rafters in a rapid
3426724811_137855b4f7.jpg,Raan cï nyuc piöc cï thiääk kek kɔc cï cieŋ alɛ̈th cï kɔc rac göök.,Hazmat team members in protective gear transport a dummy on a stretcher
3429351964_531de1bf16.jpg,Mɛɛr cï kek banan ɣer looi ɣɔɔc yic,woman buying bananas at a market
3429391520_930b153f94.jpg,Raan cï ɣiɛ̈ɛ̈c looi ee cath në thithith në aɣeer.,Bicycle
343218198_1ca90e0734.jpg,Aajït muɔ̈ɔ̈n ye riŋ në ɣön kɔ̈u,Dog
3435648640_b2f68efb78.jpg,Dog kaarou aye tɔŋ ku aye luui në dom yic.,Dogs
3436418401_b00ceb27c0.jpg,Raan koor ee kuɛɛr wïïr në acuat de wär thiääk kek tiim.,boy running on the beach
3439414478_8038ba9409.jpg,Aajït kɔ̈k cï rɔt nhial,boxer
3452411712_5b42d2a1b5.jpg,Raan koor ee nya cɔl a cë rot kuɔ̈ɔ̈t.,swing
3454199170_ae26917dcd.jpg,Kɔc rou karou aacï thɔn kuɛn ɣer karou ke cï dɔm në riɛldït ke kɔc kɔ̈k ke cath kek gɛɛth.,Greyhound
3461106572_920c8c0112.jpg,kɔc kadhiëc aa kääc lɔ̈ɔ̈m de ɣön ye looi ke ye ɣön ye looi ke ye këden cï looi.,group photo
3464708890_3cab754998.jpg,Raan cï rɔt në thöc kɔ̈k tɔ̈u në skateboard.,Skateboarder doing a ollie over a chair
3475005101_6f6e437459.jpg,Raan koor ee rot jat në kë ye kɔc kuɔny thïn në tɛ̈n ye kɔc kuɔny thïn në tɛ̈n ye kek röt kuɔny thïn në baseball.,Baseball
3478591390_b526580644.jpg,foto closeup tiŋ cï nyin deŋ tääu nhom në kë ye looi në luɔɔi de käke,woman
3486135177_772628d034.jpg,Raan cï snowboard looi ke ye raan cï ye kony.,Snowboarder doing a handstand on a halfpipe
3490528249_6aae9b867b.jpg,Car rou rou rou rou rou rou rou rou rou rou rou rou rou rou rou rou rou rou rou rou rou rou rou rou rou rou rou rou rou rou rou rou rou rou rou rou rou,Drag racing
3494723363_eaa6bc563b.jpg,Raan cï cieŋ alɛ̈th cï kek ya cuat.,Surfer
3503011427_a4ee547c77.jpg,Raan cï cieŋ alɛ̈th ɣer cï kɔ̈u juëc apɛi acï bɛ̈n tëëk në kë ye cɔl lounge bar.,A man walking past a closed down bar
3503623999_bbd5dcfb18.jpg,Dhäny cï muk këpuɔth cï kɔ̈u ku ye kɔ̈u kɔ̈u kɔ̈u cï guɔ̈p bɛ̈n riɛ̈ɛ̈i kɔ̈,A woman wearing a red bandana and hat
350529848_9569a3bcbc.jpg,Dog rou ke luui në surf ku tök ee ball kɔ̈k cï cuɔl.,dogs playing
3520199925_ca18d0f41e.jpg,Mɛɛr kënë acï biöth dɔm.,Violinist
352382023_7605223d1c.jpg,Aaj ke kueth në thok ke cath në piiny.,Dog
3524975665_7bec41578b.jpg,"Dhäny cï muk këpuɔth, nyin deŋ, jeans, jɔ̈ɔ̈l ɣer ku ye kɔ̈u kɔ̈u ye kɔ̈u ye kɔ̈u ye",Woman in a yellow coat
3527184455_1a9c074ff2.jpg,"Raan ku tiŋ cï mïth thiin karou muk aa nyuc në thöny de park, ku yekë röt thɔ̈ɔ̈ŋ bïk kë cï looi ya tïŋ.",Family
3527524436_a54aca78a9.jpg,Raan cï cieŋ awuɔ̈r ɣer ku tutu ɣer ye piiny piiny piiny ke cin ke nhom ku kɔc kɔ̈k ke tɔ̈ kɔ̈u.,Snowboarder in a tutu
3530504007_3272c57e21.jpg,Kɔc kadiäk aa jam tɛ̈n kɔc juëc apɛi.,A man in a white shirt and blue cap talks to two men in a group.
3533470072_87a5b595ba.jpg,Nyïïr karou ke loi kä ye kɔc cɔl anäk.,two girls
3541141771_67d305c873.jpg,kɔc karou ye cath në kë ye kek ya kuany yiic,Climbing
3542771548_fcb8fa0cba.jpg,Raan ë thäi ë Thiria ye rɔt në thääi de tiim.,Horse and rider jumping a fence
3554210976_fbd0ef33a3.jpg,"Raan kënë, cï alɛ̈th ɣer cieŋ, acï nyuc gɔn dɛ̈p nhom.",Salt mining
3557316485_574a5f7a89.jpg,Raan cï rɔt kek skateboard ke cath në piiny.,Skateboarder
3560726559_4c4bed9f2d.jpg,Dichwo ku tiɛŋ cï cieŋ alɛ̈th cï kek röt muk,Prom
3561543598_3c1b572f9b.jpg,Kɔc ke cieŋ alɛ̈th ke loi röt në athöŋ ke flag.,Veterans Day
3564312955_716e86c48b.jpg,"Nyɛn koor cï cieŋ swimsuit acï tɔ̈ɔ̈u në yeŋ në piiny, ku yeŋ në kaamera yic.",girl
3569755200_cef7ee2233.jpg,"Nyïïr karou aake cï röt kuɔ̈ɔ̈t piny tiim yiic, ku keek aake ye tɛ̈ɛ̈u röt thïn.",two girls in school uniform
3582742297_1daa29968e.jpg,Kuen kadiäk aa luui në tɛ̈n ye yom thïn.,Two dogs playing
3584561689_b6eb24dd70.jpg,Kɔckä aa bɔ̈ aɣeer bïk këtök looi.,Basketball
3590753142_61993d39df.jpg,Kɔc kadiäk aake cï röt kuɔ̈ɔ̈t piny ku tïŋkë ɣɔ̈n juëc tɔ̈ wär yic.,Tourists looking at the skyline of New York City from the Battery Park Pier
3594029059_cee1f4c59a.jpg,Aŋuɛ̈ɛ̈n ë pär nhial.,Bald eagle
3600221224_945df01247.jpg,Aaj ke kɔ̈k cï cäth ke cath në camerï yic në piny cï kuɔ̈r gɔ̈ɔ̈r thïn në kɔ̈u.,Dog on a trail
3601803640_5f3cb05acf.jpg,Raan ku tiŋ ke cium kɔc nhïïm.,Kissing
3607969989_68cc411493.jpg,Raan cï kek nyin deŋ lɔ̈ɔ̈m ee tɔ̈u në skateboard nhom deŋ deŋ deŋ deŋ deŋ deŋ deŋ deŋ deŋ.,man riding a skateboard
361183669_52be9662b9.jpg,kɔc aa röt guiir bïk cath riäi yic,Boat
3613175012_bcd063e7c9.jpg,"Kɔc thiäär ku ŋuan ke cath dhël tɔ̈u akɔ̈l, raan tök ke cath në karj ɣɔɔc",People riding scooters and a shopping cart
3614881872_ccf9739b0e.jpg,Raan cï bɛ̈n në snowboard acï bɛ̈n tëëk piny në ɣöt cï thiäŋ kuɔ̈r.,Snow
3618932839_acd7d2c2ea.jpg,Aaj aye bɛ̈n tëëk në kë ye kɔc kɔ̈k nɔ̈k thïn.,Dog agility
3631986552_944ea208fc.jpg,A surfer ye tëëk në ye yom.,Surfer
3636247381_65ccf8f106.jpg,Raan koor aye baseball cuɛt në jɔ̈k.,Baseball
3644142276_caed26029e.jpg,Kɔc thiin koor karou aa luui tɛ̈n cï kek röt mac në käpuɔth.,Girl kicking boy in the groin
3646927481_5e0af1efab.jpg,Raan cath në moto cï cieŋ ke cï kek kek kek kek kek kek kek kek kek kek kek kek kek kek kek kek kek kek kek kek kek kek kek kek kek kek kek kek kek kek,Stunt
3655074079_7df3812bc5.jpg,Dhäny cï cïn kë ceŋ cï yen guɔ̈p lac lac lac lac lac lac lac lac lac lac kek keke keke.,World Naked Bike Ride
3657503733_9888ccf05e.jpg,Raan ë rɔt në thith cïl në kuɔ̈r de piny,Bicycle
3666324102_18ecdf8253.jpg,Thɔ̈ɔ̈r karou ke ye mïïth cï röt looi ke ye mïïth cï röt looi.,two girls on a swing
3667157255_4e66d11dc2.jpg,Dhäny cï muk wëu thiärdhiëc acï yecin kadhorou bɛ̈n muk nhial.,swimmer
3670075789_92ea9a183a.jpg,Nyïïr cï nhom thiäŋ ye looi ye looi ke ye raan cï puɔ̈u rou.,Girl in a pool
3671851846_60c25269df.jpg,Dhäny cï thɔnthïŋ ɣer muk acï thɔnthïŋ kɔ̈k tɔ̈u në ŋïr yic.,Dog walking
3673484638_dce87295fe.jpg,Kɔc karou ke ceŋ denim cathkë në runway.,Fashion show
3674521435_89ff681074.jpg,Kɔc ke ye run de run de run de run de run de run de run de run de run de run de run de run de run de run de run de run de run de run,Mountain bikers
3679341667_936769fd0c.jpg,diäär karou aa ye cuɛt në cuɛt.,Muay Thai
3680031186_c3c6698f9d.jpg,Raan de Boston Red Sox ye baseball piath ee biäk tiit bï lɔ̈ɔ̈m bɛ̈n.,Baseball player
3680218298_582e6a2289.jpg,Raan cuɛ̈ɛ̈c cuɛ̈ɛ̈c ee lɔ̈ɔ̈m ku raan tɔ̈ ciëën ee ceŋ käny cï looi ke cï thiäŋ muɔ̈ɔ̈,Man
3681651647_08eba60f89.jpg,Raan ee ceŋ jaɛt ɣer ku ye muɔ̈ɔ̈n kek kä juëc ye ke ye ke ye ke ye ke ke ye ke ke ke ke ye ke ke ke ke ke ke ye,Man in a top hat and flowers
3691670743_0ed111bcf3.jpg,Raan cï cath në skateboard ee cath në nhial në alɔŋ de bridge.,Skateboarder on a bridge
3692892751_f6574e2700.jpg,Raan ë loi kë ye looi në skateboard de kɔc nhïïm.,Skateboarder
3693961165_9d6c333d5b.jpg,Aaj ke dhuur ye muɔ̈ɔ̈th ye piny rot jal në ɣön lɔ̈ɔ̈m aɣeer.,Dog
3695517194_2a6b604cb2.jpg,Raan ceŋ alɛ̈th purple aye ball de football bɛ̈n bɛ̈n tëm nhom ke raan ceŋ alɛ̈th ɣer aye tɔŋ kek ye.,Soccer
3697359692_8a5cdbe4fe.jpg,Raan ciëk ye rɔt looi ke cï nyuc në rɔtde,Car seat
3702436188_2c26192fd0.jpg,meth cï cieŋ awuɔ̈r ɣer ku thaany cïk cïk cïk cïk cïk cïk cïk cïk cïk cïk cïk cïk cïk cï,Skateboarder doing a 50-50 on a rail
3703035378_c6034cac51.jpg,Ciin koor cï nyuc kek ciin koor cï rot jɔt në kɔ̈u ee daai këdäŋ.,Two little girls
3704698586_a42c25d0c1.jpg,Kɔc cath në thith kaar yiic kadiäk aa cath në thith ke cï rot jal lɔ̈k.,Bicycle racing
3712008738_1e1fa728da.jpg,Aŋac cï bikini ɣer cieŋ acï bɛ̈n cuɛt wïïr.,Swimming
3712574653_e009f76d19.jpg,Lëk ku mony ë dhiëth aye gäm dek në ruääi de guurken.,Wedding
3724623861_2bb6c23641.jpg,Dhäny cï cieŋ acï bɛ̈n jɔ̈ɔ̈r aɣeer ke biɔ̈ɔ̈l.,Violinist
3725814794_30db172f67.jpg,"Në tɔŋ de käke tɔŋ, raan tök ee raan dɛ̈t wïc bï raan dɛ̈t piäät në nyin.",Karate
3729525173_7f984ed776.jpg,Ku tiŋ ë kuɛ̈n athöör ku nyuuc ɣön lɔ̈ɔ̈m nhom.,A woman reading a book on the steps of a house.
404850242_3a55a4c874.jpg,Dhäny cï cieŋ jaat kɔ̈k acï bɛ̈n ya tak bï ya këden cï looi.,Woman in red jacket
421730441_6b2267fd31.jpg,raan ceŋ thaak ɣer cï kɔ̈ɔ̈c nhom ku ye kë ye nyuɔɔth,young man in front of a brick wall
439049388_3dcee2d30b.jpg,Kɔc karou ke kääc wär nhom tɛ̈n käkë ke ke ke ke ke ke ke ke ke ke ke ke ke ke ke ke ke ke ke ke ke ke ke ke ke ke ke,Kayaking
446514680_ff5ca15ece.jpg,Dog rou rou rouŋ rouŋ cï kek kɔ̈u kɔ̈u eeŋkë röt në tɛ̈n kek cath në tɛ̈n ye piny rot thiäŋ thïn.,Two dogs playing
449352117_63c359c6e7.jpg,Aaj aye cam caméra ke cordon.,Dog
457631171_12b1aee828.jpg,Raan cï jɔ̈ɔ̈l tɛ̈thiääk kek alel dïït apɛi.,Mushroom Rock
457945610_1a23b9ced0.jpg,ciëk koor cï cieŋ biän de bath ye rɔt në wïïr.,girl jumping in the sea
469259974_bb03c15c42.jpg,Raan ë wɛ̈t athör kueen ke cï dek.,man reading newspaper
476759700_8911f087f8.jpg,"Raan cï muk kë cï lueel "" Free Hug "".",Free hugs
488196964_49159f11fd.jpg,Aja ye cath në piiny ke cï ball tääu thok,Dog playing in the water
489065557_0eb08889cd.jpg,Raan koor cï kɔ̈u kɔ̈u kɔ̈u kɔ̈u kɔ̈u kɔ̈u kɔ̈u kɔ̈u kɔ̈u kɔ̈u kɔ̈u kɔ̈,Swing over the river
491964988_414b556228.jpg,Ciin koor acï bɛ̈n tëëk në path thiääk kenë aguiɛɛr de baai ye kek ye lac lac lac looi thïn.,Girl jumping in a puddle
494907021_321e82877a.jpg,Kɔc ke mïth aa thɔ̈r kek pal.,Children playing tug of war
502671104_b2114246c7.jpg,Ciin koor cï cieŋ alɛ̈th cuëëc ee tɔ̈u në pool yic.,Swimming
503090187_8758ab5680.jpg,Raan cï wɛ̈t cï looi në kaamera de ye tïŋ.,Photographer
519061891_320061864e.jpg,Raan koor cï cieŋ awuɔ̈r ɣer acï pïu bɛ̈n cuat në pool de mïth aɣeer.,Toddler playing in a kiddie pool
519228867_2fd25e38d4.jpg,Ciin koor tɔ̈ piiny cï thiäŋ pïu yiic.,girl in a kiddie pool
537758332_8beb9cf522.jpg,Kɔc karou aa bɛ̈n piny në këdït apɛi ye kek ya cuat thïn.,Inflatable slide
542317719_ed4dd95dc2.jpg,Raan koor ee rot bɛ̈n riɛ̈ɛ̈i në tuɛp.,boy
562928217_21f967a807.jpg,Dog rou aye jump for the same tennis ball as a dog runs with a frisbee in the background,Dogs playing
571130875_30051ac02d.jpg,Mïth kadë ke cieŋ alɛ̈th cï rɛɛc në kɔc nhïïm,group of women in pink dresses
583174725_6b522b621f.jpg,Nyin koor atɔ̈ park yic ke ye këril ku ye këril.,Girl skipping
652542470_60e858da64.jpg,Ciin koor cï cieŋ alɛ̈th de swimming ke kɔc ke loi rɔ̈m.,Girl swimmer
733172023_5810350af6.jpg,nyan cï nyuc aɣeer ɣɔɔc alɛ̈th,Clothing store
745880539_cd3f948837.jpg,Ajaŋ ɣer ee bɛ̈n bei në tuɛny cï kɔ̈ɔ̈c në dhël de kä ye kɔc kuɔny thïn.,Dog
778885185_3f6905370b.jpg,Ajuiɛ̈n cï rïŋ kɔ̈u ye kek ɣaac wei.,Dog running after a ball
781118358_19087c9ec0.jpg,"Raan koor cï nhïm kɔ̈u ku ye kuur kɔ̈u ku ye ceŋ alɛ̈th kɔ̈u, ee bɛ̈n tëëk në këpuɔth ɣer.",jumping on the bed
838074897_9d6270b3cd.jpg,Ciin koor acï bɛ̈n tëëk në kë ye kek ya cuat thïn.,Girl playing in water fountain
842961005_692737888e.jpg,"Dhäny cï kek ya cath në yeŋ, yeŋ kɔ̈u ku yeŋ kɔ̈u, yeŋ kɔ̈u, yeŋ kɔ̈u, yeŋ kɔ",Woman walking in the rain
847782643_57248bbdab.jpg,Ciin lik karou aa tɔ̈u në karpët yic tɛ̈thiääk kek O cï looi në tiim ye kek ya looi.,Tree
875731481_a5a0a09934.jpg,Kɔc cï cieŋ alɛ̈th kɔ̈k aa lɔ̈ɔ̈m në kɔc ke loi röt.,Samba dancer
930748509_8ca5cf5c24.jpg,mony thiin koor cï nyuc ku ye thieek kuen,Dog
938162709_21443d352f.jpg,Raan cï rɔt ke ye kɔc cath në wïïr ke ye kɔc cath në wïïr.,Skiing in the forest
94232465_a135df2711.jpg,Mɛɛr ee ye lac lac lac lac lac ku ye mɛnh koor tɔ̈ në kar yic ya riɛny wei në wïïr.,Ice skating
952171414_2db16f846f.jpg,akut kɔc kaŋuan ke jam në tɛ̈thiääk kek bääth,People
987907964_5a06a63609.jpg,Cïth kaarou aa riŋ në tiim yiic.,Two dogs running in a garden
1000268201_693b08cb0e.jpg,Denmisɛn dɔ tun be yɛlɛla lɔgɔ ka soo dɔ kɔnɔ.,Chicken coop
1003163366_44323f5815.jpg,Cɛɛ dɔ lanin be dilan kan k'a sɔrɔ a ka wulu siginin be a gɛrɛfɛ.,Dog and man relaxing on a bench
1022975728_75515238d8.jpg,O ye wulu finman ye min be jii la.,Dog
105342180_4d4a40b47f.jpg,Muso dɔ be kurun dɔ ɲɔni baji kan.,Kayaking
1055623002_8195a43714.jpg,Denmisɛn dɔw be ɲɔgɔn kɛlɛla kabakurulɛsɛ kosɔn.,Kids having a pillow fight
1067675215_7336a694d6.jpg,Cɛ dɔ lanin be sira kan ni sanbara ye.,man sleeping in parking lot
1067790824_f3cc97239b.jpg,Wuluba fila be ɲɔgɔn kɔ cɛncɛn kan.,Dogs playing on the beach
1107471216_4336c9b328.jpg,Kanbele dɔ y'a ka filɛli kɛ ni kamera ye,girl with camera
112178718_87270d9b4d.jpg,Cɛ dɔ b' a ka sanfɔɲɔbana mara cɛncɛn kɔnɔ.,Sandboarding
1153704539_542f7aa3a5.jpg,Muso dɔ tun be buru fiyɛna jama dɔ ka jɛnkulu kɔnɔ.,Girl playing the trumpet
1227655020_b11a1bb112.jpg,Wulu fila be tulon na.,2 dogs playing
1237985362_dbafc59280.jpg,Muso dɔ be sunguru dɔ bolo min b'a fɛ ka bulubulumaw minɛ.,A woman and a child playing with bubbles
1244306891_8e78ae1620.jpg,"sunguru minw tun be yɛlɛmisɛn kɛra sanbara la, olu siginin tun be cɛncɛn kan",three girls
1248953128_24c9f8d924.jpg,Denmisɛn dɔ tun be tulon bilenman dɔ fɛ a ka fani b' a kaan na.,Soccer
1285067106_2adc307240.jpg,Kanbelen dɔ be ɲini ka bɔ baseball bolo la,Baseball player
1287475186_2dee85f1a5.jpg,Dennin dɔ siginin be jii la.,Boy spitting water out of his mouth
1287920676_d21a0b289b.jpg,Jamanadenw ka cɛsirilanw wulennin lo a kɔ.,Husky
1303548017_47de590273.jpg,Muso dɔ tun be nɛgɛsoba dɔ kan min tun ye jalaman ye ani a tun be lɔ siradaw cɛmancɛ la.,girl on train tracks
1308617539_54e1a3dfbe.jpg,Dennin bolila ka taga baji kɔnɔ.,Surfer
1309330801_aeeb23f1ee.jpg,Muso fila be nɛgɛtigɛbana dɔ kɛra.,Trampoline
133189853_811de6ab2a.jpg,Cɛ kelen be yɛlɛla k'a sɔrɔ cɛ wɛrɛ b'a fo a teen na. Cɛ fila bɛɛ be fani don,Kiss
1338523142_57fce8229b.jpg,Mɔgɔ dɔ be yɛlɛla ka jigi kulu dɔ kan.,Hiking
1351764581_4d4fb1b40f.jpg,tasumafangabaga dɔ be jii fili mobili gwɛman dɔ ka bon kɔnɔ,Firefighter
1384292980_4022a7520c.jpg,Muso fila be tagama.,two women walking
1387461595_2fe6925f73.jpg,cɛw lɔnin be kabakuru dɔ gɛrɛfɛ,Welcome sign in English and Cornish
140377584_12bdbdf2f8.jpg,Cɛ dɔ be yɛlɛla fara kan,Rock climbing
1417295167_5299df6db8.jpg,Cɛɛ dɔ ye dɔrɔ min a bolo kelen na ani a y'a ka telefɔni filɛ.,man using a mobile phone
1460500597_866fa0c6f3.jpg,Cɛɛ dɔ siginin be tabali dɔ kɔrɔ.,The man in the bar
1469000260_5d473c8283.jpg,Jamanamanatigi dɔ siginin be yiritu daa la.,Dog
1473250020_dc829a090f.jpg,Cɛɛ dɔ tun be lɔ faraw kan ni jii ye a jukɔrɔ.,Hiking
1478294229_7e1c822fea.jpg,Mɔgɔ dɔ seenw ye nɛgɛso feereyɔrɔ dɔ la.,Bicycle
150582765_bad8dec237.jpg,Muso dɔ tun be jalaman na ka foto ta.,Photographer
1552065993_b4dcd2eadf.jpg,wulu ye wulu ye min be boli foro kɔnɔ,Dog
1572286502_64e5c4b920.jpg,Dennin dɔ be yɛlɛla jɔ sanfɛ,child
1572532018_64c030c974.jpg,Kanbelen saba be boli kɔgɔji daa la ka tulon dɔ kɛ.,Boys playing on the beach
1597319381_1e80d9e39c.jpg,"Mɔgɔ minw be bɔ bɔlɔlɔyɔrɔ gwɛmanw ni biruw na, olu be bɔlɔlɔ dɔ fili u tɔɲɔgɔn kan.",Soccer
166507476_9be5b9852a.jpg,Jigɛmisɛn fila be kɛlɛ kɛ jii kɔnɔ.,Monitor lizards fighting
166654939_80ea4ddbcc.jpg,Mobiliw be boli duguma,Dirt track racing
169490297_b6ff13632a.jpg,Kanbelen dɔ tun be dulɔki wulenman dɔ don a bolow la a kɛrɛfɛ.,Boy
1718184338_5968d88edb.jpg,Mɔgɔ fila be baji daa la. Kelen ye kasotigi ye.,Two people stand on a rock overlooking a river
1773928579_5664a810dc.jpg,Mɔgɔw be filɛli kɛra ka filɛli kɛ a ka wuluw yɛlɛtɔ ye.,Dog jumping over a ramp
1775029934_e1e96038a8.jpg,U ma kongo kɔnɔ sogo dɔ ye Ameriki. A tun be sanfɛla dɔ kan.,Wildebeest
1778020185_1d44c04dae.jpg,Wulu fila be tulon na.,boxer
1795151944_d69b82f942.jpg,Muso dɔ be nɛgɛso bisigi dɔ kan wuluw kɔ.,Dog sledding
1802092493_7b44fdb6b9.jpg,"Denmisɛn fila minw tun be fani fila la, olu tun be ɲɔgɔn fɛ.",Siblings
1808370027_2088394eb4.jpg,Wulu dɔ be jigira ka taga ji boyi dɔ fan fɛ.,Dog swimming in a waterfall
1814086703_33390d5fc7.jpg,Wulu fila be boli ɲɔgɔn fɛ yiriw gɛrɛfɛ.,2 dogs playing
1837976956_3c45d0f9b8.jpg,Muso dɔ be faniw don a kaan na ka dɔnkili la.,Singer
1874617189_e85d3f4326.jpg,Den saba siginin be duguma ka dugukolo filɛ kɔlɔn dɔ daa la.,Beach
1928319708_ccf1f4ee72.jpg,Cɛɛ dɔ be nɛgɛso bolira sira kan.,cyclist
1931690777_897a7d8ab6.jpg,Kanbelen naani tun be wuli jii la.,Boys jumping into a pool
2030781555_b7ff7be28f.jpg,Mɔgɔw be taga jɛgɛminɛ la kurunba dɔ daa la.,Fishing on the Lakefront
2074146683_7c83167aa1.jpg,Muso dɔ be ni a ka furaburu gwɛman ye ani a be den dɔ ta a bolo. A be wari labɛnna ni bagaji ye.,Woman with baby in a baby carrier at a farmers market
2083434441_a93bc6306b.jpg,Muso kɔrɔman dɔ be nɛgɛso boli ka taga dugu dɔ la.,Bicycle
2083778090_3aecaa11cc.jpg,"cɛ dɔ san fɛ min tun ye furaburu ye ani ka bɔrɔ finman dɔ don a kan, ani a tun ye fani musoman dɔ don a kaan na.",Man in fur hat
2086678529_b3301c2d71.jpg,Muso dɔ ye foroca finman don.,girl
2095007523_591f255708.jpg,Denɲɛnin min be filɛli kɛra a ka filɛli kama.,baby
2095078658_c14ba89bc2.jpg,Wulu be boli ka tɛmɛ a kan.,Dog
2095435987_1b7591d214.jpg,Wulujɛman dɔ be to ka kolonkolon a kɔ kan cɛncɛn kɔnɔ.,Dog rolling in the sand
2102315758_a9148a842f.jpg,Cɛɛ ni muso dɔ be tagama cɛncɛn kan ni jii ye kɔfɛla la.,Beach
2108799322_e25aa6e185.jpg,Wulu belebele dɔ be boli ka tɛmɛ yɔrɔ dɔ kan.,Dog
2114126343_a0f74ff63b.jpg,Dɔgɔminɛlaw jɛnkulu dɔ be juru dɔ siri kɔlɔn kan,Swimming
2121357310_f8235311da.jpg,Dennin dɔ be jigira pilikisɛlaman dɔ kan,Water slide
2130851544_d36f4f2ea6.jpg,Dennin min b' a bolo ni finfin ye k' a be i n'a fɔ a ye marifa ye.,boy eating ice
2136992638_098d62a3c5.jpg,"Wulu fila, kelen tun ye burukun ye ani dɔ tun ye finman ye.",Two dogs
2141713971_e25eb12712.jpg,Muso dɔ ni sunguru dɔ tun be yɛlɛla sanbɛrɛ kan ka jigi kulu kan.,Snowshoeing
2160266952_a2ab39191b.jpg,Denmisɛn fila be yɛlɛla u ka tulogwerenw kan.,Girl on a hopper ball
2170187328_65c2f11891.jpg,Kanbelen dɔ be ben jii la ka sɔrɔ sunguru dɔ b' a filɛ.,Swimming
2173312932_269f9786fc.jpg,Wulu belebeleba ni wulu belebeleba fila be tagara bɔ mɔgɔ dɔ ye.,Dogs playing
2196107384_361d73a170.jpg,Cɛɛ be tagara boon finman dɔ gɛrɛfɛ.,Man walking in front of a building
219843860_332e5ca7d4.jpg,Cɛ dɔ be yɛlɛla fara kan,Rock climbing
2201192417_d934730fea.jpg,Denɲɛnin dɔ be bɔ bɔrɔmasɔn na ka boli taranta kan.,Soccer player
2206960564_325ed0c7ae.jpg,denɲɛnin min be boli duguma,Dog
2208631481_3e4a5675e1.jpg,Wuluw fila bolila ka tɛmɛ foro dɔ kɔnɔ.,Dog
2226534154_cbcab7ba32.jpg,"Muso min be fani finman bilenman don, ale b' a kunsigi ɲagaminin ɲagaminin to.",People dancing
2247889670_413db8094b.jpg,Cɛɛ dɔ ni wulu dɔ be bolila ka taga baji jukɔrɔ cɛncɛn dɔ kan.,Ice skating
2249141510_f534708374.jpg,Kanbelen dɔ tun be fani bilenman don a ka sanbɛrɛ kan.,Playground
2252635585_b48b3485b0.jpg,Wuluw fila be tulon kɛra sanjɛnɛ kɔnɔ yiri dɔ gɛrɛfɛ.,Dogs playing in the snow
2256218522_53b92bcbb2.jpg,Wulujɛ dɔ be bolila cɛncɛn kan.,Dog running in snow
2258662398_2797d0eca8.jpg,Dennin dɔ be surfɛ la baji kan min be finfin don a kaan na.,Surfer
2260560631_09093be4c6.jpg,Wulu dɔ be taga sanfɛ lɔgɔ dɔ kan.,Dog
226531363_33ac01d931.jpg,Wulu be boli ka taga yɔrɔ dɔ la.,Dog running in snow
2267682214_e1434d853b.jpg,A ye wulu ye ni tulon dɔ ye a da la.,Dog with a toy
2268596214_ca532f5c63.jpg,Cɛɛ dɔ be filɛli kɛ videokamera dɔ kɔnɔ ni kasɛtifɛn ye.,cameraman
2284894733_b710b9b106.jpg,Wulu belebeleba dɔ be boli ka tɛmɛ sira kan n' a daa yɛlɛla ka ɲɛ.,Australian Kelpie
2290330500_e7bdaa58e1.jpg,sunguru min b'a yɛrɛ di ka bɔlɔlɔ dɔ kan,Girl playing volleyball
2308271254_27fb466eb4.jpg,Wulu fila be tulon na bada la.,2 dogs playing in a lake
2330062180_355ccbceb5.jpg,Wulu be boli ka tɛmɛ a kan.,Dog running in the snow
2330536645_2d36b516e1.jpg,Denmisɛnw caaman be tulon kɛ jii la.,Children playing in the river
233242340_09963100a3.jpg,Wulu dɔ be boli ka taga sira dɔ kan.,Dog
233270519_d60d4518fa.jpg,Cɛ dɔ ye sanumanw don a kaan na. A ye bɔlɔlɔ dɔ gosi ni a ka pɔlɔ ye.,Beach tennis player
2363100645_c3423a0433.jpg,Denmisɛn dɔ siginin be dilan kan ka gitari kɛ.,girl playing guitar
2367318629_b60cf4c4b3.jpg,Den duuru tun ye fani finmanw ni nɛgɛsow don.,The traditional costume of the Basque people
2367816288_7c2d11d3c5.jpg,Dennin be yiriw tigɛ ka taga yɔrɔ dɔ la.,Flip
2369248869_0266760c4a.jpg,Wulu dɔ be boli jii kɔnɔ.,Dog running through water
2374570771_c395fc224a.jpg,Wulu be tɛmɛ jii la.,Dog
2380765956_6313d8cae3.jpg,"Muso dɔ be tagama dugu dɔ la, a be faniwulen don a kaan na",A girl walking in the countryside
2393410666_b8c20fff61.jpg,Wulu ye wulu ye a ka fani na.,Greyhound in a coat
239807547_4923efc821.jpg,Wulu fila be tulon kɛra faraw gɛrɛfɛ.,Two dogs playing
241346317_be3f07bd2e.jpg,Jamaba be lɔ ka ɲanagwɛ kɛ bɔlɔlɔyɔrɔ dɔ la.,Crowd
2419797375_553f867472.jpg,Muso dɔ siginin be mobili kɔnɔ ni tile ɲɛkisɛw ani a ka findibaga ye.,girl in sunglasses
242324909_06d5a6c44b.jpg,Wulu belebeleba dɔ be taga yaala a ka filɛli la.,Dog
2426215757_e008a91fcb.jpg,Mɔgɔ min be jii kan.,Water skiing
2429272699_8a9699775e.jpg,Cɛ dɔ tun be sira la ni fani finman ye.,man walking
2441629086_52f68eb316.jpg,Muso dɔ be filɛli kɛ fenɛtiri dɔ kɔnɔ.,girl looking through a window
2449446913_28fa5b7c75.jpg,Bɛnkɛla dɔw tun be bɔ bɔrɔw kɔnɔ ka taga bɔrɔw kan.,Baseball
2449552677_ee78f01bae.jpg,Mɔgɔ dɔ be mobili la mobili kan.,Wheelchair user in front of a parking garage
2450486758_a66fd296ea.jpg,"Wulu min be ni furaburu ye, ale be cɛɛ dɔ kunna",Disc dog
2456615908_59cdac6605.jpg,Wulu finman dɔ tun be sanfɛ ka fili sanfɛ ni kɔnɔ dɔ suu ye a daa la.,Labrador retriever
2460134050_06de9f5c4a.jpg,O wulu finman ni finman be bolila ka bɔ kɛnɛma.,Dog running
2460477085_088e25f857.jpg,Cɛɛ dɔ ni kanbelen fila ye jigi ka bɔ benkanni kan.,father and sons playing on a trampoline
246231741_882b45c4e1.jpg,Jamana sagadɛndɛbaga dɔ y'a ɲinw yira a la.,Two dogs
2464259416_238ef13a2e.jpg,Wulu fila be tulon na.,two dogs playing
2474092890_6c0781a8ed.jpg,mɔgɔ min b'a ɲada dɔ yira a yɛrɛ ɲada la a siginin be dilan kan.,person sitting on a bench
247617754_4b1137de8c.jpg,Muso dɔ be a ka mobili filɛ a ka mobili kan.,girl sitting on a bench and using a mobile phone
247618600_239eeac405.jpg,Muso dɔ ye fani wuleman dɔ biri a ɲada kan k' a to yiri la.,woman sleeping on a pier
247704641_d883902277.jpg,Wulu dɔ be tɛmɛ baji dɔ kan.,Dog on a log over a river
2479162876_a5ce3306af.jpg,Wulu gwɛman dɔ be tagara yaala kongokolon kɔnɔ n' a tigi ye.,Dog
2482629385_f370b290d1.jpg,Wulu ye wulu ye a ka fani na.,Dog
2483993772_f64e9e4724.jpg,Wulu finman ni finman dɔ tun b'a fɛ ka muru ye.,Dog playing with a ball
2498897831_0bbb5d5b51.jpg,Denmisɛn saba siginin be benkanin dɔ kan min wulennin lo.,three children
251792066_b5233b3d86.jpg,Wolofɛn dɛsɛnin dɔ be don a da la.,Dog
2524003134_580e74328b.jpg,Wulu dɔ be jii la.,Dog
2525666287_638ab5e784.jpg,Mɔgɔ fila be to ka kɔnɔni kɛ.,A soldier on a train station
2528521798_fb689eba8d.jpg,Sankaba dɔ ye ɲɔgɔndan boli kɛ ka bɔ dingɛ dɔ kɔnɔ,Rally car
2528552898_9e49a7033f.jpg,"Mɔgɔ caaman ɲɛɛ na, mobili dɔ tun be ɲɔgɔndan kan.",Rally car
2538423833_d1f492d1fb.jpg,Denfitini dɔ be biri ka maga wulu gwɛman dɔ la.,Dog
2540757246_5a849fbdcb.jpg,Mɔgɔ dɔw be kɛnɛma sufɛ ka baro kɛ.,People
2549452277_873cb80d3e.jpg,Cɛ dɔ tun be bɔrɔ dɔ kɔnɔ min tun ye jaaman ye.,cyclist
2561295656_4f21fba209.jpg,A tun be jii la ni ɲɛkisɛw ye.,Swimming
2584412512_6767593f24.jpg,Wulu fila be ɲɔgɔn fɛ.,Dog
2591603141_33d6397e0a.jpg,wulu finman ni finman min be taama cɛncɛn kan,Dog
2596475173_58f11fc583.jpg,Wulufiyɛgɛ ni wulufiyɛgɛ lo be ɲɔgɔn cinna.,Dogs fighting
2600867924_cd502fc911.jpg,"Wulu fila, kelen tun ye wulu ni finman ye ani kelen tun ye finman ni finman ye.",Two dogs playing
2602279427_191773c9e2.jpg,Mɔgɔ min be tagama ni fani dɔ ye min tun ye jalamugu ye.,Street vendor
2602306033_2b3100d36b.jpg,Wulu finman dɔ tun be baji la ni bere ye.,Dog swimming in the sea
2615811117_42b1838205.jpg,Denɲɛnin dɔ be bɔrɔ kɔnɔ ani a be kurun kɔnɔ.,Baby in a life jacket
2616508003_fa5ca5780d.jpg,Mɔgɔ min be moto boli ka nɛgɛso boli.,Wheelie
2635908229_b9fc90d3fb.jpg,Kanbelen dɔ siginin be yiri dɔ kan.,boy sitting on a post
2638369467_8fc251595b.jpg,Muso dɔ tun be filɛli kɛ ni fani gwɛman ye.,girl
265528702_8653eab9fa.jpg,Cɛ dɔ tun be yen ni biɲɛ ye ani tile tun be manamana kuluw kan.,Self portrait
2655647656_ee450446ed.jpg,Kanbelen dɔ be don jii la.,boy jumping over an obstacle
2656890977_7a9f0e4138.jpg,Denfitini dɔ be kɛnɛma. A ka kurulenw ni a ka fani tɛ.,boy
2660480624_45f88b3022.jpg,Muso fila be lɔ Red Bull mobili gɛrɛfɛ.,Red Bull car
2667015110_1670324a33.jpg,Denmisɛn dɔ be fani naranjɛman dɔ don a bolo ani a be sɛbɛ naranjɛman dɔ mara a bolo.,A young boy holding a poster for the film.
2667549961_57e5e2c0a5.jpg,Denɲɛnin dɔ be taga yiri la ka taga jii ta fan dɔ gɛrɛfɛ.,Baby crawling on the floor
2672445419_251ce9419a.jpg,Kanbelen dɔ tun be yɛlɛmisɛn kɛra a ka fanibuguw kan.,boy
2696636252_91ef1491ea.jpg,A tun be nɛgɛtigɛbana dɔ kɛ ka nɛgɛtigɛbana dɔ ɲimi ani ka a sen kelen minɛ.,Skateboarder
2700147489_f1664f2b61.jpg,Cɛɛ dɔ be sanfɛla la ka yɛlɛ a ka nɛgɛtigɛbana kan.,Ollie
2701487024_e866eb4550.jpg,Kanbelen dɔ y'a ka nɛgɛsow ta k'u don baji jukɔrɔ.,boy on a boogie board
2703155733_19ac6f97a8.jpg,Muso dɔ ye faniba dɔ bɔ a kaan na ani a ye faniba dɔ dilan,Fashion show
2706430695_3b5667741c.jpg,Muso fila be lɔ dingɛ dɔ kɔnɔ yɛlɛnyɔrɔw la.,Girls playing in a puddle
2728486640_cc2a31d2b0.jpg,Wulu gwɛman dɔ tun be dumuni dɔ kɛra a daa la.,Dog
2746072388_b127f8259b.jpg,Denmisɛn dɔ tun be to ka toroti dɔ dumu.,Baby eating birthday cake
2747436384_9470c56cb9.jpg,Kanbelen naani bena ben baji dɔ kan.,Wave
2760371526_63f3d01760.jpg,Kanbelen dɔ be don jii la.,Swimming
278105206_df987b0ca0.jpg,Wulu be boli ka tɛmɛ a kan.,Dog
2785108434_cd4a1c949c.jpg,Den dɔ nana sanfɛ ka jigi baji kan.,Jumping for joy
2785115802_137fa30000.jpg,Wulu be jii la.,Dog
2812590023_50182bc417.jpg,Siga be bɔra ɲɔgɔndan bolibaga dɔ kɔfɛyɔrɔ la.,Dragster
2814406547_a237ef0122.jpg,Cɛɛ dɔ be yiriw ka sanbara don a kaan na ka lɔ bagabaga kan.,man in floral robe
282131366_5f9a39c43c.jpg,Muso dɔ tun b'a fɛ ka tagama ni juru ye. A tun be yɔrɔ dɔ la min yɔrɔ ka jan.,man doing tai chi
2836360729_6500249fe6.jpg,"Muso min tun be yɛlɛmisɛn kɛra cɛncɛn kan, ale suu donna kɔgɔji kɔnɔ.",Kelp
2842865689_e37256d9ce.jpg,Mɔgɔ fila siginin be tabali dɔ ɲɛfɛ boon dɔ kɔnɔ kogow tun ye bulu ye.,Two teachers in a classroom
2848266893_9693c66275.jpg,"Cɛ dɔ tun be fani gwɛman dɔ don a bolo, a tun be zurunali dɔ ta ka taga sira kan.",A man in a white suit walking down a street
2858439751_daa3a30ab8.jpg,Cɛ dɔ be moto bisigi kura dɔ kan ka taga ɲɔgɔndan ɲɔgɔndan kan.,Motorcycle racer
2860041212_797afd6ccf.jpg,Wulu finman dɔ be lɔ foro dɔ kɔnɔ ka kɔnɔ dɔ don a da la.,Flat-coated retriever
2861413434_f0e2a10179.jpg,Kanbelen dɔ tun be bɔrɔ b'a ka bɔrɔ kan.,boy throwing a ball
2868668723_0741222b23.jpg,Kanbelen dɔ be dulon nɛgɛso dɔ kan.,boy on a swing
2870426310_4d59795032.jpg,Den fitinin saba be yaala foro dɔ kɔnɔ ka boli ka taga filɛli kɛ.,three children running in the grass
2873837796_543e415e98.jpg,Wulu dɔ b' a ka cɛsirilan bilenman ɲimi.,Dog
2877088081_7ca408cb25.jpg,Dennin dɔ tun be nɛgɛsow don ani a tun be fani finman don.,Kickflip
287999021_998c2eeb91.jpg,Mɔgɔ fila be yɛlɛla kulu kan.,Climbing
2887744223_029f2fd5fe.jpg,A be bɔlɔlɔ kɛra ka bɔ a bolo.,Soccer
2890113532_ab2003d74e.jpg,Wulu fila be boli foro dɔ kɔnɔ.,Dogs
2899374885_f3b2b1a290.jpg,Denɲɛnin min b'a daa la ka jii bɔ kɔlɔn dɔ kɔnɔ,Baby boy playing in a fountain
2899501488_90d5da5474.jpg,"Mɔgɔ minw be motow boli ka ɲɛ, u be lɔ ka lɔ ɲɔgɔndanw kan.",Motorcycle racing
2913965136_2d00136697.jpg,Kanbelenw be bɔlɔlɔ kɛ yɔrɔ dɔ gɛrɛfɛ.,Soccer
2930622766_fa8f84deb1.jpg,"Cɛɛ dɔ lanin be batoyɔrɔ dɔ kan, mɔgɔw b'a lamini",People waiting for the bus
2934628301_41ea2e6cf9.jpg,Wulu finman dɔ tun be don a kaan na.,Dog shaking off water
2935649082_1ca60180c6.jpg,Windsurfer dɔ benna a ka kurun kan kɔgɔji kɔnɔ.,Windsurfing
2939007933_8a6ef2d073.jpg,Mɔgɔ min be moto boli ka nɛgɛso boli ka taga sanfɛ.,Freestyle
295258727_eaf75e0887.jpg,wuluw fila be boli sira dɔ kan,2 dogs
2964438493_413667c04a.jpg,Wulu fila be tulon na.,two dogs playing in a kiddie pool
2978271431_f6a7f19825.jpg,Sanji be boli ka boli ɲɔgɔndan boliyɔrɔ dɔ kan sufɛ.,Car racing in the rain
2992614450_b5a6692239.jpg,"Mɔgɔ dɔ tun be nɛgɛso kan, sanfɛla la, boon dɔ gɛrɛfɛ.",Mountain bike
3004287781_c041c09c16.jpg,mɔgɔ minw b'u bolow la k'u ka dusukunnakow fɔ,Photo of two people dancing and singing in the street.
300539993_eede2d6695.jpg,Wulu finman ni finman min be lɔgɔ dɔ ɲimi,Dog
3014986976_0e7b858970.jpg,Mɔgɔ caaman be sirada la ani u bɛɛ be jipiw kɔnɔ.,Traffic jam
3018847610_0bf4d7e43d.jpg,Kɛlɛkɛla dɔ be ben a tɔɲɔgɔn kan.,Diving elbow drop
3025315215_a5d367971a.jpg,Wulu belebeleba dɔ be tɛmɛ tunɛli la.,Dog
3029463004_c2d2c8f404.jpg,Mɔgɔ dɔ be surfɛla yirifɛrɛnin dɔ kan.,Surfer
3033612929_764d977bd5.jpg,Wulu fila be tagara ni u ka tulonkow ye.,Dogs playing
3042483842_beb23828b9.jpg,Cɛ dɔ tun be yɛlɛmisɛn na ni finɲi ye ani a tun be furaburu don a kaan na.,A man with glasses and a leather jacket
3051341320_1d0166e775.jpg,Mɔgɔ caaman be yɛlɛtɔ kulu kulu kan.,Roller coaster
3061481868_d1e00b1f2e.jpg,Mɔgɔ fila be moto kan.,Two men on a motorcycle
3065468339_4955e90fd3.jpg,Wulu finman dɔ be dugukolo ɲimi jii gɛrɛfɛ.,Dog
3077166963_fe172c709d.jpg,Muso dɔ lɔra yiri fila kan ka misiw ja.,Photographing bison
3083016677_5782bc337c.jpg,Mobili fila ni ɲɔgɔndan bolibaga fila ye kelen kelen bɛɛ ye.,bikers
3084149186_4bc08b0752.jpg,"Mɔgɔ min tun be yɛlɛla kulu kan ka kɛ hɔrɔn ye, ale tun be la fara dɔ kan.",Bouldering
3085357792_efcf297c71.jpg,Cɛ dɔ be bɔ fani biru dɔ kan ka boli sira kan.,Running
3089842255_359ccf5c40.jpg,Muso dɔ nana bɔ ka taga ben mɔgɔ dɔ kan foro kɔnɔ.,Girl rolling on a large inflatable cylinder
3090386315_87ed417814.jpg,Wulu belebeleba dɔ be boli ka taga yen n' a ye.,Dog
3092370204_029b6bc10a.jpg,"Mɔgɔ minw tun be fani finmanw don, u tun be dansi kɛra lɔgɔ kan.",Punk rock
3109780402_dbae082dc5.jpg,"Muso fila minw tun ye fani gwɛmanw don, u siginin tun be yɔrɔ fitinin dɔ la.",Two girls in a lift
3118505332_b0792489b5.jpg,cɛɛ ni muso dɔ be foto dɔ ta,couple
3121482932_f77ca12c01.jpg,Mɔgɔ dɔ be wotoro naani dɔ kɔnɔ.,Quad bike
3122938209_2b2c6c1fab.jpg,A be nɛgɛsoba dɔ ta ka nɛgɛsoba dɔ ta.,Bicycle
3123526484_02952e40fc.jpg,Cɛɛ ni muso dɔ lɔnin be dugu dɔ ka sirada dɔ kan.,couple
312427606_defa0dfaa8.jpg,Muso jɛnɛman dɔ be yiriden dɔ dunna.,girl eating a peach
3125309108_1011486589.jpg,"O kama, a tun man nɔgɔ ka mɔgɔ fila kunbɛn.",Lineout
3128514681_a51b415c31.jpg,"Muso fila minw tun ye fani don, u tun be lɔ sira kan.",Two girls in a street with lights
3130093622_362f32f2bb.jpg,Wulu be boli ka tɛmɛ a kan.,Dog
3133044777_8cc930a4ec.jpg,cɛɛ dɔ be yiridenw feere.,Fruit stand
3148286846_40ae914172.jpg,Denmisɛn fila be tulogweren dɔ kɔnɔ kongosogo kan.,Kayak
3150380412_7021e5444a.jpg,Wulu belebeleba dɔ be boli jii kɔnɔ.,Dog
3150659152_2ace03690b.jpg,Cɛ dɔ be kurunba dɔ kɔnɔ min wulennin lo ani a be taga ni yiriw ye.,Boat in the jungle
3167379087_927ff05a35.jpg,Mɔgɔ saba be nɛgɛso boli ka taga sira dɔ kan ka tɛmɛ yiritu kɔnɔ.,cyclist
3174417550_d2e6100278.jpg,Mɔgɔ dɔ be sanfɛ sanfɔɲɔ kan.,Snowboarding
3176072448_b84c99cf7f.jpg,Muso fila. Denmisɛnnin be filɛli kɛra duguma. Kɔrɔcɛman be minni kɛra.,two women
3181322965_ce9da15271.jpg,Dennin dɔ tun be nɛgɛsow la ka taga baji dɔ kɔnɔ.,The beach at the festival
3182121297_38c99b2769.jpg,"Mɔgɔ min be sanbɛrɛ kan, o tigi be nɛgɛ dɔw kɛ sanbɛrɛ kɔnɔ.",Snowboarding
3184206563_5435f2b494.jpg,Muso dɔ be boli sira dɔ kan min tun ka ɲi ka kɛ yɔrɔ gwɛman dɔ ye.,woman running
3188044631_ca3a9cc737.jpg,Cɛɛ ni muso dɔ be yelikalan kɛra sankarisa yiri kɔrɔ.,Christmas
3189251454_03b76c2e92.jpg,Wulu be lɔ ka kasi.,dog
3189521080_133777bce5.jpg,Dɔnɔnin dɔ be bɔnna dingɛ kɔnɔ,Common Scoter
319851847_7212423309.jpg,"Mɔgɔ min be nɛgɛtigɛbana dɔ ta, ale be yiriw dilan ka kɛ cɛɛ dɔ jaa ye.",Chainsaw carving
3198962089_e647d1b0cd.jpg,"Mɔgɔ min be sanfɛrɛnw kɛ, ale be yɛlɛla lɔgɔ kan ka yɛlɛ sanfɛ.",Snowboarder
3201427741_3033f5b625.jpg,Muso min be a kun datugu n'a be den minɛna,Mother and child
3206058778_7053ee6b52.jpg,Muso fila be jigitigɛ kɛra ani kelen be a ka telefɔni filɛra.,Ice skating
3210419174_d083a16f77.jpg,mɔgɔ dɔw be lajɛn walisa ka foto ta,group of friends
3212085754_35fdc9ccaa.jpg,Kɔɲɔmuso dɔ be dɛmɛ kɛra a ka sanbara la,Bride and her mother
3212625256_685bc4de99.jpg,Cɛ dɔ be muso dɔ fo a ka kanuya kosɔn sira kan,Kissing
3214885227_2be09e7cfb.jpg,Cɛɛ dɔ tun be kurun dɔ kɔnɔ baji daa la.,River
3215870337_c92a1a1b2f.jpg,Mɔgɔ caaman be lajɛnna masaso dɔ ɲɛfɛ Washington DC.,Crowd of people looking at the memorial wall
3217187564_0ffd89dec1.jpg,Wuluw jɛnkulu dɔ be ɲɔgɔndanw kɛra.,Greyhounds racing
3217910740_d1d61c08ab.jpg,Kalankɛla dɔ ye kanbele fila dɛmɛ k' u ka ordinatɛri ta.,Computer class
3219065971_702c4e8c34.jpg,Dennin be UNO lo kɛra.,boy playing uno
3220126881_b0a4f7cccb.jpg,Cɛ fila ni muso dɔ ye foto dɔ ta.,Three people
3220161734_77f42734b9.jpg,"Dennin dɔ min tun be cɛsirilan bilenman don a kaan na, ale be marifaw degi.",Dance
322103537_184367bf88.jpg,Muso dɔ tun be binikini don a kaan na ka taga sanfɛ.,Jumping off a sand dune
3221128704_d1205db79b.jpg,Cɛ dɔ be to ka bɔlɔlɔ dɔ gosi ni furaburu ye.,Football player
3222055946_45f7293bb2.jpg,"Mɔgɔ min be bɔsira fani gwɛmanw don, ale be bɔlɔ fiyɛra a ka fani finmanw donbaga fɛ.",Basketball
3222749441_3bdfe088e3.jpg,"Mɔgɔ saba tun be sirinin na ni ɲɛdafin finman ye "" Salvar O Planeta "" tagamasiɲɛ gɛrɛfɛ.",Greenpeace activists
3227423095_5049951eab.jpg,Mɔgɔ dɔ be nɛgɛso kan ka sanfɛla sanfɛla dɔ sanfɛ.,Bicycle
3229519418_040f05ced1.jpg,Mɔgɔ seegi be lɔ fila kɔnɔ.,Human pyramid
3231596071_f0c522a639.jpg,Cɛ dɔ be sinɔgɔ a ka fotɛli kan.,yawning
3240014971_ee2ea8406f.jpg,Polisi dɔ siginin be moto kan.,Police officer on a motorcycle
324208502_674488bcea.jpg,Cɛkɔrɔba dɔ siginin be ni kanbelen dɔ ye benkan bilenman dɔ kan.,two men sitting on a bench
3243094580_ccd01679f5.jpg,O mɔgɔ be nɛgɛso boli sira kan suu fɛ.,Bicyclist on the bridge at night
3245070961_8977fdd548.jpg,Kanbelen dɔ be bɔ fani biru dɔ kan ka boli ka yɛlɛmisɛn kɛ.,boy running
3258394043_a0b6a94dce.jpg,Denmisɛn fila be filimu dɔ la ni mɔgɔ wolofa ye.,Children's television
3259992164_94600858b3.jpg,cɛɛ fila be dansi kɛra jama cɛma,B-boy
3264350290_f50494e835.jpg,Kanbelen dɔ be nɛgɛtigɛbana kɛ nɛgɛtigɛbana kan.,Skateboarder doing a 50-50 on a ledge
3264650118_be7df266e7.jpg,"Mɔgɔ minw be tɛmɛ sanfɛyɔrɔw la, olu be tɛmɛ kɔlɔnw kɔnɔ.",Skiing
326585030_e1dcca2562.jpg,Cɛ dɔ be kurun dɔ ta ka tɛmɛ baji kan. A ka boonw bɛɛ tun ye farimanw ye.,The harbour wall and the sea wall
3268191118_ba25fabab6.jpg,Mɔgɔ dɔ be nɛgɛso boli ka taga dogo.,Bicycle
3271061953_700b96520c.jpg,Mɔgɔ dɔw be mobili dɔ kɔnɔ.,Refugees
3277824093_299cbb3138.jpg,Mɔgɔ dɔ be yɛlɛ ka yɛlɛ faraba dɔ kan.,Skateboarder doing a 50-50 on a rock
3283897411_af9d0b497d.jpg,Dennin min be fɛɛn dɔ minɛ tasuma na.,Girl playing with fire
3295418287_5d590dac43.jpg,Ɲɔgɔnkunbɛn fanibugu gwɛmanw ni lanternw bilenin be u kan,Chinese new year
3299418821_21531b5b3c.jpg,Dennin dɔ tun be jolisira kɛ sanbara bilenman dɔ kan.,Ice skating
3303797949_339bb969ba.jpg,Dennin dɔ ni basikɛti bɔlɔlɔ ye.,Basketball
33108590_d685bfe51c.jpg,Mɔgɔ fila be furaburu dɔ filɛ.,Street food vendor
3317145805_071b15debb.jpg,A tun ye furaburu finman ye.,Dog
3323498985_fd9d2803fd.jpg,Cɛ dɔ tun be ben baji dɔ kan,Surfer falling off a wave
3326273086_e09e845185.jpg,Wulujɛ dɔ be tulon kɛra sanjɛnɛ kɔnɔ.,Standard poodle
3333675897_0043f992d3.jpg,Wulujɛbaga dɔ be nɛgɛtigɛbana dɔ kɛra.,dog
3339558806_b4afdc8394.jpg,Muso dɔ siginin be dingɛda dɔ kan a ka luu kɔnɔ. Muso dɔ siginin be duguma a gɛrɛfɛ.,A man and a woman sitting on a swing in a backyard
3339747039_1a8455c210.jpg,Cɛɛ dɔ siginin be faraw daa la.,A view of the valley of the river
3341077091_7ca0833373.jpg,Dennin dɔ tun be yɛlɛ ni nɛgɛtigɛbana ye.,Skateboarder
3347666612_659e6e2207.jpg,O den fila nunu be jii la,Kids playing with water
3350260112_fcb47ff6b2.jpg,Mɔgɔ caaman be ji la kɛnɛma.,Beach
3353400143_8b9543f7dc.jpg,Mɔgɔ min tun ye moto bolibaga ye furaburu kan.,Motorcycle racer
3354075558_3b67eaa502.jpg,A ye filɛli kɛ k'a ye ko furumuso dɔ b' a senkɔrɔda nɛmu.,Cat
3370085095_6abbb67c1d.jpg,Cɛ fila ni muso dɔ ye foto dɔ ta.,three people
3376014640_ff5b00769f.jpg,"Cɛɛ dɔ be surfɛti kan, a be taga kɔgɔji la.",Stand up paddle
3376809186_4e26d880b7.jpg,Mɔgɔ dɔw be jii la.,People bathing in the river
3396043950_12783c5147.jpg,Mɔgɔ caaman be lajɛn ka dumuni kɛ boon kɔnɔ.,People
3401039304_424ffc7dbf.jpg,Mɔgɔ caaman siginin be sigilanw kan yɔrɔ dɔ gɛrɛfɛ.,Mountain
3402081035_a54cfab1d9.jpg,Cɛɛ dɔ be sanfɛ ni sanukuru ye ani a be yɛlɛla ni paraasi ye,Paragliding
3405113041_4b72c24801.jpg,Sanji kan kɔnɔ belebele dɔ be sanfɛ.,Bird
3407357681_5aeaab5b59.jpg,Wulu dɔ be boli jii kɔnɔ.,Dog running in water
3411393875_a9ff73c67a.jpg,Cɛ dɔ tun be fani bilenman dɔ don a kaan na ani muso dɔ tun be ni jese wulenmanw ye a kunsigi la.,Spanish soccer fans
3412249548_00820fc4ca.jpg,Cɛ dɔ ni kunsigi jɛman ani toro ye yɛlɛmisɛn ye.,bald man with a mustache
3416091866_a96003d652.jpg,Cɛɛ dɔ b' a ka baara yira jama la.,The man is telling the story of the car.
3416339125_0860d3d1eb.jpg,Cɛ fila be jii minna dumuni na,Two men drinking beer and smoking cigars
3441701164_6dbbdf1bce.jpg,Mɔgɔ dɔ be moto boli la ka mɔgɔ dɔ yira.,Motorcycle racer
3445544288_68fdb25969.jpg,Mɔgɔ fila be yɛlɛnyɔrɔw la.,Ski lift
3447155358_5b5b59b15e.jpg,Denmisɛn dɔ tun be fani bilenman dɔ don min tun ye yiriw ye ani a tun be tenisi bɔ a bolo.,girl with tennis racket
3453544202_3855ab34b6.jpg,Mɔgɔ min be moto musomanw ka ɲɔgɔndanw na.,Motorcycle racer
3458559770_12cf9f134e.jpg,"Mɔgɔ min be nɛgɛso boli ni jakaburu ye, ani ka sanbara finman, ani kasikan gwɛman, ale be taga dugukolo kan k'a to mɔgɔw b' a",Bicycle
3458625738_297857369c.jpg,Cɛkɔrɔba dɔ tun be fani ɲumanw don ani a tun be juruw tigɛ lɔgɔ kan.,man doing the splits
3461041826_0e24cdf597.jpg,Wulujɛni dɔ be bɔnna kɔda dɔ kɔnɔ.,Dog playing in water
3461106572_920c8c0112.jpg,Mɔgɔ duuru be lɔ boon dɔ ɲɛfɛ yiriwa. U be foto dɔ ta.,group photo
3461437556_cc5e97f3ac.jpg,Wuluw saba be boli ka taga kongo kɔnɔ.,Dogs running
3471066276_fb1e82e905.jpg,Wuluw fila bolila ka tɛmɛ foro dɔ kɔnɔ.,Two dogs running in a field
3474999131_788cbf253f.jpg,Wulu finman dɔ be sanfɛla dɔ kan.,Dog agility
3476381830_3751dd9339.jpg,Mɔgɔ dɔ be yɛlɛ ka bɔ yɛlɛnyɔrɔw la.,Rollerblading
3485657956_7481582565.jpg,Jamanadenw fila be tulogwerenw na.,Dogs playing
3496028495_431cfdc042.jpg,Wulu barakaman dɔ be jii la kɛnɛma ni tenisibɔlɔ ye a daa la.,Dog
3498354674_b636c7992f.jpg,Mɔgɔ dɔ tun be yɛlɛyɛlɛnan dɔ kan ka yɛlɛyɛlɛnan dɔ kɛ.,Skateboarder doing a 50-50 on a ledge
3502459991_fdec2da131.jpg,Cɛ dɔ be filɛli kɛ yɔrɔ dɔ la ni marifa ye min b' a tulow tanga.,Shooting range
3502563726_30d1ce29c8.jpg,Wulu fila be ɲɔgɔn gɛrɛfɛ.,two dogs
3511062827_cd87871c67.jpg,Wulu finman be fɛɛn wulenman dɔ sama a da la.,Dog
3515904775_f8acc5909e.jpg,Wulu dɔ bɔra jii la ni muru ye a daa la.,Dog
3517040752_debec03376.jpg,Musow be softball kɛ. Muso dɔ be boli ka taga bɔyɔrɔ dɔ la. Muso dɔ be a ka mansin sin a bolo.,Baseball
3522989916_f20319cc59.jpg,Wulu belebeleba ni wulu belebeleba be tulon kɛ taranta la.,Dogs playing
3525453732_f74a38f111.jpg,A gamanw be sanfɛ ani a be bɔ tile kɔnɔ.,Bird
3529721084_4b405baf54.jpg,Mɔgɔ fila ye pikiri kɛ. U dɔ ye nɛgɛso bolibaga dɔ ye.,bikers
3532539748_795d16ef07.jpg,Cɛɛ dɔ ni denmisɛn dɔ lɔnin be luu kɔnɔ.,Father and son
3532587748_7e64bb223a.jpg,Dennin be to ka bolo lɔ a ka fanibugu kan.,B-boy
3538021517_b930dc76fc.jpg,Denmisɛn fila be futbola kɛra ɲɔgɔn fɛ.,Soccer
3538686658_30afc75f02.jpg,Mɔgɔ dɔ be nɛgɛso boli ka bɔ kulu kan.,Mountain bike
3543600125_223747ef4c.jpg,Cɛɛ dɔ ni muso dɔ be duvɛn minna daga dɔw kɔnɔ biriki kogo dɔ ɲɛfɛ.,couple
3544669026_1b5c0e6316.jpg,Wulu dɔ be wuli ka taga bɔ a ye.,Dog playing with a ball
3545586120_283d728a97.jpg,"Bɛlɛkɛla fila minw tun be mansin finmanw don u bolo, olu be kɛlɛ kɛra.",Boxing
3545793128_af3af544dc.jpg,Muso dɔ tun lɔnin be jama cɛma.,Crowd of people
3549140234_e99b07c739.jpg,Kanbelen dɔ be yɛlɛ ka nɛgɛ koorinin dɔ ta.,Skateboarder
354999632_915ea81e53.jpg,Mɔgɔ dɔ tun be bɔrɔ dɔw kɔfɛ igloo kɔnɔ.,The view from the outside of a tent in a snow cave
3554210976_fbd0ef33a3.jpg,O mɔgɔ ye fani biru don a kaan na. A lɔnin be kuru sanmanamana dɔ kan.,Salt mining
3557295488_600d387347.jpg,Cɛ dɔ tun be fani musoman bilenman dɔ kan ka ben cɛɛ dɔ kan fani musoman bilenman dɔ kan hockey ka ɲɔgɔndan dɔ la.,Hockey
3558251719_3af5ae2d02.jpg,cɛɛ ni wulu be lɔ tondo kɔnɔ.,Dog training
3558683579_8fb36b55a6.jpg,Cɛ saba tun be basketball lo kɛra ani u dɔ ye mɔgɔ wɛrɛw bali ka bɔ u bolo.,Basketball
3560081723_62da0035bd.jpg,Cɛ dɔ be mobili dɔ bolira sira kan.,Quad
3560726559_4c4bed9f2d.jpg,Kanbelew ni sunguruw be ɲɔgɔn minɛ fanitigiw ka fani na,Prom
3561537309_e271d57492.jpg,Kanbelen dɔ lɔnin be kɔgɔji kɔnɔ n' a bolow janin ye.,boy in the ocean
3562169000_6aa7f1043d.jpg,Lɔgɔminanw tun be bɔ sira kan ka bɔ yen.,Car drifting
3564148252_aa4cb36a32.jpg,"Mɔgɔ min tun be moto boli ni faniw ye, ale be yɛlɛma.",Motorcycle racer
3564157681_03a13b7112.jpg,Cɛɛ dɔ be filɛli kɛra ka filankafo dɔ minɛ.,Frisbee
3564543247_05cdbc31cf.jpg,Kanbelen fila be tulon kɔnɔna.,Two boys jumping into a pool
3564738125_10400f69c0.jpg,Mɔgɔ fila be tagama ka taga kuru dɔ kan.,Two climbers on a steep slope
3566225740_375fc15dde.jpg,Sɔlidasi dɔ be tagara bɔ a kɔrɔ kɛlɛkɛwotorow la.,Military vehicles
3568225554_73cdb19576.jpg,Cɛ dɔ tun be faraw kan ka yɛlɛyɔrɔw la.,Bouldering
3582689770_e57ab56671.jpg,Mɔgɔ fila be tagara kulujan dɔ kan tanki dɔ kan.,Cannon
358607894_5abb1250d3.jpg,Cɛɛ dɔ tun be furaburu finman dɔ don a kaan na.,Michael Jackson
3591462960_86045906bd.jpg,cɛɛ min tun be yɛlɛnin don ni tura ye,Rodeo
3598447435_f66cd10bd6.jpg,Cɛ dɔ tun be kayak sanman dɔ kɔnɔ ka to ka kurun ta jii kɔnɔ.,Kayaker in a green kayak
3601491447_a338875b51.jpg,Mɔgɔ saba ye mɔgɔ dɔ minɛ ka bɔ kɛlɛbolo wɛrɛ la.,Rugby
3613242966_a1c63a0174.jpg,Wulu be ji la.,Dog
3613323772_d15cef66d1.jpg,"Den min be yɛlɛ ka bɔ nɛgɛtigɛbana kan, ale be sanfɛla sanfɛ.",Skateboarder
3613667665_1881c689ea.jpg,Wuluw be boli ka taga yɔrɔ bɛɛ.,Dog
3614582606_16bd88dab2.jpg,Muso dɔ ye den dɔ ta ni yiriw ye a kuun na.,Mother and daughter
3622929632_26fb800000.jpg,Wulujan dɔ tun b' a da la.,Dog with baseball
3625957413_e475943aa3.jpg,Wulu fila be boli foro dɔ kɔnɔ.,Two dogs running in a field
3628103548_2708abcda2.jpg,Muso dɔ tun be to ka guitar degi ani ka dɔnkili la a kɔfɛ.,Folk
3630102841_b4c3e00b2c.jpg,Mɔgɔ caaman be yen ni furaburu finmanw ye.,Crowd of people
3632572264_577703b384.jpg,"O kama, u ye fila lɔ fila fila kɔnɔ.",Soccer
3639547922_0b00fed5cd.jpg,Denmisɛn dɔ be tagara sanfɛ sanfɛla dɔ la.,girl on slide
3639704469_fe83e1c9b7.jpg,Muso dɔ tun be kɔɲɔya fani gwɛman dɔ don ani cɛɛ dɔ tun be kɔɲɔya fani finman dɔ don. O cɛɛ fila bɛɛ tun lɔnin be jɔɔ dɔ kan,Bride and groom on the beach
364213568_7f83e7d144.jpg,Wulu dɔ be filen dɔ kɔ min be tulogweren dɔ ta.,Two dogs playing on the beach
3642220260_3aa8a52670.jpg,Wulu finman dɔ be tagama cɛncɛn kan farayɔrɔw gɛrɛfɛ.,Dog on the beach
3646453252_5ebbbaa6cc.jpg,Mɔgɔ dɔ be nɛgɛso kan ka bɔ kɛnɛma yɔrɔ dɔ la min tun ye yiritu ye.,Mountain biker
3666574371_317b008d2a.jpg,"Cɛ dɔ lanin be bin kan rugbi foro kan, a be bɔlɔlɔ dɔ minɛna a bolo.",Rugby player scoring a try
3667157255_4e66d11dc2.jpg,"Muso min be ni sanu sanu sanulaman fila ye, ale b' a bolokunnaden wolonwula kɔrɔta.",swimmer
3667318593_fa1816b346.jpg,sunguru dɔ siginin be wotoro kan.,Girl on a swing at a fair
3675685612_3987d91d92.jpg,Denmisɛn dɔ be farikalan dɔ kɛ a kan.,Spinning
3675825945_96b2916959.jpg,A tun be tasumaman dɔ kɔnɔ.,Skateboarder
3679407035_708774de34.jpg,"Cɛ dɔ be yen min ka fani tun ye sinin ye ani a tun sɛbɛra o kan ko: "" Kanbelenw bena kanbelenw dɛmɛ. "" A be filɛli kɛ.",Crop top
367964525_b1528ac6e4.jpg,Wulu be boli ni yiriw ye sanbɛrɛ kɔnɔ,Dog
3689975998_72f50b6d91.jpg,Asiyanmuso dɔ be boli sira kan.,woman running
3690159129_93ba49ea18.jpg,"Cɛ min be ni finɲi ye, ale be nɛgɛtigɛbana kɛ a ka nɛgɛtigɛbana kan.",Inline skating
3698944019_825ef54f2f.jpg,Denmisɛn wulennin dɔ tun be fani gwɛman dɔ don ani a ka pantalon tun ye veranda ye.,Curious
3699763582_f28c5130dd.jpg,Cɛ kunkurunin dɔ tun tɛ fani bɔ a la.,Climber on a steep rock face with a view of the sea and the mountains in the background
3706356018_28f62290e8.jpg,"Denmisɛn duuru be mobili dɔ kɔnɔ min tɔgɔ ko "" Kɔnɔmisɛn jigitɔ "".",Frog Hopper
3708266246_97a033fcc7.jpg,Wulu finman dɔ be sanfɛla dɔ kan.,Dog jumping over a hurdle
3709030554_02301229ea.jpg,Kanbelen dɔ be sira dɔ kan min wulenin lo ka jɔrɔkɔ don a kaan na.,boy running
3721082512_8277087f3f.jpg,Kogow kan yɛlɛnbaga be tagama dugukolo kan yɔrɔ dɔ la.,Mountain biker
3724113279_99b6e5bf41.jpg,Cɛɛ dɔ be nɛgɛso dɔ ta ka nɛgɛso dɔ ta ka taga ni a ye kogo dɔ kan.,Bicycle rider doing a flip
374104006_7f32c8c5de.jpg,Cɛ dɔ tun be ni fani dɔ ye min tun ye ɲɛgɛn ye.,man
374828031_9d087da5cf.jpg,Cɛɛ dɔ be yɛlɛla fara kan.,Rock climbing
3758175529_81941e7cc9.jpg,Kanbelen dɔ tun be yɛlɛla jii la ka bɔ jii la.,boy playing in water
384465575_31294122c0.jpg,Mɔgɔ fila be nɛgɛso boli ka jigi kulu dɔ kan.,Mountain biking
390992388_d74daee638.jpg,Mɔgɔ dɔ be yɛlɛla kulu kan sanbɛrɛ be min kɔnɔ,Ski touring
410422753_de506155fa.jpg,Wulu be boli ka tɛmɛ a kan.,Dog
410453140_5401bf659a.jpg,Cɛɛ dɔ be lɔ bon dɔ daa la.,Yerba Buena Center for the Arts
421316045_ae7a1eb4bc.jpg,Denmisɛn fila be kɛlɛ kɛ sofa gwɛman dɔ kan.,Kids fighting
424307754_1e2f44d265.jpg,Cɛɛ dɔ tun be foro la ni wulu finman dɔ ye.,Man and dog
44129946_9eeb385d77.jpg,Cɛɛ ni muso dɔ siginin be benkan dɔ kan ka kurun dɔ filɛ.,Sunset over Lake Washington
444803340_fdcaab86f9.jpg,cɛɛ ni muso dɔ lɔnin be yiri jukɔrɔ ka baro kɛ.,couple
445655284_c29e6d7323.jpg,Wulu dɔ be boli sanbɛrɛ kɔnɔ yiriw gɛrɛfɛ.,Dog running in the snow
446138054_d40c66d5f0.jpg,Cɛɛ dɔ tun be sanfɛla la fara kan.,Jumping
467960888_6943257534.jpg,Wulujɛbaga dɔ be surfɛla cɛncɛn kan.,Dog on the beach
482882307_7dcb9eee11.jpg,Mɔgɔ caaman be kurun kɔfɛ.,Rafting
485566887_57eac33bd1.jpg,Wulu fila be tulon na bin na.,Two dogs playing in a field
487487795_54705c406e.jpg,Wulu fila be tulon na.,Dogs playing
491405109_798222cfd0.jpg,sunguru dɔ min tun be yɛlɛmisɛn kɛra n'a kunkolo lanin be duguma,girl
491600485_26c52c8816.jpg,Wulu finman be sanfɛ ka labɛn ka bɔ ka taga a minɛ.,Dog playing with a ball
494907021_321e82877a.jpg,Denmisɛnw be kɛlɛ kɛ ni murujanw ye.,Children playing tug of war
498492764_fe276e505a.jpg,Cɛkɔrɔba dɔ tun be fani don a ka nɛgɛso kan,Gentleman with bicycle
506367606_7cca2bba9b.jpg,Muso dɔ be lɔ lɔgɔ dɔ kan ka yiriw ta.,woman selling flowers
512026551_ba63ddbd31.jpg,Wulu dɔ be bɔ jii la ka taga n' a ye.,Dog fetching a ball in the water
515702827_be3c6ce857.jpg,Cɛ dɔ tun be sinɔgɔra fani finman dɔ kan. A tun be surfɛla dɔ kan.,Swimming
516998046_1175674fcd.jpg,Wulu dɔ be boli jii kɔnɔ.,Dog running in the water
524360969_472a7152f0.jpg,baarakɛla min lɔra sira kan n'a be lɔyɔrɔ yira a tɔɲɔgɔn na,Stop sign
530454257_66d58b49ee.jpg,Denfitini dɔ tun be fani dɔ don min b'a yira ko a ye tubabu dɔw ye.,Duck race
534056823_0752303702.jpg,Muso dɔ tun be fani finman don a kaan na.,The sculpture of the giant under the bridge
535830521_aa971319fc.jpg,"Muso dɔ be zurunali dɔ kɔnɔ min b'a fɔ ko: "" Fɛɛn minw yɛlɛmana, o ye tiɲɛ ye. """,Newspaper vendor
554526471_a31f8b74ef.jpg,mɔgɔ caaman be farikolo ɲɛnagwɛkow kɛra baji kɔnɔ,Beach
561179890_af8e31cb2e.jpg,Cɛɛ dɔ tun lɔnin be lɔgɔ dɔ kan baji gɛrɛfɛ.,Man in front of a bridge
566446626_9793890f95.jpg,Muso dɔ tun be fanimuso dɔ don a kaan na.,Girl upside down on a swing
576075451_5e0f6facb3.jpg,wulu finman dɔ be sanfɛla la sanbɛrɛ kɔnɔ,Dog
58368365_03ed3e5bdf.jpg,Cɛɛ dɔ be lɔ fara dɔ kan ani a be tile benna.,hiker
642987597_03b21a1437.jpg,Muso dɔ tun be yiri dɔ kan.,girl in a tree
661749711_6f408dad62.jpg,Wulu dɔ be bɔ kɛnɛma ka taga bɔ a ye.,Dog catching a ball
673806038_0a3682a83f.jpg,Denmisɛn dɔw be boli ka tulon kɛ o nɛgɛsow kɔnɔ.,Kids playing in a sprinkler
69189650_6687da7280.jpg,Wulu belebele dɔ be boli ka tɛmɛ foro kɔnɔ.,Dog
693450725_8ad72389e6.jpg,Wulu dɔ tun be bin dɔ ɲafɛ.,Dog
707972553_36816e53a2.jpg,Denɲɛnin dɔ ye dɔrɔkɔ don a kaan na ka lɔ kabakuruw kan cɛncɛn kan.,A child playing on the beach
717673249_ac998cfbe6.jpg,Wulu fila be tulon na.,Two dogs playing
719837187_3e7bf1d472.jpg,Wulu belebeleba dɔ be wuli ka bɔ ka bɔ ka bɔ ka bɔ ka bɔ ka bɔ ka bɔ san fɛ.,Dog
732468337_a37075225e.jpg,Denɲɛnin dɔ ni denɲɛnin dɔ fari lakolon be ɲɔgɔn mun.,Two children playing with paint
753578547_912d2b4048.jpg,Wulu fitini dɔ be ɲini ka bɔ kɛnɛma ka bɔ ka bɔ ka taga bɔ a ye.,Dog playing with a ball
783994497_4f6885454d.jpg,Mɔgɔ dɔw be taga minni kɛ yɔrɔ dɔ la.,two young men in a convenience store
824923476_d85edce294.jpg,Wulujɛni dɔ tun be kɔ fɛ ka kɔlɔnw kɔ.,Duck
938162709_21443d352f.jpg,Mɔgɔ dɔ tun be tɛmɛsira kan ka boli ka tɛmɛ yirituw kɔnɔ.,Skiing in the forest
957230475_48f4285ffe.jpg,Kanbelen dɔ be jigitigɛ kɛra ka firiji bilenin ni jɛman bɔ kanbelen dɔ ɲada la.,Father and son
96973080_783e375945.jpg,Wulu be boli ka tɛmɛ a kan.,Dog running in the snow
102351840_323e3de834.jpg,Ŋutsu aɖe le tɔsisi aɖe ƒe dzogbe me le dzodzom.,Ice fishing
1030985833_b0902ea560.jpg,Dɔwɔƒe aɖe si me dzĩ kple dzĩ le la le xexe eye dɔwɔƒe si me dzĩ le la le fefem fefe aɖe le eƒe nu me.,Two dogs playing with a frisbee
1057251835_6ded4ada9c.jpg,Avuvi aɖe si ƒe amadede kɔ la le zɔzɔm le ƒuta.,Dog running on the beach
107318069_e9f2ef32de.jpg,Ameha aɖe le yameʋuwo kpɔm le zã me.,Hot air balloons
1082379191_ec1e53f996.jpg,Ŋutsu kple nyɔnu aɖe nɔ anyi ɖe tɔdziʋua dzi.,couple
1087539207_9f77ab3aaf.jpg,Ðeviwo nɔ ʋuʋudodoa dzi nɔ fefe wɔm le agblea me.,Quad
109260216_85b0be5378.jpg,Ame si le toɖomi si me kpewo le la dzi tom to ka aɖe dzi,Canyoning
1095476286_87d4f8664e.jpg,Ŋutsuvi aɖe si le tɔtrɔm ɖe vudo me.,Boy playing in water fountain
1115679311_245eff2f4b.jpg,Avuvi aɖe si le ƒuta la le ƒuƒum eye wòti ɖe ati ƒe xɔxɔnu aɖe dzi.,Dog on the beach
1159574340_99ba8c3c59.jpg,Ðevi aɖe si do eƒe afɔkpawo la dze tsia me.,Jumping into the river
1160441615_fe6b3c5277.jpg,Nyɔnuvi etɔ̃ aɖewo zɔna le abɔ ƒe mɔ si ŋu nuʋãnuwo le la dzi.,The entrance to the garden
1163282319_b729b24c46.jpg,Nyɔnuvi sue aɖe si do tavu dzĩ kple dzĩ la nɔa anyi ɖe agakpe aɖe dzi.,girl sitting on a rock and laughing
1167662968_e466f1e80a.jpg,Ðekakpui aɖe si si nuŋububu kple tagbɔti.,Man with a nose ring
118187095_d422383c81.jpg,Woƒo ɖevi eve ɖe ʋu ƒe nɔnɔme me le sɔlidɔ aɖe me.,People in a parade
1204996216_71d7519d9a.jpg,Vinyenyɔnuvi aɖe le afi ma le afi aɖe.,boy lying on a bench
1244306891_8e78ae1620.jpg,nyɔnuvi siwo le tsiɖam le alɔgbɔnu kum siwo le anyi ɖe ke dzi,three girls
1253275679_e955fb7304.jpg,Ðekakpui aɖe si do awu yibɔ si woyɔna be ADHD la nɔ asi tsom,boy with down syndrome
12830823_87d2654e31.jpg,Ðevi aɖewo le tɔmelã kpɔm le tsiʋua me.,Fish pond
1294578091_2ad02fea91.jpg,Ŋutsu aɖe nɔ tsitre le telefon dzi kple nyɔnu aɖe nɔ anyi nɔ nu ŋlɔm le nuwɔametɔ ƒe dzedzemeƒe.,Street artist
1303727066_23d0f6ed43.jpg,Ŋutsu aɖe si ƒe dzodzoe nye alɔgbɔnu la do awu si me ŋutifafa ƒe dzesi le la,man with peace sign on back
1362128028_8422d53dc4.jpg,Ðevi etɔ̃ aɖewo ƒoa tsi ɖe tsi si wotsɔ tsi yɔ fũu la me eye wodzea agbagba be yewoadze agbagba awɔ nu vevi aɖe.,two boys in a tub
1363924449_487f0733df.jpg,Ŋutsuvi sue aɖe si do awu si ŋu fesrewo le la léa asi ɖe ta.,boy
136639119_6040b00946.jpg,Ame aɖe le tɔɖim ɖe agakpewo dzi.,Rock climbing
1383698008_8ac53ed7ec.jpg,Ŋutsua le nu wɔm le snowoƒua dzi le yame.,Snowboarder
138718600_f430ebca17.jpg,Nyɔnu blond eve nɔ anyi ɖe woƒe gasɔwo ŋu le gbe me le tsi aɖe gbɔ.,Biking
1389264266_8170bc1c54.jpg,Nyɔnuvi eve siwo do gotikɔwo ƒe awuwo.,Two girls in a park
1398613231_18de248606.jpg,Ŋutsu kple nyɔnuvi aɖe nɔa tsi me le ʋua me.,Swimming
1424237335_b3be9920ba.jpg,Nyɔnuvi eve aɖewo nɔ tre ɖe woƒe asiwo ŋu le gakpo aɖe ŋu.,Girls playing on a playground
1468103286_96a6e07029.jpg,New York Yankee aɖe lé agba ɖe asi.,Baseball player
1468389504_c724bdcad0.jpg,Nyɔnuvi eve siwo do afakaka la le fefewɔƒe siwo me dzĩ le la me.,Playground
1469000260_5d473c8283.jpg,Avu gã aɖe si dzĩ la nɔa anyi ɖe ave la ƒe dzogoe dzi.,Dog
1476002408_4256b7b2fa.jpg,Ame aɖe si le kilt me la zɔna le tɔdziʋu aɖe dzi.,Kilt
1476241331_2f43b67aed.jpg,Vidzĩ eve le tsivudo aɖe gbɔ.,two boys at a water fountain
1499581619_a5f65a882c.jpg,Srɔ̃tɔ eve aɖe le nu ƒom le ƒuta.,Kissing
150582765_bad8dec237.jpg,Nyɔnu aɖe si do awu ɣi la le foto ɖem.,Photographer
1523800748_a59e980eee.jpg,Ðevi eve siwo le zɔzɔm le ƒuta la le zɔzɔm le ƒuta.,children running on the beach
1527513023_3d8152b379.jpg,Ðekakpui aɖe dze tsia ƒe dzĩ aɖe dzi.,boy in a water slide
1539166395_0cdc0accee.jpg,Ðevi sue aɖe si ƒe ɖa le abe asike ene la le sɔdodo me fefenu aɖe dzi.,boy
1547883892_e29b3db42e.jpg,nyɔnu aɖe le nu xlẽm le kɔfiƒe aɖe,A woman sitting at a table outside a coffee shop
1552065993_b4dcd2eadf.jpg,avu aɖe si ƒe amadede le vovovo la le sisim le seƒoƒo aɖe me,Dog
1581822598_0ae23074f1.jpg,Avu aɖe si le sno me nɔ snoƒonu aɖe lém.,Dog
1600208439_e94527b80f.jpg,Avu aɖe le tsi me dzram.,Dog
160585932_fa6339f248.jpg,Ʋu aɖe le nyɔnyrɔm ɖe tsi me le atsiaƒu alo tɔsisi aɖe me.,Land rover Discovery
161669933_3e7d8c7e2c.jpg,mɔtitsimɔ̃ƒola si le mɔa dzi la le mɔa dzi,Isle of Man TT
1659396176_ced00a549f.jpg,"Avu eve, ɖeka si ƒe lãgbalẽ le dzĩ la le didi, eye woƒe nu me le ʋuʋu ɖi, eye woƒe aɖuwo le dzedzem, eye lã ɖeka ƒe",Dogs playing
1679565118_d36f0d6d52.jpg,Avuvivi si le tsiƒom be yealé tenisbɔl,Dog
1680126311_b92a2e8e72.jpg,Ŋutsuvi aɖe si le futakpadzɛ aɖe ƒom kple eƒe akɔta.,Soccer
1713248047_d03721456d.jpg,Avu etɔ̃ le agble me.,dogs
173020287_230bfc4ffc.jpg,Ŋutsu aɖe lé ati aɖe ɖe asi le avu aɖe si le tɔtrɔm la gbɔ.,Dog training
180094434_b0f244832d.jpg,ɖevi etɔ̃ siwo le fefem le vudo aɖe me,Fountain
185057637_e8ada37343.jpg,Ame atɔ̃ aɖewo le xexe.,group of people
186890601_8a6b0f1769.jpg,Ŋutsu aɖe le tsi dzi nɔ to dom le ka me.,Man on a rope swing over a lake
1876536922_8fdf8d7028.jpg,Avu eve siwo lé fefifi dzĩ ɖe asi le nu me la le tsi me.,Two dogs playing in the water
1884727806_d84f209868.jpg,ŋutsu kple nyɔnu aɖe si lé Mickey Mouse ƒe towo ɖe asi le amehawo dome.,couple
1924234308_c9ddcf206d.jpg,Nyɔnu aɖe si do bikini la doa kpewo le kpeʋuwo ƒe do aɖe gbɔ.,Hiking
2034553054_b00c166895.jpg,"Ðevi aɖe si do blema awu nɔ kplɔ̃ aɖe kpɔm kple kplu, kplu kple agbotsetse aɖe.",boy
2045562030_654ddea5e5.jpg,Sɔhɛ aɖewo ƒo nu le xɔ si wotsɔ simenɛ ɖo la ŋu.,Scene
2052702658_da1204f6d1.jpg,Ðevi aɖe si do snovuvu dzĩ la le sno ɖum.,Snow
2057160636_6e9cf3b5f0.jpg,Ame aɖe nɔa tɔdziʋu aɖe dzi le atsiaƒu dzi.,The Green River in Utah
2064792226_97e41d8167.jpg,Nyɔnuvi aɖe le foto ɖem ɖe ŋutsu aɖe kple nyɔnuvi aɖe ŋu le keke si ŋu wowɔ atsyɔ̃ ɖo la dzi.,Bicycle
2077346067_0a3a5aae65.jpg,Ŋutsu aɖe le nu ɖum eye wòle zɔzɔm le mɔa dzi le dzĩ kple dzĩ ƒe dzesi gã aɖe nu.,Road death
2090723611_318031cfa5.jpg,Avu eve le gbea dzi.,Dog
209605542_ca9cc52e7b.jpg,Ŋutsu aɖe si do tavu dzĩ la le tɔɖim ɖe agakpe aɖe dzi,Climbing
2100816230_ff866fb352.jpg,Ŋutsu aɖe si do asikevi dzĩ la nɔ tsiɖim ɖe ʋɔ aɖe dzi.,Skiing
2102724238_3cf921d7bb.jpg,Ame siwo do awu ɣiwo la nɔa anyi ɖekae.,Subculture
2110692070_8aaaa1ae39.jpg,Avu si ƒe teƒewo nye ɣi kple yibɔ la le yiyim le gbe me.,Dog
2158267555_db1d94e468.jpg,Ðevi aɖe le sɔdodo dzi eye ɖevi tsitsi kple ame tsitsiwo le tsitre ɖe egbɔ.,Pony rides
2165461920_1a4144eb2b.jpg,Avuvivivi ene siwo ƒe nu me mekɔ o la nɔ duɖim ɖe nu si woƒona la ŋu.,Dogs
2182488373_df73c7cc09.jpg,Du aɖe si me nyɔnu eve siwo lé asitsatsawo ɖe asi le kple ameha aɖe le megbe la le.,Two women on the Hollywood Walk of Fame
2183967273_d182e18cf6.jpg,Avuvi aɖe si le lã si wotsɔ asi ɖo la dzi le television aɖe ŋgɔ,Dog watching television
2196050115_e236d91f52.jpg,Ŋutsuvi aɖe si tsɔ eƒe aŋutrɔ kple eƒe aŋutrɔ ɖo ta nu le gbea ŋu.,Archery
2196316998_3b2d63f01f.jpg,Ŋutsu aɖe léa kpẽwo ƒe mlɔenu ɖe asi esime ŋutsu bubu le gbe ƒom.,Bagpipe
2199250692_a16b0c2ae1.jpg,Ŋutsu aɖe le ʋu aɖe si ŋu ɖɔwo le la ʋum le Ocean Blue Company ŋgɔ.,Ocean Blue Company
2213113526_beeb4f9bdc.jpg,nyɔnu aɖe lé vidzĩ aɖe ɖe ʋuƒoƒomɔ dzi le ƒuta,Baby and mother on the beach
2214132302_80064fd79d.jpg,Nyɔnu aɖe si do awu dzĩ kple dzĩ ƒe dzĩ le nudada wɔm.,Running
2218334049_e649dbdb1a.jpg,Avuvi aɖe le tsitre ɖe gota le zã me.,Dog
2219959872_988e6d498e.jpg,Ŋutsu aɖe si do lãgbalẽvi dzĩ la nɔa nɔnɔmetata aɖe ɖem ɖe kpexɔ aɖe ŋu esime amewo le eme tsom.,"Tulum, Mexico"
2228022180_9597b2a458.jpg,Ðeviwo ƒe ƒuƒoƒo aɖe si do awu blɔ la nɔ anyi ɖe atrakpuiwo dzi.,Kindergarten children
2233426944_0959835ced.jpg,Avu ene le ƒuƒu dzi yina ɖadi tenisbɔl aɖe eye evelia le tsitre ɖe megbe.,Dogs
2239938351_43c73c887c.jpg,Avu etɔ̃ siwo le fefe wɔm kple nuƒovi dzĩ aɖe.,Dogs
2245348304_08bc5642f1.jpg,Ŋutsu aɖe bɔbɔ nɔ aɖaka aɖe dzi nɔ mɔa dzi nɔ kpẽ ƒom.,Homeless man playing guitar
2261962622_e9318a95eb.jpg,Nyɔnu aɖe le videoƒleʋeʋeʋeʋeʋeʋeʋeʋeʋeʋeʋeʋeʋeʋeʋeʋ,Dance
2264316030_600e55748d.jpg,Avuvi kple adrea ƒe avu aɖe zɔna le sno me eye eƒe aɖe nɔa anyi.,Dog
2266901263_4324af1f03.jpg,Ðeviwo doa bɔlunifom.,Soccer
2271667421_7b21fc23b8.jpg,Ƒuƒula aɖewo nɔ mɔ aɖe dzi tom.,Skiers
2272491304_cb7c7ed16f.jpg,Ame atɔ̃ nɔ tsatsam le sno me le togbɛwo dzi.,Skiers
2278110011_ba846e7795.jpg,Ŋutsuvi sue aɖe si do awu dzĩ la le fefe wɔm le gota kple bubblewo.,boy running through bubbles
2289068031_fe26990183.jpg,Ame aɖe le ʋuʋum le ʋukuku aɖe dzi tom esime videokapawo le videoa ɖem.,Motocross
2298946012_22de913532.jpg,Ame ene siwo le sɔ dzi la le tsitre ɖe atsiaƒu aɖe ŋu le adzɔge ɖaa.,Horseback riders on the shore of a lake
2305437797_e6c3460190.jpg,Avu aɖe si le tsi ɖum kple ati le eƒe nu me.,Dog swimming in the lake
2306186887_0bd8ed3792.jpg,"Avuvi eve le gbea dzi dzodzom, eye wo dometɔ ɖeka tsɔ bɔl dzĩ aɖe ɖe asi.",2 dogs playing
2324779494_5e72d29171.jpg,Ŋutsuvi aɖe si do asisike kple asiʋlaya aɖe si me nu sẽ la nɔ.,child
2330062180_355ccbceb5.jpg,Avu aɖe si le tsatsam le sno me.,Dog running in the snow
2335619125_2e2034f2c3.jpg,Avuvivi si le sno me la le zɔzɔm.,Dog
2344875609_8e172d682b.jpg,Nyɔnuvi aɖe si do snoŋutivu la le ŋudzɔ tso snoʋe aɖe me.,Snow
2348491126_30db0d46ef.jpg,Ŋutsu si do ɣeɖoto kple dzetata si le dzedzem le dzi kpɔm,man
2355763034_9fb61a8165.jpg,nyɔnuvi aɖe si do awu dzĩ kple dzĩ la le fluƒoƒo ƒom le ƒuƒoƒo aɖe me.,A girl in a marching band playing the flute.
2358447641_10f1e9d21f.jpg,Nyɔnuvi aɖe si do snoŋutigbalẽvi dzĩ la nɔa ʋuʋum le dzomeŋutilã dzi.,Ice skating
236476706_175081ce18.jpg,Nyɔnu eve aɖewo zɔna le ablɔ si me amewo sɔ gbɔ ɖo la dzi.,Two women walking in a parade
2391269207_d1d2615b1d.jpg,Avu ɣi si ƒe kɔti le dzĩ la nɔa yiyim esime wòle fefem fefe aɖe si dzĩ la tsɔ ge.,Dog
239453674_0df7767208.jpg,Kpovitɔ si nye kpetukpe la le zɔzɔm kple Germanytɔ alẽkplɔvi aɖe le ame gbogbowo ƒe ʋɔtruti aɖe to.,Police dog
2404692474_37da774368.jpg,Avuvi si ƒe amadede kɔ la le fefem ɖe fefem le xexe.,Dog
241031670_e60f59b8e4.jpg,Ðevi etɔ̃ siwo lé dzonuwo ɖe asi la le tsiɖim le tsiɖitsiɖi me.,Three girls with umbrellas
241346352_c5a0ea43c6.jpg,Futbolvi aɖe le bɔl la ƒum esime ame siwo le tsitre ɖe eŋu la le ekpɔm.,Football
241347067_e58d05dbdc.jpg,Futɔwɔla etɔ̃ aɖewo léa asi ɖe futɔ bubu si lé bɔl la ŋu.,Football
2436160351_108924a65b.jpg,Ŋutsuvi eve siwo do awu dzĩ kple do dzĩwo.,Two boys playing with a tricycle
2472720629_d9a6736356.jpg,Ŋutsu aɖe kple ŋutsuvi aɖe le yameʋudzɔ aɖe tum ɖekae.,Kite flying
2473791980_805c819bd4.jpg,ame si le atsiaƒu me le tsiɖitsiɖi me le tsiɖitsiɖi me le awu yibɔ me.,Kitesurfing
247617035_9f2e821534.jpg,Ŋutsu aɖe bɔbɔ nɔ anyi ɖe tɔdziʋua dzi eye wòlé tsi ɖe asi.,man sitting on the ground
247617754_4b1137de8c.jpg,Nyɔnu aɖe si lé megbegbalẽgbalẽgolo ɖe asi la le eƒe asitelefon ŋu kpɔm esime wònɔ anyi ɖe xɔxexexe sue aɖe ŋu.,girl sitting on a bench and using a mobile phone
2480832276_fa55480ecb.jpg,Ame aɖe doa agakpe gã aɖe ɖe ati aɖe te.,Bouldering in the shade of a tree
2507312812_768b53b023.jpg,Avu eve le ƒuƒum le tsia dzi.,Dogs playing on the beach
2521062020_f8b983e4b2.jpg,Ŋutsuvi aɖe si nɔ dzadzram ɖo esime ŋutsu si do awu yibɔ la blae ɖe gakpo yibɔ aɖe me be wòado gli la.,Climbing
2521938802_853224f378.jpg,Ŋutsu aɖe si le kriketi wɔm,Cricket
2522297487_57edf117f7.jpg,Nyɔnu aɖe lé ɖevia ɖe asi esime ŋutsuvi aɖe nɔ anyi ɖe egbɔ nɔ alɔgbɔnu kom.,Grandmother with her grandchildren
2533414541_362bf043bb.jpg,"Ʋu si le ɣi kple blɔ la le mɔa dzi, eye ame aɖewo le afi ma.",Car
2537119659_fa01dd5de5.jpg,Ŋutsuvi sue aɖe le nyɔnuvi sue aɖe yome tim si le ʋua kum le ʋua me.,boy and girl playing
2549968784_39bfbe44f9.jpg,Ðevi aɖe si do tsiɖitsiɖiɖonuwo.,Swimming
2552949275_b8cdc450cc.jpg,Avu aɖe nɔ tsiƒum ɖe atsiaƒu me.,Dog jumping into the water
2553188198_da1123a723.jpg,"Avuvi si le tsi me la nɔa tsi si me ƒoƒui le la ŋu tom, gake avuvi si le dzĩ la nɔa ŋku lém ɖe eŋu.",2 dogs playing in a puddle
2554570943_122da6438f.jpg,Ðevi aɖe va do ɖe ʋɔtruti dzĩ aɖe me.,girl in a tunnel
2561295656_4f21fba209.jpg,Tsitsimla si lé ŋkuɖodzinuiwo ɖe asi le tsia me.,Swimming
2579460386_94c489028d.jpg,Avu sia le tsi me tom.,Dog swimming
2586028627_ddd054d8cc.jpg,Ðevi sue aɖe si do awu dzĩ la le eƒe gasɔ dzĩ la dzi tom le du aɖe ƒe titina.,child on a bicycle
2590207488_ddd89037ba.jpg,Avuvivivivi aɖe le zɔzɔm le ƒuta.,Dog
2597308074_acacc12e1b.jpg,Ŋutsuvi aɖe ƒua gbe ɖe nyɔnuvi aɖe ŋu,Beach tennis
2597737483_6518a230e4.jpg,Ŋutsuvi aɖe dze anyigba le ʋuʋudedi aɖe me.,Playground
2597873827_a5cb3e57ba.jpg,Vinyinyi aɖe bɔbɔ nɔ anyi ɖe afɔtoƒe aɖe dzi kple asiwo ɖe dzi.,boy running
2599444370_9e40103027.jpg,Avuvi eve nɔ tsiƒuƒuƒe.,Dog and otter swimming together in a pool
2603125422_659391f961.jpg,Wotsɔa gli si me woŋlɔa nu le la wɔa akpa aɖe si me ame ʋɛ aɖewo ƒoa ƒu le ʋua gbɔ.,Street art
2603792708_18a97bac97.jpg,Ame eve aɖewo zɔna le ƒuta le ɣeɖoto me kple ame aɖewo.,Beach
2613993276_3c365cca12.jpg,Avu aɖe si le gbe me la ƒua du kple bɔl le eƒe nu me.,Dog
2616673985_fa4354cc53.jpg,"Nyɔnu aɖe si le avuvi siwo ƒe ɖa le didi, siwo ƒe ŋkɔ nye adzo le afisia la ɖem le avuviwɔƒe aɖe.",Dog show
2624044128_641b38c0cf.jpg,Ðevi eve siwo do avɔ ɣiwo la zɔna le mɔ si dzi amewo to la dzi.,two boys running
2635908229_b9fc90d3fb.jpg,Vinyɔnuvi aɖe bɔbɔ nɔ ati ƒe atiti aɖe dzi.,boy sitting on a post
2662845514_8620aaee96.jpg,Aʋawudɔwɔla aɖe ƒoa ƒu tsia kple afɔƒoe.,Ice breaking
2667783499_3a4f38f636.jpg,Ŋutsuvi sue aɖe si do awu dzĩ la le fesre aɖe ƒe fesre nu.,boy
267325341_1a96ef436e.jpg,Avuvivi si le nu ƒom le gbea me kple nane si nye aŋgba le eƒe nu me,Dog
2673564214_3a9598804f.jpg,Ðeviwo le fefe wɔm le xɔ si me nu dzeani kple dzĩ le la me.,Bounce house
2683963310_20dcd5e566.jpg,Vidzĩ aɖe le asaɖa aɖe me le asime nɔ fefem.,Baby playing in the sand
2685139184_4ff45e0f76.jpg,Amea bɔbɔ nɔ Winnie le avɔ si wotsɔna dzraa dzĩ la dzi.,Homeless man
2689163361_4939875be5.jpg,Nyɔnuvi si do awu dzĩ la le fli flipa aɖe ƒom.,Girl twirling ribbons
2689491604_d8760f57b4.jpg,Wotsɔ tsi ɖe ŋutsuvi aɖe si le tsiƒle si me wodoa dzoe me la me.,boy playing in a pool
2773400732_5b65a25857.jpg,Nyɔnu aɖe do awu dzĩ eye wòle duɖim.,woman running
2775744946_1ab5d500a2.jpg,Ðevi aɖe si do awu dzĩ kple sukua si le abe gbea ene la le tsi me.,Swimming
278105206_df987b0ca0.jpg,Avu aɖe si le tsatsam le sno me.,Dog
2796801478_8ebd7e550b.jpg,"Ne ame aɖe le skateboard dzi la, ewɔa skateboard-dɔwɔnaa ɖe gli aɖe ŋu.",Skateboarder performing a grind on a box
2797188545_aeb26c54c0.jpg,Ame eve nɔ tɔdziʋu dzĩ aɖe me nɔ tɔdziʋu aɖe dzi tom.,Canoe on the rapids
2797511323_bf20acab45.jpg,Lãgbalẽgolo le avu ɣi la ƒe nu me.,Dog
2807177340_bc85291df5.jpg,Ŋutsuvi aɖe si le fefewɔƒe aɖe wɔm,Playground
2823575468_15f6c345fc.jpg,"Ŋutsuvi si lé tsiɖitsiɖodzikpe, lé ŋkuɖodzinui eye wòƒu du",Boy running
2830755303_2b5444ab4c.jpg,Ðevi sue aɖe le ƒuta zɔm abe ale si xeviwo ƒona ɖe edzi ene.,boy running on the beach
2831314869_5025300133.jpg,Ŋutsu aɖe si do bɔti gã dzĩwo la le mɔ̃ gã aɖe si me gakɔsɔkɔsɔ gãwo le la nu.,man on a boat
2831656774_36982aafdb.jpg,Nyɔnu aɖe kplɔa avu aɖe yia ʋɔtrua dzi le du aɖe me.,A dog jumping over a hurdle
2832487464_2d30634e1e.jpg,Avu aɖe le ʋɔtru siwo me amadede le la dom ɖa.,Dog
2837908308_8bc25c6b02.jpg,Avuvi si le ʋɔtrua dzi tom.,Dog jumping over a hurdle
2838619742_eed855d8a8.jpg,Ame si me awu mele o la nɔa tɔtrɔm le agakpewo dzi.,man climbing
2846037553_1a1de50709.jpg,Ŋutsuvi aɖe si do awu dzĩ la zɔna ɖe atiwo ƒe alɔdzewo dzi.,boy climbing a tree
2849194983_2968c72832.jpg,Nyɔnuvi si ƒe ɖa le dzĩ la tsi tsi tsi me.,girl in the pool
2851304910_b5721199bc.jpg,Nyɔnu aɖe si lé ŋku ɖe eŋu la léa ŋku ɖe to siwo le ʋuʋum la dzi.,A woman in a red jacket looking through a spotting scope at a river and mountains
2856456013_335297f587.jpg,"Ŋutsu aɖe si do ɣi la le agbagba dzem be yeaƒo ƒu le bɔlƒoƒe, evɔ ŋutsu eve siwo do viviti kple yibɔ la tsi tsitre ɖe eŋu",Soccer
2862004252_53894bb28b.jpg,Avu la le zɔzɔm le gbe me.,Dog
2865409854_afedf98860.jpg,Ðeviwo kple ame tsitsi aɖewo le tsivudo aɖe me le anyigba dzi nɔ fefe wɔm.,Water feature
286660725_ffdbdf3481.jpg,Ŋutsu aɖe ƒoa dzo ɖe eme.,Fire breather
2867026654_38be983b44.jpg,Avuvi si le gbea Frisbee aɖe lém la le mɔ kpɔm na eme.,Dog playing with frisbee
2870875612_2cbb9e4a3c.jpg,Avu aɖe si le tsi ɖum kple ati le eƒe nu me.,Dog swimming in a lake
2873431806_86a56cdae8.jpg,Nyɔnuvi sue aɖe si nɔ eƒe tsidzadzaɖonuwo me la tsi tsi ɖe tsiʋume aɖe me.,puddle
2883099128_0b056eed9e.jpg,Ŋutsu aɖe si mele awuʋlaya me o la le tenis ɖum.,Tennis player
2887750774_920eb171aa.jpg,Avu aɖe do tso tsia me va do ɖe ƒuta.,Dog running in water
2890113532_ab2003d74e.jpg,Avu eve siwo le du dzi la le du dzi.,Dogs
2890731828_8a7032503a.jpg,Ʋuʋua kulawo le xɔ si le dzo dam la ŋgɔ eye dzudzɔ sɔ gbɔ ɖe eme.,Firefighters in a burning building
2891617125_f939f604c7.jpg,Ame aɖe si le anyigba ƒe gasɔ dzi.,motocross
289616152_012a9f16c6.jpg,Ŋutsu aɖe si nɔ Rollerblades me nɔ ʋuʋum le mɔ̃ dzi.,Skateboarder doing a manual on a rail
2921793132_ef19f1dd44.jpg,Nyɔnuviawo ƒua du yia bɔlƒoƒo me le fefe aɖe me.,Soccer
2924884815_63826aa60d.jpg,Nyɔnuvi eve siwo le nu kom le amehawo dome la nɔ nu kom.,two students
2930622766_fa8f84deb1.jpg,"Ŋutsu aɖe si nɔ tsitre ɖe ati aɖe ŋu, eye amewo ƒo xlãe",People waiting for the bus
2931254547_e97c6d0d63.jpg,Nyɔnu aɖe si mekɔ o la lé kpɔ̃ aɖe ɖe asi esime amehawo le ekpɔm.,Water fight
2934022873_3fdd69aee4.jpg,Skateƒola eve siwo do gakukuwo la le yiyi ge ɖe teƒe aɖe.,Longboard
2934121315_4969eeda1b.jpg,Avuvi aɖe si le ƒutsotsoewo me la le ƒuƒuƒuƒuƒuƒu me.,Dog
2939197393_93dc64c4bb.jpg,Sɔdola aɖe si do gakuku yibɔ nɔ ʋuʋum le to aɖe dzi.,Mountain biker riding a bike on a dirt track
2956413620_d59de03a06.jpg,Ŋutsu aɖe si lé gakuku la le ʋua kum le ablɔ dzi,Car
2963672852_c28043bb2c.jpg,Ŋutsu aɖe tsɔ eƒe gasɔ le ʋɔtruti aɖe dzi,Bicycle
2971431335_e192613db4.jpg,Ame aɖe le snowoɖaka aɖe dzi le yame.,Snowboarder doing a flip
2974587819_742fb7c338.jpg,Ŋutsu aɖewo ƒoa haƒonuwo le xexe.,Street musicians
2975807155_5a8610c297.jpg,Ŋutsu aɖe si do Batman ƒe awu si le duɖim la le duɖim.,Batman
2987328689_96a2d814f1.jpg,Ŋutsuvi aɖe si le tɔsisi aɖe me nɔ kpe aɖe tum.,boy throwing rocks in a stream
2990471798_73c50c76fb.jpg,Ŋutsuvi aɖe si mekɔ o la do go tso xɔmetsovɔ aɖe me va do ɖe alidzi dzĩ aɖe dzi.,Boy jumping on a bed
2991575785_bd4868e215.jpg,Nyɔnuvi aɖe si le afɔƒom le nyɔnu aɖe gbɔ.,Kick
2994104606_bc2df6c1f4.jpg,Avuvivivivivivivivivivivivi le du dzi,Dog
3000428313_8a1e65e20e.jpg,Ŋutsuvi aɖe si do awu dzĩ aɖe la le ƒudzimɔ̃ dzi,Surfer
3001612175_53567ffb58.jpg,"Ŋutsu aɖe zɔnanana toa eƒe avu yibɔawo dzi yina ɖe xɔmenutowo dzi, afi si nyɔnu aɖe si do ablu yibɔ la nɔa anyi ɖo.",Bus stop
3004287781_c041c09c16.jpg,ame siwo tsɔ woƒe asiwo ɖea woƒe seselelãmewo fiana,Photo of two people dancing and singing in the street.
300577375_26cc2773a1.jpg,Asrafo aɖe le ʋu aɖe gbɔ le dugã ƒe ablɔ dzi.,Policeman with a gun
3006094603_c5b32d2758.jpg,Ame sia nye ŋutsu aɖe si lé kplu ɖe asi eye wòdo Obama ƒe awuʋlaya.,A man wearing a t-shirt with a picture of Barack Obama on it.
3009018821_ba47396e24.jpg,Nyɔnu aɖe le badminton wɔm le tsiƒomɔ me esime nyɔnu bubu aɖe le ekpɔm.,Swimming
3013469764_30e84e9a0d.jpg,Ame aɖe le ʋu aɖe zãm le anyigba dzi.,Quad
3016726158_4d15b83b06.jpg,Ame etɔ̃ siwo do awuwo la nɔa fotowo kpɔm.,Halloween party
3030566410_393c36a6c5.jpg,Nyɔnu aɖe si lé ɖevi aɖe ɖe asi la nɔ tsiɖim ɖe tsiɖim ɖe tsiƒoƒe aɖe me.,Water slide
3030824089_e5a840265e.jpg,Avuvi kple adrea ƒe avu aɖe si le gbea dzi le ablɔ dzi la le zɔzɔm le mɔa dzi.,Dog
3033668641_5905f73990.jpg,Ŋutsu aɖe si léa tavu ɣi la le tɔɖim ɖe agakpewo dzi.,Rock climbing
3046949818_245b05f507.jpg,Futbolvi aɖe ƒoa duƒola bubu ne eva lé bɔl la.,Rugby
3057618932_3b80ae85de.jpg,Sɔdola aɖe le agbagba dzem be yeazɔ eƒe gasɔ dzi ayi dziƒoxɔa dzi.,Mountain in background
3067500667_0fce8f28d4.jpg,Ame aɖe ƒua bɔl le krikɛtfe aɖe me.,Cricket player is bowled out
3075068274_2a28a5263b.jpg,Eɖanye skateboardtɔ aɖe si le mɔ̃ dzi o.,Skateboarder doing a 50-50 on a ramp
3077166963_fe172c709d.jpg,Nyɔnuvi aɖe tsi tre ɖe atiku sue eve dzi nɔ fotowo ɖem ɖe gbemelã aɖe ŋu le tɔsisi aɖe to.,Photographing bison
3082934678_58534e9d2c.jpg,Avuvivi aɖe le du dzi le afɔƒome aɖe dzi eye avuvi ɣi aɖe le gbe dom ɖe egbɔ.,Dogs
3084149186_4bc08b0752.jpg,Ame aɖe si le gbea ƒe awuʋlaya me la le ame si nɔa agakpe aɖe dzi nɔa tre ɖi.,Bouldering
309687244_4bdf3b591f.jpg,Ŋutsu aɖe si le agakpe ƒe gli dzi tom.,Rock climbing
3104400277_1524e4f758.jpg,Ʋuʋuwo le mɔ aɖe dzi.,motocross
3106026005_473a7b1c8c.jpg,Ŋutsu aɖe bɔbɔ nɔ anyi ɖe kplɔ̃ ŋu le San Diego mɔ aɖe dzi.,Homeless man
310715139_7f05468042.jpg,Avuvi aɖe le tsi aɖe ŋgɔ le anyigba dzi tom,Dog
3107592525_0bcd00777e.jpg,Ŋutsu kple nyɔnu la do awu si kpɔa wo ta la ɖe asi.,couple
3110018626_307a123b59.jpg,Avu eve le du dzi le du aɖe me.,2 dogs
3115354165_44dbeec6c1.jpg,Egbɔna nɔa klẽm le yame.,Skateboarder performing a trick
3117562746_62f57a02b5.jpg,Avu eve siwo léa ƒoƒo dzĩ ɖe woƒe nu me la le ʋuʋum.,Two dogs playing in the snow
3118505332_b0792489b5.jpg,ŋutsu kple nyɔnu aɖe si le foto aɖe xɔm,couple
3119887391_212f379797.jpg,Ŋutsu kple nyɔnu aɖe nɔ fewu ɖum.,Smile
3126981064_1e803c3d7f.jpg,Ƒudzimɔ̃la aɖe le tɔdziʋu gã aɖe dzi yim.,Surfer
3131990048_369b081021.jpg,Aʋakpo aɖe le tsi ɖum be yeaɖe lã sue aɖe.,Falcon
3143155555_32b6d24f34.jpg,Ðevi eve nɔ anyi nɔ fefem.,baby
3143765063_a7761b16d3.jpg,Ŋutsu aɖe si do elf-do aɖe si lé dzesiti ɣi la le tsitre ɖe mɔa dzi kple ŋutsu eve bubuwo.,Pedro
3143953179_1c08c023a5.jpg,Ame geɖe kpɔa amewo le snoɖom le snoɖom le ŋkeke aɖe dzi.,Ice skating
314904143_5a216a192b.jpg,Nyɔnu aɖe si le agakpewo dzi tom.,Climbing
3155361712_2cbf59c78e.jpg,Ŋutsu aɖe ƒua du le snoɖaka dzi.,Snowboarder
3157039116_d82da4e66b.jpg,Ŋutsuvi aɖe si do awuʋlaya kple dowo la lé snoƒovi aɖe ɖe asi eye wòdo go snoɖui aɖe.,Boy throwing rock at mountain
3165936115_cb4017d94e.jpg,Asia ŋutsu eve aɖewo le aɖaka siwo me amadede le la wɔm le asitsatsaƒe aɖe.,Chinese New Year
3171651115_e07b9d08f6.jpg,Ƒudzimɔlawo ƒoa asa na ƒutsotsoe gã aɖe eye wodzea wo ɖokuiwo dzi le anyidzedze ƒe ɣeyiɣi aɖe me.,Surfer in a wave
3176131893_7181c733aa.jpg,Amedzro ene nɔ anyi ɖe anyi.,mud
3180806542_49b6de312d.jpg,snoeƒola aɖe do tso snoa me.,Snowboarding
3186412658_2ab2ebd397.jpg,Nyɔnu aɖewo nɔa wo nɔewo ŋu nɔa ƒoƒom ɖe wo nɔewo ŋu.,Lineout
3187395715_f2940c2b72.jpg,ŋutsuvi aɖe si nɔ klẽƒudzimɔ dzi la le tɔtrɔm tso kplɔ̃ si le dzĩƒe la dzi le gli ɣi aɖe gbɔ.,Skateboarder doing a ollie over a bench
3195969533_98f5de0fab.jpg,Avu etɔ̃ le sno me.,Dogs playing in the snow
3200120942_59cfbb3437.jpg,"Ame ɖeka le tɔdziʋu si me woazãna le tsia dzi la dzi, eye ame bubu hã le snowo dzi tom.",Skiers on a chairlift
3202255152_08973fa3d7.jpg,Akpasiaƒola aɖe le yameʋuwo zãm le eƒe gasɔ me.,Bicycle freestyle
3203453897_6317aac6ff.jpg,Ŋutsu aɖe kple ɖevi aɖe le boblododowo kpɔm.,Bus stop
3204712107_5a06a81002.jpg,Nunɔla aɖe ƒe alɔ̃ɖenu si me srɔ̃ yeye aɖe le la le edzi.,Wedding
3205839744_24504ba179.jpg,Avuvivi aɖe si le anyi ɖe atiku si nu dzeani dzi.,Dog
3207654194_43d6bebd68.jpg,Avu si le sisim le ke me,Dog running down a sand dune
3208074567_ac44aeb3f3.jpg,Tsi ƒo ɖe ŋutsuvi aɖe si do awu dzĩ la ta.,Boy playing in water
3211437611_bd4af3730b.jpg,Ŋugbetɔsrɔ̃ ƒe azã aɖe si ƒo xlã ŋugbetɔ aɖe si bɔbɔ nɔ anyi ɖe kplɔ̃ ŋu.,Wedding
3215870337_c92a1a1b2f.jpg,"Ame gbogbo aɖewo le ŋkuɖodzikpe aɖe ŋgɔ le Washington, DC.",Crowd of people looking at the memorial wall
3216926094_bc975e84b9.jpg,Avu si le zɔzɔm kple fefenu dzĩ aɖe le eƒe nu me.,Dog
3217187564_0ffd89dec1.jpg,Avu aɖewo nɔ duɖim.,Greyhounds racing
3229519418_040f05ced1.jpg,Ame enyi nɔ tsitre ɖe teƒe ɖeka.,Human pyramid
3231596071_f0c522a639.jpg,"Ŋutsu aɖe si ƒe dzĩ le la dɔa alɔ̃ le kplɔ̃ ŋu, eye kɔmpiutawo le megbe nɛ.",yawning
3239866450_3f8cfb0c83.jpg,Ame aɖe le ati aɖe dzi le zã me.,Snowboarder doing a flip
3240048764_acce8af2a5.jpg,Ame eve nɔ anyi ɖe vɔvɔli me le tsia gbɔ.,Sunset
3241487502_f4f0cc4a8a.jpg,Avu ɣi eve le sisim le ave aɖe me.,Golden retriever
3241726740_6d256d61ec.jpg,Nyɔnu aɖe si do awu ɣi la le tsitre nɔ atamanono dam kple nyɔnuvi bubu aɖe si bɔbɔ nɔ atrakpuia dzi.,Conversation
3242919570_39a05aa2ee.jpg,Avu ɣi aɖe si ƒe towo le dzĩ la le sisim le snoa me,Dog
3243020805_2bafc36c45.jpg,Ðevi aɖe léa ati gã ɣi aɖe ɖe asi esime ame bubuwo le ekpɔm.,Boy with a sword
3252985078_c4ee2aca4e.jpg,Ame aɖewo le duɖim.,Start of a cross country race
3256603992_67312b5a36.jpg,Ŋutsu aɖe si do awu dzĩ la le zɔzɔm le aŋgba yeyewo dome.,Hiking in the jungle
3258396041_69717247f7.jpg,Ŋutsu aɖe si do jaket yibɔ la léa nuɖunukpe ɖe nyɔnuvi aɖe ƒe mo ŋu.,Journalist interviewing a man
3259002340_707ce96858.jpg,Avuvivivivivivivi aɖe si le asi yim la le du dzi.,Dog
3265578645_4044a7049a.jpg,Ame aɖe le ʋu si ɣi kple dzĩ la ŋgɔ.,Bus
3268908792_c24529fe88.jpg,Ʋukula aɖe le yame le amehawo ŋkume.,motocross
3273625566_2454f1556b.jpg,Avuvi la le duƒuƒuƒu me.,Greyhound
3274691778_94bb57bba3.jpg,Ha aɖe nɔ gbeadzi le xɔ me.,The stage
3277162496_dff7eeb59e.jpg,Avu etɔ̃ siwo le gbe dzi dzram.,Dogs playing
3279524184_d5e2ffbaed.jpg,Avu ɣi eve le zɔzɔm le gbea dzi eye ɖeka le fefenu dzĩ aɖe si me.,Two dogs running in a field
3284899112_f11ab3cfe6.jpg,Ŋutsu kple nyɔnu aɖe le xɔ ɣi aɖe ŋgɔ eye wole woƒe asiwo kpɔm.,A couple of elderly people in front of the Royal Mail Box Office in London.
3286045254_696c6b15bd.jpg,Basketbalaƒola aɖe si dzraa bɔl la ɖo be wòagaɖe mɔ na ame bubuwo o.,Basketball
3286406057_a1668655af.jpg,Nyɔnuvi eve siwo le nu kpɔm la dometɔ ɖeka le alɔgbɔnu kom.,two girls
3286543624_7a327f79ae.jpg,"Asia nyɔnuvi aɖe do mo ɖa le eɖokui si esi wòdo awu si gblɔ be "" Radio "" la",Girl in front of a brick wall
3286822339_5535af6b93.jpg,Ame siwo le mɔa dzi la le mɔa dzi tom le Chinatɔwo ƒe dzikedzowo ta.,Street in Japan
3290105461_7590f23371.jpg,Ŋutsu aɖe si le kriketi wɔm,Cricket
3290465391_258429e2f9.jpg,Ŋutsu aɖe si nɔ skateboard dzi le agba si me dzẽ le la tame le teƒe si do viviti me.,Skateboarder
3292016893_24d14c8b4f.jpg,Avu tsitsi aɖe kple avu sue aɖe si le fefem kple fefenu aɖe la le fefem.,Golden retriever
3296584432_bef3c965a3.jpg,Ŋutsu aɖe si le avu aɖe si le ƒuta la yome zɔzɔm le ƒuta.,Dog running on the beach
3301754574_465af5bf6d.jpg,Xevi yibɔ aɖe si le yame si ƒe aŋgbawo le eƒe nu me la le dzodzom.,Great blue heron in flight with nesting material
3309082580_7228067ee0.jpg,Sɔdola aɖe si do awu ɣi la zɔna to avea me.,Mountain biker in the woods
3323661814_1e8e1ae88c.jpg,Nyɔnuvi suewo le ɣeɖuɖu srɔ̃m.,Ballet
3324375078_9441f72898.jpg,Avu etɔ̃ le sno me.,Dogs playing in the snow
3326273086_e09e845185.jpg,Avuvivivi aɖe le sno me dzram.,Standard poodle
3335773346_ac0d97efeb.jpg,Ƒuƒula siwo do awu siwo me tsi le la le agbagba dzem be yewoalé tɔdziʋu aɖe.,A competitor exits the water during the 2009 event.
3349307529_c1a516b9dc.jpg,Aƒenɔvi aɖe si do dzĩ si le dzo dam la le tɔtrɔm le to si tsi sno le dzi gbɔna.,Skiing
3351667846_ac43118ae5.jpg,Ame aɖewo nɔ tsitre ɖe fesre aɖe nu be yewoaxɔ nuɖuɖua.,Food
3357194782_c261bb6cbf.jpg,Amewo zɔa bɔs alo ʋua me.,Bus
3362871440_6c0f27c480.jpg,Avuvi si nye adzodala la ɖea ati gã aɖe tso tsi me.,Dog fetching a stick
3386953179_84c2d7922f.jpg,"Ne snowboard-la aɖe do dzeside gakpɔ aɖe la, edona yina ɖadze to aɖe dzi.",Skiing
3387542157_81bfd00072.jpg,Nyɔnu si do awu dzĩ kple ɣi la le duƒum le tu ge.,Shot put
3400041870_4e7732b40f.jpg,Asia ŋutsuvi kple nyɔnuvi aɖe zɔzɔ le gbedzi.,Japanese couple
3405759441_fb31c80240.jpg,Avuvuwo nɔ ʋuʋum le rodeo me.,Rodeo
3415578043_03d33e6efd.jpg,Ðevi sue aɖe si nɔ lãgbalẽgbalẽa me.,Child playing with paint
3421131122_2e4bde661e.jpg,Kayak-dola la do eƒe asiwo ɖe dzi esime tsi ƒo ɖe edzi.,Kayaker in a surf
3424927725_c4d1fcfac3.jpg,Ame aɖe si do awu dzĩ nɔ anyi ɖe kpe aɖe ƒe dzogoe dzi nɔ ŋku lém ɖe anyigba ŋu,Man sitting on the edge of a cliff
3425127583_611200619a.jpg,Tenisila aɖe le du dzi yina ɖe ƒoƒua ta.,tennis player
3425887426_bf60b8afa3.jpg,Tenisƒoƒovi aɖe le ƒoƒom ɖe bɔl la ŋu.,tennis player
3429391520_930b153f94.jpg,Ame sia si do gakuku la le gasɔ dzi wɔm le xexe.,Bicycle
3437107047_715c60e9c8.jpg,Nyɔnu ɖetugbui siwo le alɔgbɔnu dzĩ me la dometɔ eve le nu ƒom.,two young women
3441511444_b031585b45.jpg,Ŋutsu eve siwo le agbalẽ aɖe si me wole asi dem ɖo la,Two men in front of a ship
3442540072_b22ca2410f.jpg,Ðevi aɖe dze anyigba le teƒe si gbea le.,child in a tunnel
3447007090_08d997833a.jpg,Ƒewuivi aɖewo le mɔa dzi lalam.,Water fight
3452411712_5b42d2a1b5.jpg,Ŋutsuvi aɖe ƒoa nyɔnuvi ɖe ati ŋu.,swing
3453284877_8866189055.jpg,"Ne ame aɖe le snoeɖam la, eɖoa eƒe kplɔ̃a ŋu le mɔ̃ si wotsɔ gakpo kple ati aɖe wɔ la dzi.",Skiing
3453313865_1ebff5393c.jpg,Ŋutsu aɖe si mele awuʋlaya me o la le ʋuʋum le ablɔ dzi,Longboarder
3458379941_657182bb09.jpg,Ðevia kpɔ nane si na eƒe dzi dzɔa dzi nɛ esime Papa nɔ ekɔm ɖe dua me.,father and child
3459156091_c1879ebe28.jpg,"Albert Einstein ƒe nɔnɔmetata le ɣivɔku ƒe legba aɖe dzi, eye ɖevi sue aɖe le tsitre ɖe eƒe mo te.",The statue of the bear with the face of the poet in the belly
3461049169_e068ae4f25.jpg,"Nyɔnuvi aɖe le fefem le vudo aɖe ƒe gota, eye nyɔnuvi tsitsi aɖe le ekpɔm.",Mother and daughter playing in a fountain
3470303255_fbb41b8dd0.jpg,nyɔnuvi sue aɖe si le seƒoƒo ʋẽm,girl smelling flowers
347186933_880caaf53b.jpg,Nyɔnu aɖe si nɔ ati aɖe ŋu la nɔ eƒe afɔwo ŋu ɖe avɔ me.,Tree climbing
3473264983_67917a931f.jpg,Ame aɖewo wɔa paintball.,Paintball
3474999131_788cbf253f.jpg,Avuvi si le ʋɔtrua dzi tom.,Dog agility
3481884992_45770ec698.jpg,Ame aɖe si do awu yibɔ la le ƒutsotsoe dzi.,Surfer
3494105596_f05cb0d56f.jpg,Ŋutsu aɖe si do kaba dzĩ kple awu ɣi la le bɔl aɖe ƒom.,Soccer player
349889354_4b2889a9bd.jpg,Ƒudzimɔ̃la aɖe si le adzɔge le ƒuta la le ƒutsotsoe ƒe gɔmeɖokpe dzi.,Surfer in the waves
3500115252_9404c066a8.jpg,Avu la le fefe wɔm kple fefeevi aɖe le aƒemelã aɖe gbɔ.,Dog
3511890331_6163612bb9.jpg,Aƒenɔvi si do awu dzĩ la ƒua sɔ si nye chestnut la ɖe anyigba dzi le ati ƒe ali me.,Horse and rider galloping
3522076584_7c603d2ac5.jpg,Ame aɖe si le yameʋuwo me le gasɔ dzi.,Bicycle
3524914023_4e96edb09f.jpg,Baseballvi aɖe lé eƒe ati la ɖe asi heɖoa eɖokui anyi hena fefe la.,Baseball player
3527184455_1a9c074ff2.jpg,Ŋutsu kple nyɔnu aɖe si lé ŋutsuvi eve ɖe asi la nɔ anyi ɖe gbadza aɖe dzi nɔ foto ɖem.,Family
3527682660_c5e9fa644a.jpg,Ame ene ƒo ƒu ɖe kplɔ̃ ŋu,Business meeting
3530687486_6e6be53602.jpg,Nyɔnu aɖe si le gbe me la ƒoa asaŋku ɖe dzogbenyigba dzi.,woman blowing on a dandelion
3532587748_7e64bb223a.jpg,Ðevia le asiwo tum ɖe mɔa dzi.,B-boy
3550255426_4ab03c0d6e.jpg,Nyɔnuvi aɖe si do awu dzĩ la nɔ ʋɔtrua dzi tom.,High jump
3550763985_800cfee7e4.jpg,Skateboardtɔ aɖe si do tavuvivivi si le ollie wɔm le skate park aɖe me.,Skateboarder doing a flip over a rail
3553225222_f5ebe44af1.jpg,Ðevi aɖe si do sukudede ƒe awu la le sukudede ƒe nutrenu aɖe tum ɖe yame.,Graduation
3565655045_8eb00b7423.jpg,Ŋutsu aɖe do tso atsiaƒu me va do ɖe agakpe aɖe dzi,Man in wetsuit entering cave
3568065409_1c381aa854.jpg,Ŋutsuvi aɖe si lé ati si nɔ tsatsam le ablɔ dzi la nɔ asi trɔm.,Boy running
3569284680_44fef444ef.jpg,Ðevi eve aɖewo yi atrakpuia dzi,boy and girl
3576536763_3c8c4f232e.jpg,Nyɔnuvi aɖe si do awu ɣi la tso atsiaƒu dzi yina ƒutadu dzi.,girl running on the beach
3579842996_3a62ec1bc7.jpg,Nyɔnu aɖe si do awu dzĩ la le du dzi le mɔ aɖe dzi.,Running
3582048078_7bac2d8473.jpg,Ŋutsu aɖe kple ŋutsuvi aɖe le tsiƒoƒom.,Swimming
3582920844_2742804f3d.jpg,Ŋutsu aɖe si ƒe ɖa didi la le tsi me nɔ ta ƒom eye tsi la nɔ tsatsam ɖe ta me.,Water
3588417747_b152a51c52.jpg,"Ne ame aɖe le ʋuʋum la, eʋua to ɖe atrakpui aɖe dzi le viviti me.",Skateboarder
3595412126_4020d4643b.jpg,Nyɔnuvi eve siwo do dzeside takpekpawo la le tsitre ɖe ati aɖe gbɔ eye wodo tsi ɖe eme.,two girls
3595643050_d312e4b652.jpg,Avu ɣi aɖe le tsitre ɖe eƒe afɔwo dzi eye ƒo aɖe le eƒe nu me.,Dog
3598447435_f66cd10bd6.jpg,Ŋutsu aɖe si le kayak si me aŋgbawo le la le tsi dzi yim.,Kayaker in a green kayak
3600403707_527aa0596e.jpg,Ŋutsu aɖe si le agbledzraƒe aɖe ƒe teƒe si wodoa dzoe la to ɖe kamera la dzi.,A woman and a man selling plants at a farmers market
3612249030_e2829ffa31.jpg,Ŋutsuvi aɖe tsɔ ameɖivɔsi si nye tsiɖitsiɖi la ɖe asi le ke me.,boy with a skateboard
3612538549_2828b45867.jpg,ɖevi aɖe si wotsɔ ke aɖe ƒu gbe ɖe eƒe akɔta.,boy screaming
3613242966_a1c63a0174.jpg,Avu aɖe le tsi me dzram.,Dog
3618525295_d32d634b2e.jpg,Ame aɖewo zɔna yia ɖawɔa nu le kɔƒea godo.,Dog in a cafe
3622216490_1314a58b66.jpg,Ðekakpui aɖe si ƒe ɖa didi la ƒoa eƒe skateboard la ɖe yame.,Skateboarder performing a trick
3623302162_099f983d58.jpg,Avu ɣi si ƒe kɔ le nu ƒom le gbe me,Dog
3624076529_9793655a21.jpg,Avu aɖe si le tsi ɖum kple ati le eƒe nu me.,Dog swimming
3625957413_e475943aa3.jpg,Avu eve siwo le du dzi la le du dzi.,Two dogs running in a field
3632197966_0c5061025f.jpg,Ʋuʋuwo ƒe ʋuawo zɔna ɖe teƒe vovovowo.,motocross
363617160_6cb0c723be.jpg,Nyɔnuvi sue aɖe doa anyigba ɖe ɣi le gota.,A girl painting a mural
3637013_c675de7705.jpg,Ame eve le tsitre ɖe tsia ŋu.,A couple in love
3638908276_b1751d30ff.jpg,Ðetugbui aɖe si do aklala si ƒe dzĩ le eƒe ta la do ɖe eƒe skateboard dzi.,Skateboarder
3639105305_bd9cb2d1db.jpg,Nyɔnu kple nyɔnuvi aɖe nɔ anyi ɖe ali me le tsiɖɔɖɔ aɖe ŋgɔ,waterfall
3640109324_3ce89e4d1a.jpg,Ame aɖewo tsɔ klosalogba aɖe ɖe asi.,Procession of the Holy Cross
3640443200_b8066f37f6.jpg,Ŋugbetɔsrɔ̃ la nɔa srɔ̃nyɔnuvi siwo le srɔ̃a ɖum la dome.,Wedding
3644941648_012ec87848.jpg,Ame aɖe le tsiɖim ɖe eme le xɔ kɔkɔ aɖe me.,Person performing a backflip
3648160673_0c783236a6.jpg,Kpevi aɖe si nye sika la ƒua du tso ƒudzimɔ̃ si le tsia dzi la dzi.,Dog surfing
3650111717_346804ec2f.jpg,Avuvi sue aɖe si tsi la ƒua du yia ati aɖe nu.,Dog
3651476768_2bae721a6b.jpg,Ame eve kpɔ teƒe si wokpɔa nu tso xɔ aɖe megbe.,two women looking out over a canyon
3653462288_bfe2360a64.jpg,Ŋutsuvi aɖe nɔ klẽƒudzimɔ̃ dzi le klẽƒudzimɔ̃ƒe.,Rollerblading
3656104088_a0d1642fa9.jpg,Xevi gãwo le tsiƒu aɖe ƒe gota esime ɖeka le tsia ƒe titina gbɔna ɖiɖim.,Brown pelicans
3665996775_6d7d9a46f1.jpg,Ðetugbui aɖe si do tutu dzĩ aɖe.,girl in pink tutu
3666574371_317b008d2a.jpg,Ŋutsu aɖe si le anyi ɖe gbea dzi le rugby bɔl aɖe si léa bɔl aɖe ɖe asi.,Rugby player scoring a try
3676460610_8c52e8a355.jpg,Nyɔnu aɖe le mɔ aɖe dzi zɔm le anyigba aɖe dzi.,Mountain biker on a trail in the prairies
3677927146_1696f0b075.jpg,Avu etɔ̃ siwo le ƒuƒum le gbe me.,Dogs
3681651647_08eba60f89.jpg,Ame aɖe do vest yibɔ aɖe kple ta si me seƒoƒo geɖe le.,Man in a top hat and flowers
3683592946_262e9bfbfd.jpg,Avu tsitsi aɖe le tsitre ɖe agakpe aɖe dzi eye vi adre le eŋu.,Common Merganser
3687995245_624b54090d.jpg,Nyɔnu si do awu dzĩ kple ɣeɖotowo la nɔ ɣe ɖum.,Girl in sunglasses and a tank top
3690189273_927d42ff43.jpg,Nyɔnu aɖe si do awuvivivi kple do ɣiwo la le du dzi.,Female triathlete
3690425778_3b390b3ea5.jpg,Ame aɖe si le tɔdziʋu aɖe me tom le tsia me.,Man jumping from a diving board into a lake
3697379772_40d831392b.jpg,ŋutsu aɖe si le kpẽa ƒom eye wòle ha dzim hã,Singer
369802520_9825f2cd84.jpg,avuvi sue aɖe si le zɔzɔm le sno me,Dog
3701226275_952547ba0f.jpg,Ŋutsuvi aɖe si léa kpeƒonu aɖe ɖe asi ɖe sia ɖe la le nɔnɔme me.,A boy holding a hammer
3701544312_b2e4e9813d.jpg,Ame etɔ̃ aɖewo le ka ƒom le togbɛ aɖe dzi.,Hiking
3703107969_175da4b276.jpg,ŋutsu aɖe si le bmx gasɔ dzi wɔm,Bicycle
3704995657_e2e114083d.jpg,Ame aɖe si le snoomobile me.,Snowmobile
3708266246_97a033fcc7.jpg,Avuvi si le ʋɔtrua dzi tom.,Dog jumping over a hurdle
3708743823_3e3e0554d1.jpg,"Ne ame aɖe le snoeboard me la, edzea mɔ̃ aɖe dzi yina toa dzi.",Snowboarder
3710353645_8fbfaa4175.jpg,Nyɔnuvi aɖe si do awu dzĩ la ƒua du ɖe fefewɔƒe ƒe dɔwɔnuwo dzi.,Girl jumping
3710468717_c051d96a5f.jpg,Ðevi eve kple avu aɖe le snoa me dzram.,Snow
3713177334_32f3245fd8.jpg,Ame geɖe nɔ gli aɖe si me amadede le la ɖum,Mural
374104006_7f32c8c5de.jpg,Ŋutsu aɖe si do awu si me nɔnɔmewo le la léa aha ƒe kplu ɖe asi.,man
3741462565_cc35966b7a.jpg,Nyɔnuvi sue aɖe si do awu dzĩ aɖe la nɔ tsodzoewo nu nom.,girl with milkshake
377872472_35805fc143.jpg,Avu etɔ̃ le sno me dzram.,Snow
379006645_b9a2886b51.jpg,Avuvi kple adreawo le du si tsi sno la dzi tom.,Dog
384465575_31294122c0.jpg,Sɔdola eve yina togbɛ aɖe dzi.,Mountain biking
387078972_514a38dc33.jpg,Avu ɣi aɖe le zɔzɔm le xɔ aɖe me le sno me.,Dog
393810324_1c33760a95.jpg,Avuvi gã aɖe kple avuvi dzĩ aɖe le fefe wɔm le aƒea me.,Dog
409327234_7b29eecb4e.jpg,Nyɔnu aɖe si bɔbɔ nɔ xɔ aɖe ƒe xɔxɔnu aɖe ƒe glia ŋu.,woman sitting in a cafe
414568315_5adcfc23c0.jpg,Nyɔnuvi aɖe si do ta si ƒe ta le pink la ƒua nu ɖe nuɖuvɔ aɖe ŋu eye wòtsɔa atiwo dea dzodo me.,Girl playing with chopsticks
419116771_642800891d.jpg,Avuwo ƒe ha aɖe nɔ ʋua gbɔ tom le ali me.,Dogs
431018958_84b2beebff.jpg,Nyɔnuvi aɖe le tɔdziʋu aɖe dom.,Girl in a boat
441212506_fcc321ac28.jpg,"Avu etɔ̃ le gbea dzi, ɖeka tsɔ tenisbɔl le eƒe nu me.",Dogs playing
444803340_fdcaab86f9.jpg,Ŋutsu kple nyɔnu aɖe le tsitre ɖe ati la te nɔ dze ɖom.,couple
452419961_6d42ab7000.jpg,Ðevi etɔ̃awo le gakɔ me.,children in a cage
458213442_12c59e61a0.jpg,Avuvivivivi aɖe le ʋɔtrua nu tsom.,Dog
468930779_8008d90e10.jpg,Avu aɖe si le tsi ɖum kple ati le eƒe nu me.,Dog
477204750_d04d111cd4.jpg,Avu aɖe le bɔl aɖe zãm tsɔ le nu ƒom.,Dog
485741580_ab523fa657.jpg,Avuvi si le alɔ̃ dɔm le ʋu me.,Dog
488352274_9a22064cb3.jpg,Avuvi eve le sisim le ke dzi.,Two dogs playing on the beach
490044494_d2d546be8d.jpg,Avu etɔ̃ le sisim le gbea dzi.,Dogs running
493109089_468e105233.jpg,Vinyinyivi aɖe si do dzeside gakpɔ la le dzogbe ƒe kamedefefeƒe.,boy on playground
496129405_b9feeda1ab.jpg,Avu etɔ̃ siwo le gbe dzi dzram.,Two dogs playing
500678178_26ce0f4417.jpg,Ðevi aɖe le fefe wɔm eye wòle tsi ɖem ɖe gbe me.,girl in hay
501684722_0f20c4e704.jpg,"nyɔnuvi etɔ̃ siwo do awu nyuie la dometɔ ɖeka le nu ƒom na evelia, eye etɔ̃lia le megbe bɔbɔm.",mother and daughters
502671104_b2114246c7.jpg,Nyɔnuvi aɖe si do awu dzĩ la le tsiʋua me.,Swimming
504385521_6e668691a3.jpg,Avuvivi aɖe le tsi ƒom tso eƒe lãgbalẽa me.,Dog shaking water off
505929313_7668f021ab.jpg,Avuvi si tsi le tsi ʋeʋẽ me kple nuƒoƒo dzĩ aɖe le eƒe nu me.,Dog
508432819_3d055f395d.jpg,Ʋu aɖe si le mɔa dzi la va to aɖe dzi.,Off-road vehicle
512026551_ba63ddbd31.jpg,Avuvi si le ƒoƒom tso tsi me la.,Dog fetching a ball in the water
514222285_aa0c8d05b7.jpg,Ðevi sue aɖe si do snovu kple ski.,Skiing
515755283_8f890b3207.jpg,Kpovitɔwo etɔ̃ tsɔ ʋu aɖe nɔ tsitre ɖi.,Police officers on a motorcycle
534875358_6ea30d3091.jpg,Nyɔnu aɖe si do blue jeans kple gbea ƒe awu ʋlaya aɖe si ƒe nɔnɔmewo le nyuie la zɔna le esi wòléa plastikpotsɔ aɖe ɖe asi ta.,woman walking down the street
535309053_ec737abde8.jpg,Ame aɖewo nɔ agbadɔ me le ati aɖewo gbɔ.,Camping
542405691_0594b1ce72.jpg,Ŋutsuvi aɖe ƒua bɔl si le dzĩ la ɖe asi le xɔ aɖe me.,child playing with ball
543603259_ef26d9c72d.jpg,Nyɔnu aɖe si lé agba ɖe asi la le tsitre ɖe ablɔ dzi le ŋutsu aɖe si nɔ gli dzi la gbɔ.,Two young women stand in front of a building in a city street.
571507143_be346225b7.jpg,Ðeviwo ƒe ƒuƒoƒo aɖe le tsi si wodo tso vudo aɖe me la me tom.,Children playing in a fountain
611910909_4f8e43e070.jpg,ɖetugbui aɖe si nɔ ati aɖe tame nɔ aŋgba aɖewo kpɔm le anyigba.,girl in a tree
639865690_d66d480879.jpg,Ŋutsuvi eve aɖewo zãa atiwo tsɔ ƒoa asawo ɖe gbea me.,Two people practicing with bokken
661546153_9d30db6984.jpg,Ðevi aɖe nɔ anyi ɖe asiƒome si me fefenuwo le la dzi.,Baby in a jumper
697778778_b52090709d.jpg,Ame etɔ̃ aɖewo le tɔsisi sue aɖe gbɔ le agakpewo dzi tom.,Two men climbing a waterfall
700884207_d3ec546494.jpg,Nyɔnu aɖe lé ɖevi aɖe si lé ɣeɖotowo ɖe asi la ɖe asi.,baby
756909515_a416161656.jpg,Avu etɔ̃ le tsi me dzram.,Dogs playing in the water
765091078_a8a11c6f9e.jpg,Nyɔnuvi aɖe si le mɔ zɔm le kpewo dzi.,Girl playing on rocks
778885185_3f6905370b.jpg,Avuvi si le bɔl yome tim.,Dog running after a ball
783994497_4f6885454d.jpg,Ame aɖewo le tsiɖim ɖeɖim ɖe dzovoƒe aɖe.,two young men in a convenience store
862156271_3eacea90a8.jpg,Nyɔnuvi eve siwo le zɔzɔm le wo nɔewo gbɔ nɔ dze ɖom.,Two girls walking
917574521_74fab68514.jpg,Nyɔnuvi eve do awu ɖeka eye wo dometɔ ɖeka le fefe wɔm kple fefewɔɖui aɖe.,twins
923550133_ac9d7a2932.jpg,nyɔnuvi eve bɔbɔ nɔ tɔsisi aɖe to ati aɖe te,Two girls sitting on the bank of a lake
934375844_dd149fed18.jpg,Ðevi sue aɖe bɔbɔ nɔ aba dzi nɔ alɔgbɔnu kom.,Baby
946051430_8db7e4ce09.jpg,Wode nyɔnuvi atɔ̃ siwo do tsiʋlayawo la kpɔ le megbe wonɔ tsiʋum ɖe tsia me.,Girls jumping off a boat into the water
95728660_d47de66544.jpg,Ŋutsu aɖe si le afɔƒomɔ dzi le towo dzi,Mountain biking
963730324_0638534227.jpg,Ðekakpui aɖe dze agbagba be yeatsɔ Walmart ƒe asitsatsaɖam la aƒu ŋutsu aɖe.,Shopping
979201222_75b6456d34.jpg,Ƒewuivi eve siwo le zɔzɔm le asitsatsaƒe aɖe ƒe ʋɔtrua dzi la va nɔ zɔzɔm.,Street scene
103205630_682ca7285b.jpg,Yimɓe ɗiɗo ɗon njaha nder suudu ndun haa ndiyam ndiyam haa ndiyam ndiyam.,Ice fishing
106514190_bae200f463.jpg,Gooto ɗon ɗon ɗon ɗon ndaara dow hooseere ɓuuɓunde bee leɗɗe.,Ski touring
1067675215_7336a694d6.jpg,Goɗɗo nder ɓalli ɓalli ɓalli ɓalli ɓalli ɓalli ɓalli ɓalli ɓalli ɓalli ɓalli ɓalli ɓalli ɓalli ɓalli ɓalli ɓalli ɓ,man sleeping in parking lot
1096395242_fc69f0ae5a.jpg,Ɓiɗɗo mo woodi binndol fijirde.,boy
109823394_83fcb735e1.jpg,Yimɓe tati nder ATV nder yaasi.,Quad
1115565519_d976d4b1f1.jpg,Sukaajo ɗon lowe bee ndiyam.,Girl playing with a frog
1115679311_245eff2f4b.jpg,Dogge ɓaleejo ɗon ɗon ɗon ɗon ɗon ɗon ɗon ɗon ɗon ɗon ɗon ɗon ɗon ɗon ɗon ɗon ɗon ɗon ɗon ɗon ɗon ɗon ɗon ɗon ɗon ɗon ɗon ɗon ɗon ɗon ɗon ɗon ɗon,Dog on the beach
1143373711_2e90b7b799.jpg,Mo ɗon ɗon ɗon ɗon ɗon ɗon ɗon ɗon ɗon ɗon ɗon ɗon ɗon ɗon ɗon ɗon ɗon ɗon ɗon ɗon ɗon ɗon ɗon ɗon ɗon ɗon ɗon ɗon ɗon ɗon ɗon ɗon ɗon ɗon ɗon ɗon ɗon,Bicycle
1144288288_e5c9558b6a.jpg,Goɗɗo nder ɓorɗe ɓooyɗe ɗon ɗon ɗon yaha nder laawol bee ɓorɗe.,Jogging
1153704539_542f7aa3a5.jpg,Debbo ɗon ɗon ɗon fawa trumpete nder bandol marsi.,Girl playing the trumpet
1160441615_fe6b3c5277.jpg,Sukaaɓe tati ɗon njotti laawol goɗɗum nder lamndo.,The entrance to the garden
1184967930_9e29ce380d.jpg,Dogol ɗon ɗon ɗon ɗon ɗon ɗon ɗon ɗon ɗon ɗon ɗon ɗon ɗon ɗon ɗon ɗon ɗon ɗon ɗon ɗon ɗon ɗon ɗon ɗon ɗon ɗon ɗon ɗon ɗon ɗon ɗon ɗon ɗon ɗon ɗon ɗon,Dog in the heather
1187435567_18173c148b.jpg,"Dogol feewde, mo feewde e juutuki dow koofol.",Dog
1187593464_ce862352c6.jpg,Dogol ɗon ɗon ɗon ɗon ɗon ɗon ɗon ɗon ɗon ɗon ɗon ɗon ɗon ɗon ɗon ɗon ɗon ɗon ɗon ɗon ɗon ɗon ɗon ɗon ɗon ɗon ɗon ɗon ɗon ɗon ɗon ɗon ɗon ɗon ɗon ɗon,Dog
1191338263_a4fa073154.jpg,Debbo mawɗo ɗon jooɗi nder gariiri gardagol yeeso suɓaaji ɗi ɗon yiila bee yiite.,Woman waiting for the train
1252787177_4b08625897.jpg,Ɗuum ɓalndu ɓalnduji tati nder langi feere feere ɗon ɓadake nder ɓalndu ɓalnduji bee yimɓe e masinji nder ɓaawo,Briefs
1262583859_653f1469a9.jpg,Goɗɗo mo ɗon ɗon ɗon ɗon ɗon ɗon ɗon ɗon ɗon ɗon ɗon ɗon ɗon ɗon ɗon ɗon ɗon ɗon ɗon ɗon ɗon ɗon ɗon ɗon ɗon ɗon ɗon ɗon ɗon ɗon ɗon ɗon ɗon ɗon ɗon,cyclist
1288909046_d2b2b62607.jpg,"Dogge marɗo, mo ɓeydi ɓeydi ɓeydi ɓeydi ɓeydi ɓeydi ɓeydi ɓeydi ɓeydi ɓeydi ɓey",Dog jumping into a pool
1299459562_ed0e064aee.jpg,Sukaaɓe tati ɗon njogii nder ndiyam.,Boys playing in water
1303548017_47de590273.jpg,Debbo debbo nder ɓorngo tanki e ɓorɗe fuɗɗi ɗon dari caka laawol njamndi.,girl on train tracks
1329832826_432538d331.jpg,Yimɓe ɗon ɗon ɗon ɗon ɗon ɗon ɗon ɗon ɗon ɗon ɗon ɗon ɗon ɗon ɗon ɗon ɗon ɗon ɗon ɗon ɗon ɗon ɗon ɗon ɗon ɗon ɗon ɗon ɗon ɗon ɗon ɗon ɗon ɗon ɗon ɗon,Broadway and 16th Street
1332208215_fa824f6659.jpg,Yimɓe ɗiɗo e debbo go'o ɗon jooɗii nder gariiri subway.,Train
1339596997_8ac29c1841.jpg,Yimɓe tati e ɓaleeji mawɗi e ɓaleeji mawɗi.,Three women in traditional clothing
1346051107_9cdc14e070.jpg,O ɗon dari bee ɓandu njamndi e ɗon ɗon ɗon mooɓta saxofon.,Street musician playing the saxophone
1358892595_7a37c45788.jpg,Dogol ɗon ɗon ɗon ɗon ɗon ɗon ɗon ɗon ɗon ɗon ɗon ɗon ɗon ɗon ɗon ɗon ɗon ɗon ɗon ɗon ɗon ɗon ɗon ɗon ɗon ɗon ɗon ɗon ɗon ɗon ɗon ɗon ɗon ɗon ɗon ɗon,Dog
136644343_0e2b423829.jpg,Ɓiɗɗo mo ɗon ɓooyta dow ɓooytaare.,boy on tire swing
1396703063_e8c3687afe.jpg,"Goɗɗo e koofuru, ɓorɗe daneeje e ɓorɗe jabuɗe e ƴeewtere.",cowboy
1397295388_8a5b6b525d.jpg,Yimɓe ɗon ɗon ɗon ɗon ɗon ɗon ɗon ɗon ɗon ɗon ɗon ɗon ɗon ɗon ɗon ɗon ɗon ɗon ɗon ɗon ɗon ɗon ɗon ɗon ɗon ɗon ɗon ɗon ɗon ɗon ɗon ɗon ɗon ɗon ɗon ɗon,Airport
140526327_3cb984de09.jpg,"Goɗɗo mo ɗon ƴeewa dow kaaƴe, bee gariiri e bayɗe dow dow.",Rock climbing
1414820925_3504c394e1.jpg,Goɗɗo nder ɓalli ɓalli ɓalli ɓalli ɓalli ɓalli ɓalli ɓalli ɓalli ɓalli ɓalli ɓalli ɓalli ɓalli ɓalli ɓalli ɓalli ɓ,Beach volleyball player
1417941060_2a0f7908bc.jpg,Ɓiɗɗo ɗon jooɗi dow leeso ɗon ɓadake ngam tokke yeeso ɓiy mawɗo.,A boy and a girl
1445123245_c7b9db0e0c.jpg,Dogge ɓaleejo e moore ɗon pellel bee kuugal ɓaleejo.,Dog and caterpillar
1453366750_6e8cf601bf.jpg,Sukaaɓe ɗiɗo ɗon ɗaɓɓita dow kawtal maɓɓe.,two girls
1459032057_97e73ed6ab.jpg,Suka debbo nder ɓorɗe ɓooyɗe ɗon nyaama nyaamdu.,girl eating a bun
1461667284_041c8a2475.jpg,Gooto ɗon jooɗi haa o ɗon jooɗi haa o ɗon jooɗi haa o ɗon jooɗi haa o ɗon jooɗi haa o ɗon jooɗi haa o ɗon jooɗi haa maɓɓ,Street musicians
1469000260_5d473c8283.jpg,Dogge mawnde mo ɓanngina ɗon jooɗi dow leɗɗe.,Dog
1470132731_fa416b7504.jpg,Dogge ɓaleejo ɗon ɗon ɗon ɗon ɗon ɗon ɗon ɗon ɗon ɗon ɗon ɗon ɗon ɗon ɗon ɗon ɗon ɗon ɗon ɗon ɗon ɗon ɗon ɗon ɗon ɗon ɗon ɗon ɗon ɗon ɗon ɗon ɗon,Dog
1475046848_831245fc64.jpg,Debbo nder ɓalli ɓalli ɓalli ɓalli ɓalli ɓalli ɓalli ɓalli ɓalli ɓalli ɓalli ɓalli ɓalli ɓalli ɓalli ɓalli ɓalli ɓ,woman walking on the beach
1476241331_2f43b67aed.jpg,Ɓiɓɓe ɗiɗo to ndiyam.,two boys at a water fountain
1479028910_3dab3448c8.jpg,Moɗo dow dow dow dow dow dow dow dow dow dow dow dow dow dow dow dow dow dow dow dow dow dow dow dow dow dow dow dow dow dow dow dow dow dow dow dow,Ollie
1490670858_e122df2560.jpg,Ɓiɗɗo sukaajo ɗon ƴeewa dow dow dow dow dow.,boy on slide
1499554025_a8ffe0e479.jpg,Yimɓe nder ɓalli laamiiji laamiiji laamiiji laamiiji laamiiji laamiiji laamiiji laamiiji laamiiji laamiiji laamiiji,Goats in a pen
1525153022_06c48dbe52.jpg,Dogge ɓaleejo ɗon ɗon ɗon ɗon ɗon ɗon ɗon ɗon ɗon ɗon ɗon ɗon ɗon ɗon ɗon ɗon ɗon ɗon ɗon ɗon ɗon ɗon ɗon ɗon ɗon ɗon ɗon ɗon ɗon ɗon ɗon ɗon ɗon,Dog
1526325728_74eb4153d8.jpg,Dogge ɓaleere ɗon yaha nder laana nder laana nder maayo.,Dog
1529044279_4922ead27c.jpg,Gorko jogiiɗo juuɗe suka debbo ɓoggi e holli mo ko woodi.,Family playing in the Grand Place
1597557856_30640e0b43.jpg,Dogge marɗo ɗon ɗon ɗon ɓadita debbo nder ɓorɗe e dogge marɗo e marɗo ɗon ɗon ɗon yaha.,A woman and her dog
1650280501_29810b46e5.jpg,Yimɓe ɗon njooɗi nder nder dammugal.,audience
1655781989_b15ab4cbff.jpg,"Yimɓe goɗɗi ɗon njotti nder nduu nder nduu, haa ɓe njotti dow hooseere.",Mountaineers on the glacier
1670592963_39731a3dac.jpg,Dogol ɗon ɗon ɗon ɗon ɗon ɗon ɗon ɗon ɗon ɗon ɗon ɗon ɗon ɗon ɗon ɗon ɗon ɗon ɗon ɗon ɗon ɗon ɗon ɗon ɗon ɗon ɗon ɗon ɗon ɗon ɗon ɗon ɗon ɗon ɗon ɗon,Dog
1680126311_b92a2e8e72.jpg,Ɓiɗɗo mo ɗon mballa ballon bee ɓernde maako.,Soccer
1689658980_0074d81d28.jpg,Kudi ɗiɗi ɗon ɗon ɗon ɗon ɗon ɗon ɗon ɗon ɗon ɗon ɗon ɗon ɗon ɗon ɗon ɗon ɗon ɗon ɗon ɗon ɗon ɗon ɗon ɗon ɗon ɗon ɗon ɗon ɗon ɗon ɗon ɗon ɗon ɗon ɗon,Dogs playing in the sea
1716445442_9cf3528342.jpg,Goɗɗo mo ɗon ɗaɓɓita hayre mawnde.,person collecting rocks
1775029934_e1e96038a8.jpg,Hayka feere feere feere nder Amerika ɗon maɓɓito nder gese.,Wildebeest
1795151944_d69b82f942.jpg,Debbo ɗon ɗon ɗon ɗon ɗon ɗon ɗon ɗon ɗon ɗon ɗon ɗon ɗon ɗon ɗon ɗon ɗon ɗon ɗon ɗon ɗon ɗon ɗon ɗon ɗon ɗon ɗon ɗon ɗon ɗon ɗon ɗon ɗon ɗon ɗon ɗon,Dog sledding
1808504612_3508f3c9bb.jpg,Sukaaɓe ɗiɗo nder leggal leɗɗe.,Tree
181777261_84c48b31cb.jpg,Yimɓe ɗon ɗon ɗon ɗon ndaara dow maayo haa ɓe ɗon ndaara dow maago.,Beach
1819261140_6c022f4b1d.jpg,Gorko huutorooɗo ɓorɗe ɓaleeje ndun jooɗiiɗo to dow nyaamdu nder suudu nyaamdu,The Grim Reaper
1884727806_d84f209868.jpg,gorko e debbo huutoraaki Mickey Mouse e nder yimɓe.,couple
1923476156_e20976b32d.jpg,Yimɓe dow motooji ɗon mari doggo biila dow leel.,Dog
1982852140_56425fa7a2.jpg,Yimɓe ɗiɗo ɗon ɗon ɗon ɗon ɗon ɗon ɗon ɗon ɗon ɗon ɗon ɗon ɗon ɗon ɗon ɗon ɗon ɗon ɗon ɗon ɗon ɗon ɗon ɗon ɗon ɗon ɗon ɗon ɗon ɗon ɗon ɗon ɗon ɗon,Beach
2040941056_7f5fd50794.jpg,Kuje ɗiɗi ɗe ɓooyɗe ɗon njogii bee maɓɓe haa caka leggal.,Golden retriever
2045562030_654ddea5e5.jpg,Goomu sukaaɓe ɗon ɗon ɗon ɗon ɗon ɗon ɗon ɗon ɗon ɗon ɗon ɗon ɗon ɗon ɗon ɗon ɗon ɗon ɗon ɗon ɗon ɗon ɗon ɗon ɗon ɗon ɗon ɗon ɗon ɗon ɗon ɗon ɗon,Scene
2049051050_20359a434a.jpg,Debbo huutoraako limce ɓaleejo ɗon jooɗi dow leggal bee kaaƴe ɓaawo maako.,A woman sitting on a beach
2053006423_6adf69ca67.jpg,Goɗɗo mo walaa ɓorɗe ɗon dari dow leggal kalluɗum dow dow dow dow dow.,Man on a cliff
2057306459_2f52ce648e.jpg,Yimɓe ɗiɗo ɓe mballa paraasuute caggal nde ɓe ndilli nder gese.,Paraglider landing
2058091220_2087270068.jpg,Ɗuum woni paraasuute dow cembal.,Paragliding
206087108_d4557d38ee.jpg,Goɗɗo mo ɗon ɗaɓɓita dow lesdi bee leɗɗe ɗe laɓɓina nder ɓalli maako e koobooji laɓɓindi e laɓɓindi.,English football fan
2067362863_59577f9d4d.jpg,Kuje ɗiɗi ɗon hawta bee neɗɗo nder ɓaawo.,Dogs playing
2070831523_5035d5537e.jpg,Debbo ɗon ɗon ɗon ɗon ɗon ɗon ɗon ɗon ɗon ɗon ɗon ɗon ɗon ɗon ɗon ɗon ɗon ɗon ɗon ɗon ɗon ɗon ɗon ɗon ɗon ɗon ɗon ɗon ɗon ɗon ɗon ɗon ɗon ɗon ɗon ɗon,Bicycle rider
2076428547_738e0a132f.jpg,Mo ɗon ɗon ɗon ɗon ɗon ɗon ɗon ɗon ɗon ɗon ɗon ɗon ɗon ɗon ɗon ɗon ɗon ɗon ɗon ɗon ɗon ɗon ɗon ɗon ɗon ɗon ɗon ɗon ɗon ɗon ɗon ɗon ɗon ɗon ɗon ɗon ɗon,hiker
2079554580_f18d5c181b.jpg,Dalmatian ɗon ɗon ɗon ɗon ɗon ɗon ɗon ɗon ɗon ɗon ɗon ɗon ɗon ɗon ɗon ɗon ɗon ɗon ɗon ɗon ɗon ɗon ɗon ɗon ɗon ɗon ɗon ɗon ɗon ɗon ɗon ɗon ɗon ɗon ɗon,Dog in the forest
2089122314_40d5739aef.jpg,Dogol ɗon ɗon ɗon ɗon ɗon ɗon ɗon ɗon ɗon ɗon ɗon ɗon ɗon ɗon ɗon ɗon ɗon ɗon ɗon ɗon ɗon ɗon ɗon ɗon ɗon ɗon ɗon ɗon ɗon ɗon ɗon ɗon ɗon ɗon ɗon ɗon,Dog
2089350172_dc2cf9fcf6.jpg,doge tati ɓaleeɓe ɓe njogii nder ndiyam laaɓal,Dogs swimming in a lake
2095435987_1b7591d214.jpg,Dogge bi'i e marɗo ɗon ɓooydi dow cembal.,Dog rolling in the sand
2097403787_77a154f5b9.jpg,Goɗɗo ɗon dari yeeso hooseere jeɗɗi.,Glacier
2103361407_4ed4fc46bf.jpg,Sukaaɓe njowo ɗon njetta e ɓe ɗon njetta dow kaare.,5 children sitting on a bench
2108799322_e25aa6e185.jpg,Dogge ɓaleejo ɗon ɗon ɗon ɗon ɗon ɗon ɗon ɗon ɗon ɗon ɗon ɗon ɗon ɗon ɗon ɗon ɗon ɗon ɗon ɗon ɗon ɗon ɗon ɗon ɗon ɗon ɗon ɗon ɗon ɗon ɗon ɗon ɗon,Dog
2112661738_de71b60b88.jpg,Mbirawal ɓaleel ina njarata ndiyam dow hooseere.,Dog drinking water from a small pool in the mountains
2120571547_05cd56de85.jpg,Debbo ɗon ɗon ɗon ɗon ɗon ɗon ɗon ɗon ɗon ɗon ɗon ɗon ɗon ɗon ɗon ɗon ɗon ɗon ɗon ɗon ɗon ɗon ɗon ɗon ɗon ɗon ɗon ɗon ɗon ɗon ɗon ɗon ɗon ɗon ɗon ɗon,Subway
2135360514_7dcb9ed796.jpg,ɓiiye ɓornata ko ɓorɗe Santa.,Baby
2137789511_69a6c6afa8.jpg,Goɗɗo mo ɗon ɗon ɗon ɗon ɗon ɗon ɗon ɗon ɗon ɗon ɗon ɗon ɗon ɗon ɗon ɗon ɗon ɗon ɗon ɗon ɗon ɗon ɗon ɗon ɗon ɗon ɗon ɗon ɗon ɗon ɗon ɗon ɗon ɗon ɗon,Biking on the beach
2138487671_5b89104043.jpg,Ɓiɗɗo sukaajo ɗon jippa nder maayo.,Jumping into the lake
2139519215_8ca16dd192.jpg,Debbo ɗon ɗon ɗon ɗon ɗon ɗon ɗon ɗon ɗon ɗon ɗon ɗon ɗon ɗon ɗon ɗon ɗon ɗon ɗon ɗon ɗon ɗon ɗon ɗon ɗon ɗon ɗon ɗon ɗon ɗon ɗon ɗon ɗon ɗon ɗon ɗon,girl running by the pool
2171154778_8189169336.jpg,Ɓiɗɗo mo o ɗon pelle e pelle nder suudu nyaamdu.,boy playing with toy
2172493537_128bc8b187.jpg,Sukaaɓe tati ɗon njogii nder ndiyam.,Children playing in a water fountain
2181117039_c4eea8036e.jpg,Sukaaɓe nder limce ɗon ɗon ɗon tokki duwaaji.,School children chasing pigeons
2186087673_c7a73da7ce.jpg,"Ɗuum woni ko woni dow dow mayre, ɓiɗɗo gorko mo o ɗon ɗaɓɓita nder ɓernde goɗɗo mawɗo.",boy
2190227737_6e0bde2623.jpg,Debbo ɗon dari nder gese nder dogeje cembiɗɗe tati.,dogs
2192411521_9c7e488c5e.jpg,Goɗɗo mo ɗon ɗon ɗon ɗon ɗon ɗon ɗon ɗon ɗon ɗon ɗon ɗon ɗon ɗon ɗon ɗon ɗon ɗon ɗon ɗon ɗon ɗon ɗon ɗon ɗon ɗon ɗon ɗon ɗon ɗon ɗon ɗon ɗon ɗon ɗon,Bicycle commuter
2194494220_bb2178832c.jpg,Debbo ɗon ɗon ɗon ɗon ɗon ɗon ɗon ɗon ɗon ɗon ɗon ɗon ɗon ɗon ɗon ɗon ɗon ɗon ɗon ɗon ɗon ɗon ɗon ɗon ɗon ɗon ɗon ɗon ɗon ɗon ɗon ɗon ɗon ɗon ɗon ɗon,Skiing with a dog
2194797921_96af7a9467.jpg,Yimɓe ɗon ɓeɗa kaɓɓol volley ball to maayo.,Beach volleyball
2196050115_e236d91f52.jpg,Ɓiɗɗo mo ɗon yiɗi gollal dow leggal hay bee kaɓirɗum maako e pucci maako.,Archery
2198494923_8159551be4.jpg,Debbo ɗon ɗon ɗon ɗon ɗon ɗon ɗon ɗon ɗon ɗon ɗon ɗon ɗon ɗon ɗon ɗon ɗon ɗon ɗon ɗon ɗon ɗon ɗon ɗon ɗon ɗon ɗon ɗon ɗon ɗon ɗon ɗon ɗon ɗon ɗon ɗon,girl sliding down a hill in the snow
2204550058_2707d92338.jpg,Debbo e limce laaɓɗe e feere feere.,A woman wearing white gloves
2205328215_3ffc094cde.jpg,Yimɓe ɗon ɗon ɗon ɗon ɗon ɗon ɗon ɗon ɗon ɗon ɗon ɗon ɗon ɗon ɗon ɗon ɗon ɗon ɗon ɗon ɗon ɗon ɗon ɗon ɗon ɗon ɗon ɗon ɗon ɗon ɗon ɗon ɗon ɗon ɗon ɗon,Mountain biking
2218609886_892dcd6915.jpg,"Goɗɗo e ɓorngo ɓaleejo, cooti, e ɓorɗe ɗon jooɗii to dammugal suudu.",Homeless man smoking
2218907190_5f43bf5e4d.jpg,Dogol ɗon ƴeewa dow dow haa ɓadiije mbeela.,Dog
2219805677_7b7cc188c7.jpg,Dogol ɗon ɗaɓɓita ballon tennis.,Dog playing with a ball on the beach
2219959872_988e6d498e.jpg,Goɗɗo nder ɓalli ɓalli ɓalli ɓalli ɓalli ɓalli ɓalli ɓalli ɓalli ɓalli ɓalli ɓalli ɓalli ɓalli ɓalli ɓalli ɓalli ɓ,"Tulum, Mexico"
2224450291_4c133fabe8.jpg,Goɗɗo nder ɓorɗe ɓaleere e kamera.,Man taking a picture
2243904502_2d265fed80.jpg,Dogol ɗon ɗon ɗon ɗon ɗon ɗon ɗon ɗon ɗon ɗon ɗon ɗon ɗon ɗon ɗon ɗon ɗon ɗon ɗon ɗon ɗon ɗon ɗon ɗon ɗon ɗon ɗon ɗon ɗon ɗon ɗon ɗon ɗon ɗon ɗon ɗon,Dog
2256218522_53b92bcbb2.jpg,Dogge ɓaleere e ɓaleere ɗon ɗon ɗon ɗon ɗon ɗon ɗon ɗon ɗon ɗon ɗon ɗon ɗon ɗon ɗon ɗon ɗon ɗon ɗon ɗon ɗon ɗon ɗon ɗon ɗon ɗon ɗon ɗon ɗon,Dog running in snow
225909073_25c3c33a29.jpg,Gooduɗo baali Jarman ɗon ɗon ɗon ɗon ɗon ɗon ɗon ɗon ɗon ɗon ɗon ɗon ɗon ɗon ɗon ɗon ɗon ɗon ɗon ɗon ɗon ɗon ɗon ɗon ɗon ɗon ɗon ɗon ɗon ɗon ɗon ɗon,Dog
226531363_33ac01d931.jpg,Dogol ɗon ɗon ɗon ɗon ɗon ɗon ɗon ɗon ɗon ɗon ɗon ɗon ɗon ɗon ɗon ɗon ɗon ɗon ɗon ɗon ɗon ɗon ɗon ɗon ɗon ɗon ɗon ɗon ɗon ɗon ɗon ɗon ɗon ɗon ɗon ɗon,Dog running in snow
2268115375_69884e958d.jpg,Goɗɗo ɗon ɗon ɗon ɓadita colli maayi ɗon ɗon ɗon yaha dow hooseere.,A man with a bag of birds
2273028514_d7b584f73d.jpg,Gorko e debbo ɓe ɗon nyaamda nder metro ɓii ɓii ɓii ɓii ɓii,couple
2276499757_b44dc6f8ce.jpg,Dogge mawnde booɗndi ɗon ndaara dogge ɓii ɓii ɓii ɓii ɓii ɓii ɓii ɓii ɓii ɓii ɓii ɓii ɓii,two dogs
2288315705_5f4c37d932.jpg,Dogge ɓaleere ɓaleere ɗon ɗon ɗon yaha nder maayo nduu.,Dog
2291511815_ac083fddbd.jpg,Sukaaɓe tati ɗon njogge bee ɓooyi maɓɓe tati dow laawol.,Tricycle
2295894587_2fd8faf550.jpg,Dogge bi'i ɗon ɗon ɗon ɗon ɗon ɗon ɗon ɗon ɗon ɗon ɗon ɗon ɗon ɗon ɗon ɗon ɗon ɗon ɗon ɗon ɗon ɗon ɗon ɗon ɗon ɗon ɗon ɗon ɗon ɗon ɗon ɗon ɗon,Dog
2298077331_f9a1488067.jpg,Kudi ɗiɗi ɗon ɗon ɗon ɗon ɗon ɗon ɗon ɗon ɗon ɗon ɗon ɗon ɗon ɗon ɗon ɗon ɗon ɗon ɗon ɗon ɗon ɗon ɗon ɗon ɗon ɗon ɗon ɗon ɗon ɗon ɗon ɗon ɗon ɗon ɗon,Two dogs playing
2298097636_c5de0079de.jpg,Kudi ɗiɗi ɗon ɗon ɗon ɗon ɗon ɗon ɗon ɗon ɗon ɗon ɗon ɗon ɗon ɗon ɗon ɗon ɗon ɗon ɗon ɗon ɗon ɗon ɗon ɗon ɗon ɗon ɗon ɗon ɗon ɗon ɗon ɗon ɗon ɗon ɗon,Dogs playing
229951087_4c20600c32.jpg,Goɗɗo ɗon moodi canoo nder maayo.,Canoe
2300920203_f29260b1db.jpg,Doggo biondi jogiiɗo e doggo ngam huutore.,Dog playing with toy
2301525531_edde12d673.jpg,Dogge ɓaleere e ɓaleere ɗon ɗon ɗon ɗon ɗon ɗon ɗon ɗon ɗon ɗon ɗon ɗon ɗon ɗon ɗon ɗon ɗon ɗon ɗon ɗon ɗon ɗon ɗon ɗon ɗon ɗon ɗon ɗon ɗon,Dog running in the snow
2304374703_555195d8d5.jpg,Doggo marɗo ɗon jogii bee ballol laaraŋge nder ndiyam ndiyam.,Dog playing with a ball in the snow
2305437797_e6c3460190.jpg,Dogol ɗon njogii bee ndokka nder hunduko maako.,Dog swimming in the lake
2318721455_80c6644441.jpg,Ɓiɗɗo nder ɓooyma ɓooyma dow sariila bee ɓooyma ɓooyma e ɓorgo ndun e suudu bee kuugal e jooɗ,boy jumping on bed
2320125735_27fe729948.jpg,Dogol ɓaleejo ɗon darii haa maare fotde fotde e nder leɗɗe.,Dog playing with a ball
2321466753_5606a10721.jpg,Ɓiɗɗo mo ɗon ɗaɓɓita ko o jokka.,Baby
2324979199_4193ef7537.jpg,Ɓiɓɓe ɗiɗo ɓe cujidani.,siblings
2330062180_355ccbceb5.jpg,Dogol ɗon ɗon ɗon ɗon ɗon ɗon ɗon ɗon ɗon ɗon ɗon ɗon ɗon ɗon ɗon ɗon ɗon ɗon ɗon ɗon ɗon ɗon ɗon ɗon ɗon ɗon ɗon ɗon ɗon ɗon ɗon ɗon ɗon ɗon ɗon ɗon,Dog running in the snow
233242340_09963100a3.jpg,Dogol ɗon ɗon ɗon ɗon ɗon ɗon ɗon ɗon ɗon ɗon ɗon ɗon ɗon ɗon ɗon ɗon ɗon ɗon ɗon ɗon ɗon ɗon ɗon ɗon ɗon ɗon ɗon ɗon ɗon ɗon ɗon ɗon ɗon ɗon ɗon ɗon,Dog
2332986053_864db84971.jpg,Goɗɗo e koofta ɓaleeru e ɓaleeru ndun.,Climber
2335619125_2e2034f2c3.jpg,Dogge ɓaleejo ɗon ɗon ɗon ɗon ɗon ɗon ɗon ɗon ɗon ɗon ɗon ɗon ɗon ɗon ɗon ɗon ɗon ɗon ɗon ɗon ɗon ɗon ɗon ɗon ɗon ɗon ɗon ɗon ɗon ɗon ɗon ɗon ɗon,Dog
2339946012_06bd480ab8.jpg,Dogge marɗo mo ɗon njogii ngam o ɗon ɓooyta nder ndiyam.,Dog swimming in a lake
2340919359_f56787d307.jpg,Goɗɗo ɗon dari dow dogge ɓaleere e ɓaleere nder leɗɗe.,Dog training
2342478660_faef1afea8.jpg,Ɓiɗɗo mo ɓornii Mr Potato Head e gite.,boy with fake teeth and glasses
2344412916_9a5a9b1c82.jpg,Goɗɗo mo ɗon ɗon ɗon ɗon ɗon ɗon ɗon ɗon ɗon ɗon ɗon ɗon ɗon ɗon ɗon ɗon ɗon ɗon ɗon ɗon ɗon ɗon ɗon ɗon ɗon ɗon ɗon ɗon ɗon ɗon ɗon ɗon ɗon ɗon ɗon,Inline skating
2364774105_fbaf0c191f.jpg,Debbo ɗon ɗon ɗon ɗon ɗon ɗon ɗon ɗon ɗon ɗon ɗon ɗon ɗon ɗon ɗon ɗon ɗon ɗon ɗon ɗon ɗon ɗon ɗon ɗon ɗon ɗon ɗon ɗon ɗon ɗon ɗon ɗon ɗon ɗon ɗon ɗon,Girl running
2372763106_ddea79d36e.jpg,Dogge ɓaleejo ɗon ɗon ɗon ɗon ɗon ɗon ɗon ɗon ɗon ɗon ɗon ɗon ɗon ɗon ɗon ɗon ɗon ɗon ɗon ɗon ɗon ɗon ɗon ɗon ɗon ɗon ɗon ɗon ɗon ɗon ɗon ɗon ɗon,Greyhound racing
2378127945_8dc9da82d7.jpg,"Dogol ɗon jippa nder yaasi nder nokkuure maɓɓere, nder ndiyam ndiyam.",Dog jumping in the snow
237953705_cfe6999307.jpg,goomu sukaaɓe sukaaɓe ɓe ngaɗi nder leɗɗe bee kawral suudu ndun,Toilet paper fight
2380765956_6313d8cae3.jpg,Debbo nder cootol leɗɗe ɗon yaha nder laawol gariiri ɗon ɗon ɗon fawi fiila,A girl walking in the countryside
2399114095_c3196ff456.jpg,Kuje ɗiɗi ɗon haɓana nder ndiyam ndiyam.,Dogs playing in the snow
2400958566_4e09424046.jpg,Goɗɗo mo ɗon yaha bee ɓaleere ɗon yaha ɓaawo ndiyam ndiyam.,Waterfall
2403078014_4b1d6f8bde.jpg,Yimɓe ɗon ɗon ɗon ɗon ɗon ɗon ɗon ɗon ɗon ɗon ɗon ɗon ɗon ɗon ɗon ɗon ɗon ɗon ɗon ɗon ɗon ɗon ɗon ɗon ɗon ɗon ɗon ɗon ɗon ɗon ɗon ɗon ɗon ɗon ɗon ɗon,Bicycle
2403544744_cba152f5c1.jpg,Dogol ɗon ɗon ɗon ɗon ɗon ɗon ɗon ɗon ɗon ɗon ɗon ɗon ɗon ɗon ɗon ɗon ɗon ɗon ɗon ɗon ɗon ɗon ɗon ɗon ɗon ɗon ɗon ɗon ɗon ɗon ɗon ɗon ɗon ɗon ɗon ɗon,Cattle dog herding cattle
2404520067_87798dbaee.jpg,Dogge ɓaleejo ɗon ɗon ɗon ɗon ɗon ɗon ɗon ɗon ɗon ɗon ɗon ɗon ɗon ɗon ɗon ɗon ɗon ɗon ɗon ɗon ɗon ɗon ɗon ɗon ɗon ɗon ɗon ɗon ɗon ɗon ɗon ɗon ɗon,Dog
2405599120_ec5f32af6f.jpg,Ɓiɗɗo ɗon jooɗi dow leetaare nder ɓooyɗe e ɓorɗe.,Baby
240583223_e26e17ee96.jpg,Dogol ɗon ɗon ɗon ɗon ɗon ɗon ɗon ɗon ɗon ɗon ɗon ɗon ɗon ɗon ɗon ɗon ɗon ɗon ɗon ɗon ɗon ɗon ɗon ɗon ɗon ɗon ɗon ɗon ɗon ɗon ɗon ɗon ɗon ɗon ɗon ɗon,Golden retriever
2410040397_1a161a1146.jpg,Dogol ɗon ɗon ɗon ɗon ɗon ɗon ɗon ɗon ɗon ɗon ɗon ɗon ɗon ɗon ɗon ɗon ɗon ɗon ɗon ɗon ɗon ɗon ɗon ɗon ɗon ɗon ɗon ɗon ɗon ɗon ɗon ɗon ɗon ɗon ɗon ɗon,Dog running in the woods
241345844_69e1c22464.jpg,Lugoowo fuɗnugal ɗon wolwdi e mooftaango maako.,Football
241347067_e58d05dbdc.jpg,Yimɓe tati nder ɓe ɗon njuɓɓina goɗɗo mo ɗon jogii balli.,Football
241347150_5ff37818c2.jpg,Lugoowo football nder ɓalli laato nder nder nder suudu Oklahoma.,Football
2414986483_004936f84b.jpg,Debbo nder ɓorngo ɓorngo ɓorngo e dansi e gorko huɗo ɓorngo ɓorngo ɓorngo ɓorngo ɓorngo.,Dance
2425262733_afe0718276.jpg,Moɗo dow dow dow dow dow dow dow dow dow dow dow dow dow dow dow dow dow dow dow dow dow dow dow dow dow dow dow dow dow dow dow dow dow dow dow dow,Skateboarder
2428086758_bce4733f7e.jpg,Mbira mawɗo ɗon dari bee mbira ɓiiɗini ɗon ɓadake ndiyam.,Dogs
2428751994_88a6808246.jpg,Dogol ɗon ɗon ɗon ɗon ɗon ɗon ɗon ɗon ɗon ɗon ɗon ɗon ɗon ɗon ɗon ɗon ɗon ɗon ɗon ɗon ɗon ɗon ɗon ɗon ɗon ɗon ɗon ɗon ɗon ɗon ɗon ɗon ɗon ɗon ɗon ɗon,Dog
2429978680_1e18a13835.jpg,Dogol ɗon ɗon ɗon ɗon ɗon ɗon ɗon ɗon ɗon ɗon ɗon ɗon ɗon ɗon ɗon ɗon ɗon ɗon ɗon ɗon ɗon ɗon ɗon ɗon ɗon ɗon ɗon ɗon ɗon ɗon ɗon ɗon ɗon ɗon ɗon ɗon,Dog
2434006663_207a284cec.jpg,Kudi ɗiɗi ɗon ɗon ɗon ɗon ɗon ɗon ɗon ɗon ɗon ɗon ɗon ɗon ɗon ɗon ɗon ɗon ɗon ɗon ɗon ɗon ɗon ɗon ɗon ɗon ɗon ɗon ɗon ɗon ɗon ɗon ɗon ɗon ɗon ɗon ɗon,Dogs running on the beach
2436081047_bca044c1d3.jpg,Suka debbo mo ɓorni limce ruumɗe ɗon ƴeewa dow koofol.,Playground
2444339090_bf7b3211f4.jpg,Dogge ɓaleere e ɓaleere ɗon ɗon ɗon ɗon ɗon ɗon ɗon ɗon ɗon ɗon ɗon ɗon ɗon ɗon ɗon ɗon ɗon ɗon ɗon ɗon ɗon ɗon ɗon ɗon ɗon ɗon ɗon ɗon ɗon,Dog
2447284966_d6bbdb4b6e.jpg,Ɓiɗɗo sukaajo mo ɓornii ɓorniiɗo ɓorniiɗo ɓorniiɗo ɓorniiɗo ɓorniiɗo ɓorniiɗo ɓorniiɗo,Baseball
244774022_a12c07afdb.jpg,Yimɓe ɗon ɗon ɗon ɗon ɗon ɗon ɗon ɗon ɗon ɗon ɗon ɗon ɗon ɗon ɗon ɗon ɗon ɗon ɗon ɗon ɗon ɗon ɗon ɗon ɗon ɗon ɗon ɗon ɗon ɗon ɗon ɗon ɗon ɗon ɗon ɗon,Surfer
2449518585_113dc4a8e5.jpg,Debbo ɗon ɗon ɗon ɗon ɗon ɗon ɗon ɗon ɗon ɗon ɗon ɗon ɗon ɗon ɗon ɗon ɗon ɗon ɗon ɗon ɗon ɗon ɗon ɗon ɗon ɗon ɗon ɗon ɗon ɗon ɗon ɗon ɗon ɗon ɗon ɗon,girl on a swing
2452334314_a7c443a787.jpg,Mo ɗon ɗon ɗon ɗon ɗon ɗon ɗon ɗon ɗon ɗon ɗon ɗon ɗon ɗon ɗon ɗon ɗon ɗon ɗon ɗon ɗon ɗon ɗon ɗon ɗon ɗon ɗon ɗon ɗon ɗon ɗon ɗon ɗon ɗon ɗon ɗon ɗon,Horse and rider jumping a fence
2460134050_06de9f5c4a.jpg,Dogge ɓaleere e ɓaleere ɗon ɗon ɗon ɗon ɗon ɗon ɗon ɗon ɗon ɗon ɗon ɗon ɗon ɗon ɗon ɗon ɗon ɗon ɗon ɗon ɗon ɗon ɗon ɗon ɗon ɗon ɗon ɗon ɗon,Dog running
2461631708_decc5b8c87.jpg,Sukaaɓe nder jakkaji kisal lambiɗi ɗon njooɗi dow ndiyam,Water
2462153092_e3f4d8f6a2.jpg,Debbo ɗon ɗon ɗon ɗon ɗon ɗon ɗon ɗon ɗon ɗon ɗon ɗon ɗon ɗon ɗon ɗon ɗon ɗon ɗon ɗon ɗon ɗon ɗon ɗon ɗon ɗon ɗon ɗon ɗon ɗon ɗon ɗon ɗon ɗon ɗon ɗon,Girl running with dogs
2466093839_33bbc8cbd9.jpg,Gooto suka ɗon ɗon ɗon ɗon ɗon ɗon ɗon ɗon ɗon ɗon ɗon ɗon ɗon ɗon ɗon ɗon ɗon ɗon ɗon ɗon ɗon ɗon ɗon ɗon ɗon ɗon ɗon ɗon ɗon ɗon ɗon ɗon ɗon ɗon ɗon,Two boys playing with a toy car
2466171100_5e60cfcc11.jpg,Kudi ɗiɗi ɗon njogii nder leɗɗe.,Two dogs playing
2466420387_86fe77c966.jpg,Debbo ɗiɗo ɗon ɗaɓɓita koode ɗe ɗe ɗe njiɗi.,Two girls looking at a display case
2477121456_1ac5c6d3e4.jpg,Ɓiɗɗo ɓii ɓii ɓaleejo ɗon ɓooyta nder ndiyam.,Dog
2496370758_a3fbc49837.jpg,Dogge biilaaɗo e dogge marɗo ɗon ɗon ɗon ɗon ɗon ɗon ɗon ɗon ɗon ɗon ɗon ɗon ɗon ɗon ɗon ɗon ɗon ɗon ɗon ɗon ɗon ɗon ɗon ɗon ɗon ɗon ɗon,Greyhounds
2510020918_b2ca0fb2aa.jpg,Ɓiɗɗo gorko ɗon ɓadito nder ɓaleere ɓaleere.,boy in a tunnel
2510560080_1439fe32f2.jpg,Sukaaɓe ɗiɗo ɗon njaha dow leggal nder ɓaawo laana.,Horseback riding
251586160_a31b187a37.jpg,Dogge ɓaleejo ɗon ɗon ɗon ɗon ɗon ɗon ɗon ɗon ɗon ɗon ɗon ɗon ɗon ɗon ɗon ɗon ɗon ɗon ɗon ɗon ɗon ɗon ɗon ɗon ɗon ɗon ɗon ɗon ɗon ɗon ɗon ɗon ɗon,Dog
2525666287_638ab5e784.jpg,Yimɓe ɗiɗo ɗon ɗon ɗon ɗon ɗon ɗon ɗon ɗon ɗon ɗon ɗon ɗon ɗon ɗon ɗon ɗon ɗon ɗon ɗon ɗon ɗon ɗon ɗon ɗon ɗon ɗon ɗon ɗon ɗon ɗon ɗon ɗon ɗon ɗon,A soldier on a train station
2533076864_d799996433.jpg,Debbo ɗon ɗaɓɓita nder kuuje ceede ngam ɓeydude to carel ceede ɓaawo maako.,Homeless woman looking for food in a trash can
2533424347_cf2f84872b.jpg,Karooje ɓooyɗe ɗon ɗon ɓooyta nder ɓaawo nde yimɓe ɗon ndaara.,Rally car
2534194182_ac53035cf4.jpg,Yimɓe ɗon ɗon ɗon ɗon ɗon ɗon ɗon ɗon ɗon ɗon ɗon ɗon ɗon ɗon ɗon ɗon ɗon ɗon ɗon ɗon ɗon ɗon ɗon ɗon ɗon ɗon ɗon ɗon ɗon ɗon ɗon ɗon ɗon ɗon ɗon ɗon,A marching band and their dancers
2540203582_9a9ac92a5d.jpg,Debbo ɗon ɗon ɗon ɗon ɗon ɗon ɗon ɗon ɗon ɗon ɗon ɗon ɗon ɗon ɗon ɗon ɗon ɗon ɗon ɗon ɗon ɗon ɗon ɗon ɗon ɗon ɗon ɗon ɗon ɗon ɗon ɗon ɗon ɗon ɗon ɗon,Girl riding a scooter
2555521861_fc36fd3ab0.jpg,Goɗɗo mo ɗon ɓooyli dow koolaaɗo ɗon hoola nder ndiyam.,Water
2555622234_3e531e4014.jpg,Dogol ɗon ɗon ɗon ɗon ɗon ɗon ɗon ɗon ɗon ɗon ɗon ɗon ɗon ɗon ɗon ɗon ɗon ɗon ɗon ɗon ɗon ɗon ɗon ɗon ɗon ɗon ɗon ɗon ɗon ɗon ɗon ɗon ɗon ɗon ɗon ɗon,Dog
2557972410_6925fe695c.jpg,Ɓiɓɓe ɗon njogge hockey nder suudu.,Hockey
2560278143_aa5110aa37.jpg,Beeagle ɗon yaha dow dow dow dow dow dow.,Dog
2561212119_1af8cb9b5d.jpg,Dogge ɓaleejo ɗon dari nder ndiyam.,Dog
2564888404_b57f89d3c7.jpg,Kudi ɗiɗi ɗon ɗon ɗon ɗon ɗon ɗon ɗon ɗon ɗon ɗon ɗon ɗon ɗon ɗon ɗon ɗon ɗon ɗon ɗon ɗon ɗon ɗon ɗon ɗon ɗon ɗon ɗon ɗon ɗon ɗon ɗon ɗon ɗon ɗon ɗon,Dogs playing in the water
2565350330_c7f305e7f7.jpg,Goɗɗo mo haani ɗon ɗaɓɓita dow leeso maako nder leggal mawngal.,man sleeping in a park
2587846523_b177c9a3e3.jpg,neɗɗo ɗon ɗon hawrana hokkude koore tennis ngam nyawɗo maako.,man playing with dog
2588456052_8842b47005.jpg,Fedde tennis debbo nder ɓorɗe ɓaleere e ɓorɗe ndude e ɓorɗe ndude ɗon ɓanngina koore maako.,Tennis player serving
2601008162_f00eeb5c14.jpg,Ɓiɗɗo ɗon ɗaɓɓa kamera haa ɓaawo.,Canon EOS 5D Mark II
260392825_ea61660633.jpg,gorko nder fuleeta ndun e dammugal ɗon jooɗii nder oto,Black man in a suit and tie
260828892_7925d27865.jpg,"Yimɓe ɗon njogge nder maayo, ɓe ɗon acca lekki maɓɓe nder hiila.",Beach
2615811117_42b1838205.jpg,Ɓiɗɗo nder jaako kisal dow ndiyam.,Baby in a life jacket
2616009069_82561da2e5.jpg,Kudi ɗiɗi ɗon ɗon ɗon ɗon ɗon ɗon ɗon ɗon ɗon ɗon ɗon ɗon ɗon ɗon ɗon ɗon ɗon ɗon ɗon ɗon ɗon ɗon ɗon ɗon ɗon ɗon ɗon ɗon ɗon ɗon ɗon ɗon ɗon ɗon ɗon,Two dogs running in a field
2618538137_44fffe10c4.jpg,Yimɓe dow dow dow dow dow dow dow dow dow dow dow dow dow dow dow dow dow dow dow dow dow dow dow dow dow dow dow dow dow dow dow dow dow dow dow dow,Dog and man on skateboard
2621771656_09a620da6d.jpg,Yimɓe ɗon ɗon ɗon ɗon ɗon ɗon ɗon ɗon ɗon ɗon ɗon ɗon ɗon ɗon ɗon ɗon ɗon ɗon ɗon ɗon ɗon ɗon ɗon ɗon ɗon ɗon ɗon ɗon ɗon ɗon ɗon ɗon ɗon ɗon ɗon ɗon,Crowd
2623146491_b64698b875.jpg,Goɗɗo ɗon dari nder nder nder nder nder nder nder nder nder nder nder nder nder nder nder nder nder nder nder nder nder nder nder nder nder nder nder nder nder nder nder nder nder nder,This is a photo of a man working at a store in a mall. He is wearing a black tank top and a black shirt. He is holding a white plastic bag with a white shirt inside of it.
262439544_e71cd26b24.jpg,sukaajo nder limce ndun ɗon ɓoggi dow dow dow cukalel leggal,girl hanging from a tree
2629402527_6dfc5c504b.jpg,Dogol ɗon ɗon ɗon ɗon ɗon ɗon ɗon ɗon ɗon ɗon ɗon ɗon ɗon ɗon ɗon ɗon ɗon ɗon ɗon ɗon ɗon ɗon ɗon ɗon ɗon ɗon ɗon ɗon ɗon ɗon ɗon ɗon ɗon ɗon ɗon ɗon,Dog
2633082074_32c85f532c.jpg,Ɓiɗɗo ɗon ƴeewa dow leggal.,Tree climbing
2642474867_4e6346f809.jpg,Debbo nder ɓorɗe ɓaleere e laaɓɗe laaɓɗe e ɓorɗe cowboy.,woman
2648310638_d6c576b5e4.jpg,Debbo nder ɓorɗe ɓaleere e cappule njamndi nder laawol.,woman running
2662570182_350baa020f.jpg,Debbo ɗon ɗon ɗon ɗon ɗon ɗon ɗon ɗon ɗon ɗon ɗon ɗon ɗon ɗon ɗon ɗon ɗon ɗon ɗon ɗon ɗon ɗon ɗon ɗon ɗon ɗon ɗon ɗon ɗon ɗon ɗon ɗon ɗon ɗon ɗon ɗon,Car
2662845514_8620aaee96.jpg,Firoowo marsiila ɗon ɓaŋga ndiyam bee koofol.,Ice breaking
2663248626_f000f2661d.jpg,Kudi ɗiɗi ɗon ɗon ɗon ɗon ɗon ɗon ɗon ɗon ɗon ɗon ɗon ɗon ɗon ɗon ɗon ɗon ɗon ɗon ɗon ɗon ɗon ɗon ɗon ɗon ɗon ɗon ɗon ɗon ɗon ɗon ɗon ɗon ɗon ɗon ɗon,Two dogs running
2683963310_20dcd5e566.jpg,"Ɓiɗɗo ɗon nder suudu nder leɗɗe, ɗon nyawdi bee luumo.",Baby playing in the sand
2699733386_c346c87ea6.jpg,Dogge ɓaleejo ɗon ɗon ɗon ɗon ɗon ɗon ɗon ɗon ɗon ɗon ɗon ɗon ɗon ɗon ɗon ɗon ɗon ɗon ɗon ɗon ɗon ɗon ɗon ɗon ɗon ɗon ɗon ɗon ɗon ɗon ɗon ɗon ɗon,Dog
2701603045_6cbdc4ce7c.jpg,Ɓiɗɗo ɗon ɗon hoola nder ndiyam.,Boy playing in the water
2707244524_d57120d74a.jpg,Dogol ɗon ɗon ɗon ɗon ɗon ɗon ɗon ɗon ɗon ɗon ɗon ɗon ɗon ɗon ɗon ɗon ɗon ɗon ɗon ɗon ɗon ɗon ɗon ɗon ɗon ɗon ɗon ɗon ɗon ɗon ɗon ɗon ɗon ɗon ɗon ɗon,Dog
270816949_ffad112278.jpg,Mo ɗon ɗon ɗon ɗon ɗon ɗon ɗon ɗon ɗon ɗon ɗon ɗon ɗon ɗon ɗon ɗon ɗon ɗon ɗon ɗon ɗon ɗon ɗon ɗon ɗon ɗon ɗon ɗon ɗon ɗon ɗon ɗon ɗon ɗon ɗon ɗon ɗon,A man riding a horse in the mountains
2711075591_f3ee53cfaa.jpg,Yimɓe ɗiɗo ɗon ɗon ɗon ɗon ɗon ɗon ɗon ɗon ɗon ɗon ɗon ɗon ɗon ɗon ɗon ɗon ɗon ɗon ɗon ɗon ɗon ɗon ɗon ɗon ɗon ɗon ɗon ɗon ɗon ɗon ɗon ɗon ɗon ɗon,Scuba diving
2715155329_1ed1756000.jpg,Goɗɗo mo mo wi'i mo e yi'i ko o yi'i.,Smile
2718376488_3c62f7642c.jpg,Yimɓe ɗon ndilli dow laawol ngam yimɓe ɗon ndilli e yimɓe ɗon ndaara.,running of the bulls
272940778_a184dbea42.jpg,Kudi ɗiɗi ɗon ɗon ɗon ɗon ɗon ɗon ɗon ɗon ɗon ɗon ɗon ɗon ɗon ɗon ɗon ɗon ɗon ɗon ɗon ɗon ɗon ɗon ɗon ɗon ɗon ɗon ɗon ɗon ɗon ɗon ɗon ɗon ɗon ɗon ɗon,Dogs
2739331794_4ae78f69a0.jpg,Goɗɗo mo ɗon ɗon ɗon ɗon ɗon ɗon ɗon ɗon ɗon ɗon ɗon ɗon ɗon ɗon ɗon ɗon ɗon ɗon ɗon ɗon ɗon ɗon ɗon ɗon ɗon ɗon ɗon ɗon ɗon ɗon ɗon ɗon ɗon ɗon ɗon,Motorcycle racer
2752341621_54490b9b09.jpg,Gooduɗo limce ɗe ɓorni ɗe ɓalli e nder ndiyam.,Afghanistan
2755952680_68a0a1fa42.jpg,mo dow bisikilu ɗon ƴiwoyi bee bisikilu maako nder yaasi,Bicycle
2759860913_f75b39d783.jpg,Goɗɗo nder jakka jaale ɗon dari dow hayre yeeso hooseere.,Mountaineer on the summit of Mount Abbot
2763601657_09a52a063f.jpg,Gorko e debbo ɗon njogge dow laawol haa ndiyam.,Bare chested man walking with a woman
2766630484_ce73f47031.jpg,Dogol ɗon ɗaɓɓita ɗemngal maako haa haa haa haa haa haa haa haa haa haa haa haa haa haa haa haa haa haa haa haa haa haa haa haa haa haa haa haa,Dog
2766854400_640e2abe08.jpg,Ɓiɗɗo gorko nder ɓorɗe orange ina jogii ɓalli ɓalli ɓalli ɓalli ɓalli ɓalli ɓalli ɓalli ɓalli ɓalli ɓalli ɓalli,boy on slide
2774581025_81a3074e2e.jpg,Boy nder jaale tank top laake dow maayo.,boy
278105206_df987b0ca0.jpg,Dogol ɗon ɗon ɗon ɗon ɗon ɗon ɗon ɗon ɗon ɗon ɗon ɗon ɗon ɗon ɗon ɗon ɗon ɗon ɗon ɗon ɗon ɗon ɗon ɗon ɗon ɗon ɗon ɗon ɗon ɗon ɗon ɗon ɗon ɗon ɗon ɗon,Dog
2782433864_5a0c311d87.jpg,Kuje tati cembiɗɗi ɗon ndilli nder hiila e ɗon ndaara woɓɓe.,Dogs
278608022_4175813019.jpg,Debbo ɗon ɗon ɗon ɗon ɗon ɗon ɗon ɗon ɗon ɗon ɗon ɗon ɗon ɗon ɗon ɗon ɗon ɗon ɗon ɗon ɗon ɗon ɗon ɗon ɗon ɗon ɗon ɗon ɗon ɗon ɗon ɗon ɗon ɗon ɗon ɗon,Soccer
2787868417_810985234d.jpg,Debbo nder limce ruɗi ɗon ɗon ɗon hoola nder ko ɗon ɓanngina.,girl running
2790909995_8b7a03d9d1.jpg,Dogol ɗon ɗon ɗon ɗon ɗon ɗon ɗon ɗon ɗon ɗon ɗon ɗon ɗon ɗon ɗon ɗon ɗon ɗon ɗon ɗon ɗon ɗon ɗon ɗon ɗon ɗon ɗon ɗon ɗon ɗon ɗon ɗon ɗon ɗon ɗon ɗon,Greyhound
2792195540_af5fb95caa.jpg,Yimɓe ɗon ɗon ɗon ɗon ɗon ɗon ɗon ɗon ɗon ɗon ɗon ɗon ɗon ɗon ɗon ɗon ɗon ɗon ɗon ɗon ɗon ɗon ɗon ɗon ɗon ɗon ɗon ɗon ɗon ɗon ɗon ɗon ɗon ɗon ɗon ɗon,Parachutist
2792409624_2731b1072c.jpg,Dogge ɓaleere e ɓaleere ɗon ɗon ɗon ɗon ɗon ɗon ɗon ɗon ɗon ɗon ɗon ɗon ɗon ɗon ɗon ɗon ɗon ɗon ɗon ɗon ɗon ɗon ɗon ɗon ɗon ɗon ɗon ɗon ɗon,Border collie
2795287622_da187a3e86.jpg,Debbo ɗon ƴiwo diga dow dow dow dow pool,Swimming
2796801478_8ebd7e550b.jpg,Moɗo dow dow dow dow dow dow dow dow dow dow dow dow dow dow dow dow dow dow dow dow dow dow dow dow dow dow dow dow dow dow dow dow dow dow dow dow,Skateboarder performing a grind on a box
2814028429_561a215259.jpg,Ɓiɓɓe ɗiɗo ɗon nder ndiyam e go'in ɗon ɗon ɗon ɗon ɗon ɗon ɗon ɗon ɗon ɗon ɗon ɗon ɗon ɗon ɗon ɗon ɗon ɗon ɗon ɗon ɗon ɗon ɗon ɗon ɗon ɗon,Boy balancing on a log
2814037463_74de97da86.jpg,Debbo huutoraade kolte fuɗɗi ɗon jooɗi bana jungo ɗon holli dow maako.,woman
2823575468_15f6c345fc.jpg,Suka ɓorɗo ɓorɗe ɓorɗe ɓorɗe ɓorɗe ɓorɗe ɓorɗe ɓorɗe ɓorɗe ɓorɗe ɓorɗe ɓorɗe ɓ,Boy running
2825668136_107223182c.jpg,Mo ɗon ɗon ɗon ɗon ɗon ɗon ɗon ɗon ɗon ɗon ɗon ɗon ɗon ɗon ɗon ɗon ɗon ɗon ɗon ɗon ɗon ɗon ɗon ɗon ɗon ɗon ɗon ɗon ɗon ɗon ɗon ɗon ɗon ɗon ɗon ɗon ɗon,Bicycle
2836553263_b1a08c25ea.jpg,Goɗɗo mo ɗon ɗon ɗon ɗon ɗon ɗon ɗon ɗon ɗon ɗon ɗon ɗon ɗon ɗon ɗon ɗon ɗon ɗon ɗon ɗon ɗon ɗon ɗon ɗon ɗon ɗon ɗon ɗon ɗon ɗon ɗon ɗon ɗon ɗon ɗon,boy with bicycle
2848266893_9693c66275.jpg,goɗɗo huutoraaki ɓorngo ɓaleere e mo jogii jardi e mo ɗon yaha nder nder nder nder nder nder nder nder nder nder nder nder nder.,A man in a white suit walking down a street
2848895544_6d06210e9d.jpg,Ɓiɗɗo matinɗo ɗon halki balliŋgal fotbal haa o yahda haa gool.,Soccer
2853407781_c9fea8eef4.jpg,Goɗɗo nder jakka e cappa ɗon ɓoggi haa e ndiyam nder koofol.,Homeless man
2854207034_1f00555703.jpg,"Goɗɗo ɗon ɗaɓɓita dow leɗɗe ɗe nyaamo, e woodi gariiri ɓaawo maɓɓe.","The lawn of the University of Cambridge, with the University Library in the background."
2855667597_bf6ceaef8e.jpg,Kuje nayi ɓaleeɓe ɗon ɗon ɗon njogge bee leɗɗe.,Dogs
2861932486_52befd8592.jpg,Goɗɗo ɗon ɗaɓɓita ko o nyaama.,man buying vegetables
2867736861_43c9487a65.jpg,Dogol ɗon ɗon ɗon ɗon ɗon ɗon ɗon ɗon ɗon ɗon ɗon ɗon ɗon ɗon ɗon ɗon ɗon ɗon ɗon ɗon ɗon ɗon ɗon ɗon ɗon ɗon ɗon ɗon ɗon ɗon ɗon ɗon ɗon ɗon ɗon ɗon,Dog playing with a ball in the water
2867845624_22e4fe0a23.jpg,Dogge ɓaleere e ɓaleere ɗon ɗon ɗon ɗon ɗon ɗon ɗon ɗon ɗon ɗon ɗon ɗon ɗon ɗon ɗon ɗon ɗon ɗon ɗon ɗon ɗon ɗon ɗon ɗon ɗon ɗon ɗon ɗon ɗon,Dog running in the surf
2869491449_1041485a6b.jpg,Kuje ɗiɗi ɗon haɓana dow leɗɗe.,Dobermans
2870875612_2cbb9e4a3c.jpg,Dogol ɗon njogii bee ndokka nder hunduko maako.,Dog swimming in a lake
2872806249_00bea3c4e7.jpg,Debbo nder ɓalli ɓalli ɓalli ɓalli ɓalli ɓalli ɓalli ɓalli ɓalli ɓalli ɓalli ɓalli ɓalli ɓalli ɓalli ɓalli ɓalli ɓ,man in red overalls
2876848241_63290edfb4.jpg,Yimɓe ɗon ɗon ɗon ɗon ɗon ɗon ɗon ɗon ɗon ɗon ɗon ɗon ɗon ɗon ɗon ɗon ɗon ɗon ɗon ɗon ɗon ɗon ɗon ɗon ɗon ɗon ɗon ɗon ɗon ɗon ɗon ɗon ɗon ɗon ɗon ɗon,motocross
2878190821_6e4e03dc5f.jpg,Suka nder kosɗe njayri e gite naange ɗon dari nder suudu,boy
2879241506_b421536330.jpg,Gorko e debbo ɗon ndarii yeeso dammugal ɓaleere e liɗɗi e ɓe ɗon ngaɗana bana ɓe ɗon njamda.,couple
2888408966_376c195b3f.jpg,Ɓiɗɗo waɗii ko o waɗata dow dow dow dow dow dow dow dow dow dow dow dow dow dow dow dow dow dow dow dow dow dow dow dow dow dow dow dow dow,Skateboarder
2890113532_ab2003d74e.jpg,Kudi ɗiɗi ɗon ɗon ɗon ɗon ɗon ɗon ɗon ɗon ɗon ɗon ɗon ɗon ɗon ɗon ɗon ɗon ɗon ɗon ɗon ɗon ɗon ɗon ɗon ɗon ɗon ɗon ɗon ɗon ɗon ɗon ɗon ɗon ɗon ɗon ɗon,Dogs
2891162278_fbf96be4f4.jpg,Goɗɗo huɗo ɓorniiɗo ɓorniiɗo e sapatooji laaɓɗi ina ƴeewa e leɗɗe.,Flip
2891617125_f939f604c7.jpg,Yimɓe ɗon ɗon ɗon ɗon ɗon ɗon ɗon ɗon ɗon ɗon ɗon ɗon ɗon ɗon ɗon ɗon ɗon ɗon ɗon ɗon ɗon ɗon ɗon ɗon ɗon ɗon ɗon ɗon ɗon ɗon ɗon ɗon ɗon ɗon ɗon ɗon,motocross
2891924845_92f69b0f18.jpg,Debbo e gorko ɗon ɗon ɗon ɗon haalaa e dow karalle njamndi,Train
2893476169_f38dd32051.jpg,Goɗɗo nder yaasi dow dow dow dow dow dow dow dow dow dow dow dow dow dow dow dow dow dow dow dow dow dow dow dow dow dow dow dow dow dow dow dow dow,Skateboarder
2894008505_a445ccaaff.jpg,Debbo ɗon ɗon ɗon ɗon ɗon ɗon ɗon ɗon ɗon ɗon ɗon ɗon ɗon ɗon ɗon ɗon ɗon ɗon ɗon ɗon ɗon ɗon ɗon ɗon ɗon ɗon ɗon ɗon ɗon ɗon ɗon ɗon ɗon ɗon ɗon ɗon,Jogging
2899374885_f3b2b1a290.jpg,Ɓiɗɗo ɗon ɗaɓɓita ndiyam nder fannu nder hunduko maako,Baby boy playing in a fountain
2900274587_f2cbca4c58.jpg,Ɗuum ndiyam nder naange.,Sunset
2913818905_8e4d9aa82a.jpg,Kudi ɗiɗi ɗon ɗon ɗon ɗon ɗon ɗon ɗon ɗon ɗon ɗon ɗon ɗon ɗon ɗon ɗon ɗon ɗon ɗon ɗon ɗon ɗon ɗon ɗon ɗon ɗon ɗon ɗon ɗon ɗon ɗon ɗon ɗon ɗon ɗon ɗon,2 dogs playing on the beach
2924884899_f512c84332.jpg,Goɗɗo nder jakka ɓorɗo e ɓorɗe ɓorɗe ɓorɗe.,Baseball cap
2925760802_50c1e84936.jpg,Debbo'en ɗiɗo ɗon ɗon ɗon ɗon ɗon ɗon ɗon ɗon ɗon ɗon ɗon ɗon ɗon ɗon ɗon ɗon ɗon ɗon ɗon ɗon ɗon ɗon ɗon ɗon ɗon ɗon ɗon ɗon ɗon ɗon ɗon ɗon,Two women in very short clothing
2929669711_b2d5a640f0.jpg,Goɗɗo dow dow dow dow dow dow dow dow dow dow.,Surfer doing a flip
2932740428_b15384f389.jpg,Goɗɗo mo ɗon ɗon ɗon ɗon ɗon ɗon ɗon ɗon ɗon ɗon ɗon ɗon ɗon ɗon ɗon ɗon ɗon ɗon ɗon ɗon ɗon ɗon ɗon ɗon ɗon ɗon ɗon ɗon ɗon ɗon ɗon ɗon ɗon ɗon ɗon,Enduro
293327462_20dee0de56.jpg,Kuje ɗiɗi ɓale ɗe ɗon ɓadake ngam huutugo kuwal ngal ɓale ɗe ɗon ɓadake yeeso suudu.,Two dogs playing
2937497894_e3664a9513.jpg,neɗɗo dow snowboard nder yimbe waɗugo duumi,Snowboarder
2938316391_97382d14aa.jpg,Debbo nder hoodie ɓooyɗo e limce ɗon ɗaɓɓita kamera dow maayo,Photographer
2939197393_93dc64c4bb.jpg,Moɗo mo dow dow dow dow dow dow dow dow dow dow dow dow dow dow dow dow dow dow dow dow dow dow dow dow dow dow dow dow dow dow dow dow dow dow dow,Mountain biker riding a bike on a dirt track
2939464283_fc1a834976.jpg,Lugoowo football ɗon jippa haa dow ngam hawtaade ballol.,Football
2942133798_e57c862a90.jpg,"Kuje ɗiɗi, go'na ɗon mari Frisbee.",Frisbee
2942311160_a154104c62.jpg,Dune buggy ɗon ɗon ɗon ɗon ɗon ɗon ɗon ɗon ɗon ɗon ɗon ɗon ɗon ɗon ɗon ɗon ɗon ɗon ɗon ɗon ɗon ɗon ɗon ɗon ɗon ɗon ɗon ɗon ɗon ɗon ɗon ɗon ɗon ɗon,Sand rail
294353408_d459bdaa68.jpg,Dogol ɗon ƴiwoyi haa dow sofa,Dog
2944362789_aebbc22db4.jpg,Moɗo dow dow dow dow dow dow dow dow dow dow dow dow dow dow dow dow dow dow dow dow dow dow dow dow dow dow dow dow dow dow dow dow dow dow dow dow,Skateboarder doing a trick on a ramp
2951092164_4940b9a517.jpg,Suka e suka debbo nder ɓorɗe ɓorɗe e ɓorɗe ɓorɗe,children playing
2957071266_1b40ec7d96.jpg,Kudi ɗiɗi ɗon ɗon ɗon ɗon ɗon ɗon ɗon ɗon ɗon ɗon ɗon ɗon ɗon ɗon ɗon ɗon ɗon ɗon ɗon ɗon ɗon ɗon ɗon ɗon ɗon ɗon ɗon ɗon ɗon ɗon ɗon ɗon ɗon ɗon ɗon,Dogs playing
2963672852_c28043bb2c.jpg,Yimɓe ɗon ɗon ɗon ɗon ɗon ɗon ɗon ɗon ɗon ɗon ɗon ɗon ɗon ɗon ɗon ɗon ɗon ɗon ɗon ɗon ɗon ɗon ɗon ɗon ɗon ɗon ɗon ɗon ɗon ɗon ɗon ɗon ɗon ɗon ɗon ɗon,Bicycle
2968182121_b3b491df85.jpg,Kuwe ɗiɗi ɓooyɗe ɗon ɗon ɗon ɗon ɗon ɗon ɗon ɗon ɗon ɗon ɗon ɗon ɗon ɗon ɗon ɗon ɗon ɗon ɗon ɗon ɗon ɗon ɗon ɗon ɗon ɗon ɗon ɗon ɗon ɗon ɗon,Greyhound racing
2968693931_52d161b8e7.jpg,Gooto dow dow dow dow dow dow dow dow dow dow dow dow dow dow dow dow dow dow dow dow dow dow dow dow dow dow dow dow dow dow dow dow dow dow dow dow,Skateboarder doing a 50-50 on a set of stairs
2969380952_9f1eb7f93b.jpg,Yimɓe ɗon ɗon ɗon ɗon ɗon ɗon ɗon ɗon ɗon ɗon ɗon ɗon ɗon ɗon ɗon ɗon ɗon ɗon ɗon ɗon ɗon ɗon ɗon ɗon ɗon ɗon ɗon ɗon ɗon ɗon ɗon ɗon ɗon ɗon ɗon ɗon,Sports
2971298546_dd595cf297.jpg,Yimɓe ɗon njogii to dokkal njogiije e leɗɗe.,A man running past a flower shop
2972864304_481aeffe50.jpg,Ɓiɗɗo mo o ɗon pellel nder leɗɗe.,child playing in leaves
2976155358_b4dd4407cf.jpg,Goolkeejo nder limce ndune ɗon hoola ballon ngam hisna gollo.,Soccer
2981702521_2459f2c1c4.jpg,Yimɓe ɗon ɗon ɗon ɗon ɗon ɗon ɗon ɗon ɗon ɗon ɗon ɗon ɗon ɗon ɗon ɗon ɗon ɗon ɗon ɗon ɗon ɗon ɗon ɗon ɗon ɗon ɗon ɗon ɗon ɗon ɗon ɗon ɗon ɗon ɗon ɗon,Metro
2985679744_75a7102aab.jpg,Goɗɗo ɗon jooɗii nder metro.,Man in a train
2990563425_2f7246f458.jpg,Mo ɗon hoola dow dow dow dow dow dow dow dow dow dow dow dow dow dow dow dow dow dow dow dow dow dow dow dow dow dow dow dow dow dow dow dow dow dow,Enduro
2991375936_bf4b0a7dc0.jpg,Suka debbo ɗon meemi yeeso debbo mawɗo.,mother and daughter
299181827_8dc714101b.jpg,Suka debbo on ɗon ɗon maɓɓina ndiyam nder luulndo dow neɗɗo nder ɓorɗe ɓale.,Water fight
299572828_4b38b80d16.jpg,Goɗɗo nder ɓalli ɓalli ɓalli ɓalli ɓalli ɓalli ɓalli ɓalli ɓalli ɓalli ɓalli ɓalli ɓalli ɓalli ɓalli ɓalli ɓalli ɓ,Tree surgeon
2995935078_beedfe463a.jpg,"Gooto cricket dow fannu, mo ɗon kolli.",Cricket player
3001612175_53567ffb58.jpg,Gorko ɗon yaha bee nyawɗo maako ɓerɗe ɗe cemboto dow dow dow dow dow dow dow dow dow dow dow dow dow dow dow dow dow dow dow dow dow dow,Bus stop
3002920707_5d2e6e6aac.jpg,Ɓiɗɗo e debbo ɗon njooɗi.,Children's performance in kindergarten
3004823335_9b82cbd8a7.jpg,Dogol ɗon ɗon ndaara nder gese leɗɗe.,Dog
3006926228_cf3c067b3e.jpg,gorko e debbo ɗon ɗon ɗon ɗon ɗon ɗon ɗon ɗon ɗon ɗon ɗon ɗon ɗon ɗon ɗon ɗon ɗon ɗon ɗon ɗon ɗon ɗon ɗon ɗon ɗon ɗon ɗon ɗon ɗon ɗon ɗon ɗon ɗon ɗon,A man wearing a t-shirt with a drawing of a man with a fist raised in the air.
3009035153_715e39b440.jpg,Ɓiɗɗo mo ɗon ƴeewa bee naange ɗon ɓilla dow dow.,Boy jumping in the air
3012513414_86180c44cb.jpg,Gooto dow dow dow dow dow dow dow dow dow dow dow dow dow dow dow dow dow dow dow dow dow dow dow dow dow dow dow dow dow dow dow dow dow dow dow dow,Ski jumping
3013469764_30e84e9a0d.jpg,Yimɓe ɗon ɗon ɗon ɗon ɗon ɗon ɗon ɗon ɗon ɗon ɗon ɗon ɗon ɗon ɗon ɗon ɗon ɗon ɗon ɗon ɗon ɗon ɗon ɗon ɗon ɗon ɗon ɗon ɗon ɗon ɗon ɗon ɗon ɗon ɗon ɗon,Quad
3014986976_0e7b858970.jpg,Yimɓe ɗuuɗɓe ɗon nder nder nder nder nder nder nder nder nder nder nder nder nder nder nder jeeps.,Traffic jam
3015891201_2c1a9e5cd7.jpg,"rewɓe ɗiɗo ɗon mbaadi ko ɓe mbiyi "" bal night "".",Prom Night
3016708786_3591106cca.jpg,Yimɓe tati e ɗemngal mum e gooto e maɓɓe ina jogii kaafahi fowteteendi,A man is being held by two other men with a knife in his mouth.
3025334206_76888792e5.jpg,Kudi ɗiɗi ɗon ɗon ɗon ɗon ɗon ɗon ɗon ɗon ɗon ɗon ɗon ɗon ɗon ɗon ɗon ɗon ɗon ɗon ɗon ɗon ɗon ɗon ɗon ɗon ɗon ɗon ɗon ɗon ɗon ɗon ɗon ɗon ɗon ɗon ɗon,Dog and deer
3027365101_3818be6e16.jpg,Yimɓe ɗon ɗon ɗon ɗon ɗon ɗon ɗon ɗon ɗon ɗon ɗon ɗon ɗon ɗon ɗon ɗon ɗon ɗon ɗon ɗon ɗon ɗon ɗon ɗon ɗon ɗon ɗon ɗon ɗon ɗon ɗon ɗon ɗon ɗon ɗon ɗon,Mountain biker
3029463004_c2d2c8f404.jpg,Yimɓe ɗon ɗon ɗon ɗon ɗon ɗon ɗon ɗon ɗon ɗon ɗon ɗon ɗon ɗon ɗon ɗon ɗon ɗon ɗon ɗon ɗon ɗon ɗon ɗon ɗon ɗon ɗon ɗon ɗon ɗon ɗon ɗon ɗon ɗon ɗon ɗon,Surfer
3029715635_43ab414dfb.jpg,Dogge ɓaleejo ɗon ɗon ɗon ɗon ɗon ɗon ɗon ɗon ɗon ɗon ɗon ɗon ɗon ɗon ɗon ɗon ɗon ɗon ɗon ɗon ɗon ɗon ɗon ɗon ɗon ɗon ɗon ɗon ɗon ɗon ɗon ɗon ɗon,Dog
3038941104_17ee91fc03.jpg,Moɗo dow dow dow dow dow dow dow dow dow dow dow dow dow dow dow dow dow dow dow dow dow dow dow dow dow dow dow dow dow dow dow dow dow dow dow dow,Skateboarder doing a ollie over a traffic cone
3040051410_6205682ba3.jpg,"Gorko ɗon ndaara debbo, o ɗon seema.","John and his wife, Susan, in 2010"
3041170372_c4376cd497.jpg,Goɗɗo mo ɗon ɗon ɗon ɗon ɗon ɗon ɗon ɗon ɗon ɗon ɗon ɗon ɗon ɗon ɗon ɗon ɗon ɗon ɗon ɗon ɗon ɗon ɗon ɗon ɗon ɗon ɗon ɗon ɗon ɗon ɗon ɗon ɗon ɗon ɗon,Mountain biker
3043501068_be58ac47e1.jpg,Motocross ɗon waɗa jabbol nder yahugo yeeso yimɓe.,motocross
3044745642_1d0784ff29.jpg,Yimɓe nder suudu dental ɓadake dow dow doosɗe.,Camp
3046286572_d2050ab0d9.jpg,Goɗɗo mo waɗata huutoraade baasikol nder nder nder yaasi.,Bicycle
3057618932_3b80ae85de.jpg,Mo ɗon moofta bisikleeri ɗon ɗaɓɓa yaaki dow dow dow dow dow dow dow dow dow dow dow dow dow dow dow dow dow dow dow dow dow dow dow,Mountain in background
3061481868_d1e00b1f2e.jpg,Yimɓe ɗiɗo ɗon ɗon ɗon ɗon ɗon ɗon ɗon ɗon ɗon ɗon ɗon ɗon ɗon ɗon ɗon ɗon ɗon ɗon ɗon ɗon ɗon ɗon ɗon ɗon ɗon ɗon ɗon ɗon ɗon ɗon ɗon ɗon ɗon ɗon,Two men on a motorcycle
3064097919_e536ab9693.jpg,Moɗo dow dow dow dow dow dow dow dow dow dow dow dow dow dow dow dow dow dow dow dow dow dow dow dow dow dow dow dow dow dow dow dow dow dow dow dow,Skateboarder doing a flip
3067885047_f69d90c35b.jpg,Sukaaɓe nayi ɗon njogga nder suudu.,four girls doing a handstand
3069216757_c419b3898e.jpg,Debbo ɗon ɓorni ɓorɗe ɓorɗe ɓorɗe ɓorɗe ɓorɗe ɓorɗe ɓorɗe ɓorɗe ɓorɗe ɗon dari nder dammugal,woman
3076928208_5763e9eb8c.jpg,Dogol ɗon ɗon ɗon ɗon ɗon ɗon ɗon ɗon ɗon ɗon ɗon ɗon ɗon ɗon ɗon ɗon ɗon ɗon ɗon ɗon ɗon ɗon ɗon ɗon ɗon ɗon ɗon ɗon ɗon ɗon ɗon ɗon ɗon ɗon ɗon ɗon,Dog
3079786914_fe598b0e54.jpg,Sukaaɓe ɗiɗo ɓe njogii nder nder nder nder nder nder nder nder nder nder nder nder nder nder nder nder nder nder nder nder nder nder nder nder nder nder nder nder nder,2 girls in a tunnel
3082474922_9c3533eaf6.jpg,Sukaajo e ko'e limce ndun ɗon wurtina ko'e limce nder ndiyam ndiyam,Skiing
3085973779_29f44fbdaa.jpg,Ɓiɗɗo ɓalli ɓalli ɓalli ɓalli ɓalli ɓalli ɓalli ɓalli ɓalli ɓalli ɓalli ɓalli ɓalli ɓalli ɓalli ɓalli ɓalli ɓ,The boy and the statue
3090398639_68c0dfa9a5.jpg,Mo ɗon ɗon ɗon ɗon ɗon ɗon ɗon ɗon ɗon ɗon ɗon ɗon ɗon ɗon ɗon ɗon ɗon ɗon ɗon ɗon ɗon ɗon ɗon ɗon ɗon ɗon ɗon ɗon ɗon ɗon ɗon ɗon ɗon ɗon ɗon ɗon ɗon,Bicycle
3092756650_557c5f2d03.jpg,Yimɓe goɗɗi ɗon ndarii nder yaasi.,Men in traditional dress
3094064787_aed1666fc9.jpg,Kudi ɗiɗi ɗon ɗon ɗon ɗon ɗon ɗon ɗon ɗon ɗon ɗon ɗon ɗon ɗon ɗon ɗon ɗon ɗon ɗon ɗon ɗon ɗon ɗon ɗon ɗon ɗon ɗon ɗon ɗon ɗon ɗon ɗon ɗon ɗon ɗon ɗon,Australian Shepherd
3094568845_d0b56c5651.jpg,Karooje gasa ɗon ɓaawo yeeso yimɓe.,Formula 1 race car
309771854_952aabe3cc.jpg,Mawɓe diina ɗiɗo ɗon ndilli dow dow dow dow dow suudu.,Clergy
3102204862_f1d220230b.jpg,Gooto nder ringol ɗon ɗaɓɓita mo nder yahugo.,Professional wrestling
3105315670_5f86f73753.jpg,"Debbo on ɗon ɓorni limce marɗe e ɓorɗe ndun, e ɗon ɗon ɗon haade dow laawol.",Central Park
3106782647_b078830a9e.jpg,Goɗɗo mo ɗon ɗon ɗon ɗon ɗon ɗon ɗon ɗon ɗon ɗon ɗon ɗon ɗon ɗon ɗon ɗon ɗon ɗon ɗon ɗon ɗon ɗon ɗon ɗon ɗon ɗon ɗon ɗon ɗon ɗon ɗon ɗon ɗon ɗon ɗon,Bicycle
3107558821_f3b205d4ed.jpg,Debbo ɗiɗo ɗon ndaara cuuɗi ɗuuɗɗi nder hooseere.,two girls looking over the river
311267421_e204e643cf.jpg,Kudi ɗiɗi ɗon ɗon ɗon ɗon ɗon ɗon ɗon ɗon ɗon ɗon ɗon ɗon ɗon ɗon ɗon ɗon ɗon ɗon ɗon ɗon ɗon ɗon ɗon ɗon ɗon ɗon ɗon ɗon ɗon ɗon ɗon ɗon ɗon ɗon ɗon,Dogs
3116985493_04b1dc3345.jpg,Debbo e sukaajo ɗon njogii nder ndiyam.,mother and daughter playing in the water
3118425885_f0cc035032.jpg,Debbo ɗon nyaama leggal kalluɗum nder suudu nyaamdu.,Food
3120266797_47e7d91614.jpg,Yimɓe e geese ɗon ɗon ɓadake dow dow maago.,Silhouettes of people in a field
3121521593_18f0ec14f7.jpg,Sukaaɓe ɗiɗo ɓornotooɓe ɓorɗe ɓorɗe e ɓorɗe e ɓe ɗon foto nder suudu,Two friends
3126724531_f483e1b92a.jpg,goɗɗo mo ɗon moofta nder ndiyam ɓurɗum.,Surfer
3130093622_362f32f2bb.jpg,Dogol ɗon ɗon ɗon ɗon ɗon ɗon ɗon ɗon ɗon ɗon ɗon ɗon ɗon ɗon ɗon ɗon ɗon ɗon ɗon ɗon ɗon ɗon ɗon ɗon ɗon ɗon ɗon ɗon ɗon ɗon ɗon ɗon ɗon ɗon ɗon ɗon,Dog
3134387513_ceb75bea0a.jpg,Yimɓe ɗiɗo ɓe mbamɗita e njara nder juuɗe maɓɓe ɓe ɗon ndokka woɓɓe foto.,couple
3138433655_ea1d59e5b7.jpg,Ɓiɗɗo gorko nder ɓornde ɓannduwol ɓannduwol e ɓannduwol e ɓannduwol e dansi e yimɓe sukaaɓe.,boy
3141293960_74459f0a24.jpg,Moɗo dow dow dow dow dow dow dow dow dow dow dow dow dow dow dow dow dow dow dow dow dow dow dow dow dow dow dow dow dow dow dow dow dow dow dow dow,Skateboarder
314904143_5a216a192b.jpg,Debbo ɗon ɗon ɗon ɗon ɗon ɗon ɗon ɗon ɗon ɗon ɗon ɗon ɗon ɗon ɗon ɗon ɗon ɗon ɗon ɗon ɗon ɗon ɗon ɗon ɗon ɗon ɗon ɗon ɗon ɗon ɗon ɗon ɗon ɗon ɗon ɗon,Climbing
315021440_122d56ebd7.jpg,Kudi ɗiɗi ɗon ɗon ɗon ɗon ɗon ɗon ɗon ɗon ɗon ɗon ɗon ɗon ɗon ɗon ɗon ɗon ɗon ɗon ɗon ɗon ɗon ɗon ɗon ɗon ɗon ɗon ɗon ɗon ɗon ɗon ɗon ɗon ɗon ɗon ɗon,Two dogs running on a trail
3154152744_4e93ec8a62.jpg,Kuje ɗiɗi ɓaleeɓe ɗon njogge nder ndiyam ndiyam bee kuje cembiɗɗi nder hunduko go'o.,Two dogs playing in the snow
315880837_90db309bab.jpg,Kuje tati ɗon njogii bee Frisbee nder ndiyam ndiyam.,Dogs playing in the snow
3164415865_612f9fd8bc.jpg,Sukaaɓe njoyo ɓe ɗon njogga dow laawol ɓurɗo bee hoolaare.,Snow
3171035252_dba286ae5c.jpg,Yimɓe ɗon ɗon ɗon ɗon ɗon ɗon ɗon ɗon ɗon ɗon ɗon ɗon ɗon ɗon ɗon ɗon ɗon ɗon ɗon ɗon ɗon ɗon ɗon ɗon ɗon ɗon ɗon ɗon ɗon ɗon ɗon ɗon ɗon ɗon ɗon ɗon,Windsurfer
3173014908_b3e69594b6.jpg,Gooto dow dow dow dow dow dow dow dow dow dow dow dow dow dow dow dow dow dow dow dow dow dow dow dow dow dow dow dow dow dow dow dow dow dow dow dow,Skiing
3173157541_70b16b4318.jpg,Gorko nder limce laato ɗon darii ɓaawo debbo bee limce laato dow hoore maako.,A man and a woman
317488612_70ac35493b.jpg,Dogol ɗon ɗon ɗon ɗon ɗon ɗon ɗon ɗon ɗon ɗon ɗon ɗon ɗon ɗon ɗon ɗon ɗon ɗon ɗon ɗon ɗon ɗon ɗon ɗon ɗon ɗon ɗon ɗon ɗon ɗon ɗon ɗon ɗon ɗon ɗon ɗon,Dog
3178371973_60c6b8f110.jpg,Ɗuum ɗon woodi rewɓe tati nder oto.,Bus
3181409177_edb09c2718.jpg,Mo ɗon ɗon ɗon ɗon ɗon ɗon ɗon ɗon ɗon ɗon ɗon ɗon ɗon ɗon ɗon ɗon ɗon ɗon ɗon ɗon ɗon ɗon ɗon ɗon ɗon ɗon ɗon ɗon ɗon ɗon ɗon ɗon ɗon ɗon ɗon ɗon ɗon,Bicycle
3182570190_48214e54c7.jpg,Yimɓe ɗon njogii dow suɓaaji mawɗi dow gorko ɓorɗo.,The man in the ad is a model for the company Abercrombie & Fitch.
3185645793_49de805194.jpg,Mo ɗon ɗon ɗon ɗon ɗon ɗon ɗon ɗon ɗon ɗon ɗon ɗon ɗon ɗon ɗon ɗon ɗon ɗon ɗon ɗon ɗon ɗon ɗon ɗon ɗon ɗon ɗon ɗon ɗon ɗon ɗon ɗon ɗon ɗon ɗon ɗon ɗon,Mountain biking
3186527735_6e9fe2cf88.jpg,Ɓe ɗon ɗon ɗon ɗon ɗon ɗon ɗon ɗon ɗon ɗon ɗon ɗon ɗon ɗon ɗon ɗon ɗon ɗon ɗon ɗon ɗon ɗon ɗon ɗon ɗon ɗon ɗon ɗon ɗon ɗon ɗon ɗon ɗon ɗon ɗon ɗon ɗon,Street photography
318667317_108c402140.jpg,Goɗɗo nder juuti ɓaleejo ɗon jogii tagdi matin.,homeless man
3187492926_8aa85f80c6.jpg,Goɗɗo nder ɓalli ɓalli ɓalli ɓalli ɓalli ɓalli ɓalli ɓalli ɓalli ɓalli ɓalli ɓalli ɓalli ɓalli ɓalli ɓalli ɓalli ɓ,Swimming
3196100539_102fe877b3.jpg,worlotooɗo mo mo foonda,Wrestling
3197981073_3156963446.jpg,Debbo ɗon ɗon ɗon ɗon ɗon ɗon ɗon ɗon ɗon ɗon ɗon ɗon ɗon ɗon ɗon ɗon ɗon ɗon ɗon ɗon ɗon ɗon ɗon ɗon ɗon ɗon ɗon ɗon ɗon ɗon ɗon ɗon ɗon ɗon ɗon ɗon,Singer
3203908917_53e53c03d1.jpg,Yimɓe ɗon ɗon ɗon ɗon ɗon ɗon ɗon ɗon ɗon ɗon ɗon ɗon ɗon ɗon ɗon ɗon ɗon ɗon ɗon ɗon ɗon ɗon ɗon ɗon ɗon ɗon ɗon ɗon ɗon ɗon ɗon ɗon ɗon ɗon ɗon ɗon,Burning of a flag
3207358897_bfa61fa3c6.jpg,Debbo ɗon ɗon ɗon ɗon ɗon ɗon ɗon ɗon ɗon ɗon ɗon ɗon ɗon ɗon ɗon ɗon ɗon ɗon ɗon ɗon ɗon ɗon ɗon ɗon ɗon ɗon ɗon ɗon ɗon ɗon ɗon ɗon ɗon ɗon ɗon ɗon,The entrance to the Forbidden City
3207654194_43d6bebd68.jpg,Dogol ɗon ɗon ɗon ɗon ɗon ɗon ɗon ɗon ɗon ɗon ɗon ɗon ɗon ɗon ɗon ɗon ɗon ɗon ɗon ɗon ɗon ɗon ɗon ɗon ɗon ɗon ɗon ɗon ɗon ɗon ɗon ɗon ɗon ɗon ɗon ɗon,Dog running down a sand dune
3209523192_05a4cef844.jpg,Gooto dow dow dow dow dow dow dow dow dow dow dow dow dow dow dow dow dow dow dow dow dow dow dow dow dow dow dow dow dow dow dow dow dow dow dow dow,Skiing
3211029717_2affe6bbd5.jpg,Yimɓe ɗon dari bee maɓɓe ɗon ɗon ɗon ɗon ɗon ɗon ɗon ɗon ɗon ɗon ɗon ɗon ɗon ɗon ɗon ɗon ɗon ɗon ɗon ɗon ɗon ɗon ɗon ɗon ɗon ɗon ɗon ɗon ɗon ɗon ɗon ɗon,Fireworks
3211289105_e0360a9c7f.jpg,Debbo ɗon ɗon ɗon ɗon ɗon ɗon ɗon ɗon ɗon ɗon ɗon ɗon ɗon ɗon ɗon ɗon ɗon ɗon ɗon ɗon ɗon ɗon ɗon ɗon ɗon ɗon ɗon ɗon ɗon ɗon ɗon ɗon ɗon ɗon ɗon ɗon,Wedding
3211453055_05cbfe37cd.jpg,Yimɓe ɗiɗo ɗon ɗon ɗon ɗon ɗon ɗon ɗon ɗon ɗon ɗon ɗon ɗon ɗon ɗon ɗon ɗon ɗon ɗon ɗon ɗon ɗon ɗon ɗon ɗon ɗon ɗon ɗon ɗon ɗon ɗon ɗon ɗon ɗon ɗon,Skiers on a chairlift
3211556865_d1d9becf69.jpg,Goɗɗo dow hooseere bee juuɗe maako nder yaasi.,Man on top of a mountain
3212465975_b657f40eed.jpg,Mo jokkondiri dow dow dow dow dow dow dow dow dow dow dow dow dow dow dow dow dow dow dow dow dow dow dow dow dow dow dow dow dow dow dow dow dow dow,Skateboarder
3214100656_80cda1b86b.jpg,Yimɓe goɗɗi ɗon kolli ngam foto.,Family
3214579977_fa9fb006a6.jpg,Dogge ɓaleejo ɗon jippa nder ndiyam ndiyam.,Dog
3214885227_2be09e7cfb.jpg,Goɗɗo mo ɗon ɗon ɗon njogge ndiyam ɓadi maayo.,River
3216926094_bc975e84b9.jpg,Dogol ɗon ɗon ɗon ɗon ɗon ɗon ɗon ɗon ɗon ɗon ɗon ɗon ɗon ɗon ɗon ɗon ɗon ɗon ɗon ɗon ɗon ɗon ɗon ɗon ɗon ɗon ɗon ɗon ɗon ɗon ɗon ɗon ɗon ɗon ɗon ɗon,Dog
3218861747_5c5c547b66.jpg,Moɗo dow dow dow dow dow dow dow dow dow dow dow dow dow dow dow dow dow dow dow dow dow dow dow dow dow dow dow dow dow dow dow dow dow dow dow dow,Skateboarder
3219210794_4324df188b.jpg,Moy mo ɓorni ɓaleejo ɗon ƴeewa dow lambi bisikol jeyaaɗo e leɗɗe.,Bicycle
322103537_184367bf88.jpg,Debbo mo o ɓornii bikini o ɗon ƴooyta dow maayo.,Jumping off a sand dune
3225058391_a12d38d911.jpg,Gorko nder orange ɗon ƴetti bisikol dow hoore maako yeeso yimɓe.,Bicycle
3225310099_d8e419ba56.jpg,Lodo ɗon ɗon ɗon ɗon ɗon ɗon ɗon ɗon ɗon ɗon ɗon ɗon ɗon ɗon ɗon ɗon ɗon ɗon ɗon ɗon ɗon ɗon ɗon ɗon ɗon ɗon ɗon ɗon ɗon ɗon ɗon ɗon ɗon ɗon ɗon ɗon,The boat is lifted by a crane
3227423095_5049951eab.jpg,Yimɓe ɗon ɗon ɗon ɗon ɗon ɗon ɗon ɗon ɗon ɗon ɗon ɗon ɗon ɗon ɗon ɗon ɗon ɗon ɗon ɗon ɗon ɗon ɗon ɗon ɗon ɗon ɗon ɗon ɗon ɗon ɗon ɗon ɗon ɗon ɗon ɗon,Bicycle
3228960484_9aab98b91a.jpg,Sukaaɓe ɗiɗo ɗon njilli dow laawol nder ɓorɗe ɓale e njamndi.,two children walking to school
3229282764_a4a515f4e2.jpg,Debbo ɗon ɗon ɗon ɗon ɗon ɗon ɗon ɗon ɗon ɗon ɗon ɗon ɗon ɗon ɗon ɗon ɗon ɗon ɗon ɗon ɗon ɗon ɗon ɗon ɗon ɗon ɗon ɗon ɗon ɗon ɗon ɗon ɗon ɗon ɗon ɗon,girl running on the beach
3237760601_5334f3f3b5.jpg,Goomu dow dow dow,Skiing
3238951136_2a99f1a1a8.jpg,Goɗɗo nder sappooji cembiɗɗi e ɓaleeji cembiɗɗi e laaɓɗi cembiɗɗi e nder ndiyam ɗon ɗon ɗon ɗon ɗon ɗon ɗon ɗon ɗon ɗon ɗon ɗon,man in shorts standing on a rock in a river
3240090389_97a8c5d386.jpg,Yimɓe ɗon ɗon ɗon ɗon ɗon ɗon ɗon ɗon ɗon ɗon ɗon ɗon ɗon ɗon ɗon ɗon ɗon ɗon ɗon ɗon ɗon ɗon ɗon ɗon ɗon ɗon ɗon ɗon ɗon ɗon ɗon ɗon ɗon ɗon ɗon ɗon,Skateboarder
3240558825_cd859d6230.jpg,Yimɓe ɗon ɗon ɗon ɗon ɗon ɗon ɗon ɗon ɗon ɗon ɗon ɗon ɗon ɗon ɗon ɗon ɗon ɗon ɗon ɗon ɗon ɗon ɗon ɗon ɗon ɗon ɗon ɗon ɗon ɗon ɗon ɗon ɗon ɗon ɗon ɗon,Floating temple
324355356_859988a710.jpg,Kuje ɗiɗi ɗe ɗon mbaroya ɗon njogge nder gese haa daande leɗɗe.,Two dogs running
3246190363_68d903bfcb.jpg,Dogge ɓaleejo ɗon ɗon ɗon ɗon ɗon ɗon ɗon ɗon ɗon ɗon ɗon ɗon ɗon ɗon ɗon ɗon ɗon ɗon ɗon ɗon ɗon ɗon ɗon ɗon ɗon ɗon ɗon ɗon ɗon ɗon ɗon ɗon ɗon,Dog running in the water
3249865395_dceaa59f54.jpg,yimɓe njowo ɗon ɗon ɗon ɗon ɗon ɗon ɗon ɗon ɗon ɗon ɗon ɗon ɗon ɗon ɗon ɗon ɗon ɗon ɗon ɗon ɗon ɗon ɗon ɗon ɗon ɗon ɗon ɗon ɗon ɗon ɗon ɗon ɗon ɗon ɗon,People waiting for the bus
3251234434_d01e25a50a.jpg,Debbo ɗon ɗon ɗon ɗon ɗon ɗon ɗon ɗon ɗon ɗon ɗon ɗon ɗon ɗon ɗon ɗon ɗon ɗon ɗon ɗon ɗon ɗon ɗon ɗon ɗon ɗon ɗon ɗon ɗon ɗon ɗon ɗon ɗon ɗon ɗon ɗon,Dog and owner
3255482333_5bcee79f7e.jpg,Gooto dow dow dow dow dow dow dow dow dow dow dow dow dow dow dow dow dow dow dow dow dow dow dow dow dow dow dow dow dow dow dow dow dow dow dow dow,Skiing
3255737244_1f8948fc07.jpg,Sukaaɓe ɗiɗo ɓe njokki nder laawol.,Two girls in a street in 1977
3256275785_9c3af57576.jpg,Goɗɗo nder ɓalli ɓalli ɓalli ɓalli ɓalli ɓalli ɓalli ɓalli ɓalli ɓalli ɓalli ɓalli ɓalli ɓalli ɓalli ɓalli ɓalli ɓ,Person jumping over a hurdle
3257277774_aba333a94c.jpg,Dogge ɓaleere e ɓaleere ɗon jippa nder ndiyam ndiyam.,Dog
3259222690_69737f2a6e.jpg,Gorko ɗon ɗon ɗon ɗon ɗon ɗon ɗon ɗon ɗon ɗon ɗon ɗon ɗon ɗon ɗon ɗon ɗon ɗon ɗon ɗon ɗon ɗon ɗon ɗon ɗon ɗon ɗon ɗon ɗon ɗon ɗon ɗon ɗon ɗon ɗon ɗon,cameraman and sound recordist
3259222980_04fb62df97.jpg,Yimɓe ɗiɗo ɗon ndarii dow nyaamoore bee kuuje ɗe ɗon dow ma.,Two men working on a radio station
3259992638_0612a40288.jpg,Yimɓe ɗuuɗɓe ɗon ndaara worɓe ɗiɗo ɗon njogii nder laawol ɗon ɗon ɗon heewi yimɓe.,Street performers
3262647146_a53770a21d.jpg,Ɓiɓɓe ɗiɗo ɓe ɗon pellel bee pooli.,Kids jumping in puddles
3263741906_6e4508d1c8.jpg,Dogol ɗon ɗon ɗon ɗon ɗon ɗon ɗon ɗon ɗon ɗon ɗon ɗon ɗon ɗon ɗon ɗon ɗon ɗon ɗon ɗon ɗon ɗon ɗon ɗon ɗon ɗon ɗon ɗon ɗon ɗon ɗon ɗon ɗon ɗon ɗon ɗon,Dog
3264350290_f50494e835.jpg,Ɓiɗɗo waɗii ko o waɗata dow dow dow dow dow dow dow dow dow dow dow dow dow dow dow dow dow dow dow dow dow dow dow dow dow dow dow dow dow,Skateboarder doing a 50-50 on a ledge
3265209567_b3b9c8e0fe.jpg,Dogol ɗon ɗon ɗon ɗon ɗon ɗon ɗon ɗon ɗon ɗon ɗon ɗon ɗon ɗon ɗon ɗon ɗon ɗon ɗon ɗon ɗon ɗon ɗon ɗon ɗon ɗon ɗon ɗon ɗon ɗon ɗon ɗon ɗon ɗon ɗon ɗon,Dog
3265964840_5374ed9c53.jpg,Mo ɗon hoola dow dow dow dow dow dow dow dow dow dow dow dow dow dow dow dow dow dow dow dow dow dow dow dow dow dow dow dow dow dow dow dow dow dow,Snowboarder
3266399073_40820596d5.jpg,Gorko e rewɓe ɗiɗo ɗon njooɗi nder suudu mooru dow nyaamdu bee lambi.,Bar
3266406566_d64e57e65a.jpg,Debbo e sukaaɓe ɗiɗo ɗon njooɗi nder suudu nder leɗɗe bee leɗɗe cembiɗɗe haa leɗɗe.,A mother and her children in a hut
3267644370_f2728d6c7a.jpg,Gooto dow dow dow dow dow dow dow dow dow dow dow dow dow dow dow dow dow dow dow dow dow dow dow dow dow dow dow dow dow dow dow dow dow dow dow dow,Skiing
3271178748_630d269811.jpg,Ɓiɓɓe sukaaɓe ɗuuɗɓe ɗon njulaago nder suudu.,Soccer
3272002857_ace031f564.jpg,Debbo ɗon ɗon ɗon ɗon ɗon ɗon ɗon ɗon ɗon ɗon ɗon ɗon ɗon ɗon ɗon ɗon ɗon ɗon ɗon ɗon ɗon ɗon ɗon ɗon ɗon ɗon ɗon ɗon ɗon ɗon ɗon ɗon ɗon ɗon ɗon ɗon,Horse and rider galloping on the beach
3273403495_fcd09c453e.jpg,Gooto dow dow dow dow dow dow dow dow dow dow dow dow dow dow dow dow dow dow dow dow dow dow dow dow dow dow dow dow dow dow dow dow dow dow dow dow,Skiing
3274691778_94bb57bba3.jpg,Yimɓe ɗon ɗon ɗon ɗon ɗon ɗon ɗon ɗon ɗon ɗon ɗon ɗon ɗon ɗon ɗon ɗon ɗon ɗon ɗon ɗon ɗon ɗon ɗon ɗon ɗon ɗon ɗon ɗon ɗon ɗon ɗon ɗon ɗon ɗon ɗon ɗon,The stage
3279025792_23bfd21bcc.jpg,Dogge ɓaleejo ɗon ɗon ɗon ɗon ɗon ɗon ɗon ɗon ɗon ɗon ɗon ɗon ɗon ɗon ɗon ɗon ɗon ɗon ɗon ɗon ɗon ɗon ɗon ɗon ɗon ɗon ɗon ɗon ɗon ɗon ɗon ɗon ɗon,Dog
3279228339_71deaa3d9b.jpg,Goɗɗo ɗon jooɗi nder suudu nyaamdu.,Diner
3279524184_d5e2ffbaed.jpg,Kuje ɗiɗi ɗe laɓɓina nder nokkuure nde ɓalli nyaami e nder go'ina woodi kuje cellal.,Two dogs running in a field
327997381_55f90dc834.jpg,Debbo nder salon ɗon waɗa ɓernde maako bee leɗɗe,Hairdresser
3281580623_8c3ba0fdb2.jpg,Kudi ɗiɗi ɗon ɗon ɗon ɗon ɗon ɗon ɗon ɗon ɗon ɗon ɗon ɗon ɗon ɗon ɗon ɗon ɗon ɗon ɗon ɗon ɗon ɗon ɗon ɗon ɗon ɗon ɗon ɗon ɗon ɗon ɗon ɗon ɗon ɗon ɗon,Dogs playing
3282121432_648dac8a29.jpg,Goɗɗo mo ɗon ɓooydi to ɓolde ɗon ƴeewa dow walluki leɗɗe.,Climber
3285993030_87b0f1d202.jpg,Dogge ɓaleejo ɗon ɗon ɗon ɗon ɗon ɗon ɗon ɗon ɗon ɗon ɗon ɗon ɗon ɗon ɗon ɗon ɗon ɗon ɗon ɗon ɗon ɗon ɗon ɗon ɗon ɗon ɗon ɗon ɗon ɗon ɗon ɗon ɗon,Dog
3286222970_1fa445e38f.jpg,Debbo ɗon ɗon ɗon ɗon ɗon ɗon ɗon ɗon ɗon ɗon ɗon ɗon ɗon ɗon ɗon ɗon ɗon ɗon ɗon ɗon ɗon ɗon ɗon ɗon ɗon ɗon ɗon ɗon ɗon ɗon ɗon ɗon ɗon ɗon ɗon ɗon,girl running
3287904625_f68ca5cea7.jpg,Yimɓe ɗiɗo ɓe nganndi e maɓɓe e ɓe nganndi yeeso kamera yeeso ndiyam nder ndiyam ndiyam.,couple
3287963317_186491ee78.jpg,Yimɓe nayi ɗon njooɗi nder ndiyam nder ndiyam ndiyam nder ndiyam.,Icefall
3289433994_4c67aab384.jpg,Kuje ɗiɗi ɓaleeɓe ɗon njogge bee ballol tennis nder leydi ɓii limce.,Two dogs playing in the snow
3298233193_d2a550840d.jpg,Dogol ɗon jokki bee balli haa maayo.,Dog playing with a ball on the beach
3301854980_233cc2f896.jpg,Mo ɗon ɗon ɗon ɗon ɗon ɗon ɗon ɗon ɗon ɗon ɗon ɗon ɗon ɗon ɗon ɗon ɗon ɗon ɗon ɗon ɗon ɗon ɗon ɗon ɗon ɗon ɗon ɗon ɗon ɗon ɗon ɗon ɗon ɗon ɗon ɗon ɗon,Snowboarding
3307147971_5b3abf61f9.jpg,Yimɓe ɗiɗo e dow motooji nder gese njamndi.,Nordic walking
3312096605_f458757418.jpg,Yimɓe ɗiɗo ɗon jooɗi dow dook dow ndiyam.,Two people sitting on a dock
3315353266_70f0bbb1c3.jpg,Goɗɗo nder ɓalli ɓalli ɓalli ɓalli ɓalli ɓalli ɓalli ɓalli ɓalli ɓalli ɓalli ɓalli ɓalli ɓalli ɓalli ɓalli ɓalli ɓ,Busker
3319388517_5609ae9805.jpg,"Yimɓe tati mawɓe, ɗiɗo maɓɓe ɗon fotta.",three women taking pictures
3319723910_af5b5f1fae.jpg,Gooto dow dow dow dow dow dow dow dow dow dow dow dow dow dow dow dow dow dow dow dow dow dow dow dow dow dow dow dow dow dow dow dow dow dow dow dow,Skateboarder
3322200641_c2e51ff37b.jpg,Dogge ɓaleejo ɗon jippa nder ndiyam ndiyam.,Dog
3323988406_e3c8fce690.jpg,Moɗo dow dow dow dow dow dow dow dow dow dow dow dow dow dow dow dow dow dow dow dow dow dow dow dow dow dow dow dow dow dow dow dow dow dow dow dow,Skateboarder doing a 50-50 on a box
3326024473_4c16e4fbfc.jpg,carel karel ɗon ɗon ɗon hoola nder ndiyam ɓii-sneeje,Car drifting on ice
3326249355_e7a7c71f06.jpg,Ɓe ɗon ndilli yeeso taariiha caka leɗɗe dow dow hooseere.,Hiking
3329793486_afc16663cc.jpg,Mo ɗon moofta bee snowboard ɗon ɗon ɗon hoola dow lambi caka ndiyam ndiyam.,Snowboarder
3331900249_5872e90b25.jpg,Gooto mo ɗon moofta nder ɓillaaji ɗuuɗɗi.,Surfer
3335097235_538f4777c3.jpg,Dogge ɓaleere e ɓaleere ɗon ɗon ɗon ɗon ɗon ɗon ɗon ɗon ɗon ɗon ɗon ɗon ɗon ɗon ɗon ɗon ɗon ɗon ɗon ɗon ɗon ɗon ɗon ɗon ɗon ɗon ɗon ɗon ɗon,Dog
3335370208_460fc19bfa.jpg,Yimɓe ɗiɗo ɗon ɗon ɗon ɗon ɗon ɗon ɗon ɗon ɗon ɗon ɗon ɗon ɗon ɗon ɗon ɗon ɗon ɗon ɗon ɗon ɗon ɗon ɗon ɗon ɗon ɗon ɗon ɗon ɗon ɗon ɗon ɗon ɗon ɗon,Sidecarcross
3336361161_c06cdd160e.jpg,dog licks the peanut butter jar.,Peanut butter
3336374196_f6eaca542f.jpg,Moɗo dow dow dow dow dow dow dow dow dow dow dow dow dow dow dow dow dow dow dow dow dow dow dow dow dow dow dow dow dow dow dow dow dow dow dow dow,Skateboarder doing a ollie over a rail
3336808362_c17837afd8.jpg,Yimɓe ɗon ndaara ko yimɓe feere ɗon ngaɗa.,Protesters in the street
3337461409_e4e317853d.jpg,Ɗiwan e dow dow dow dow.,Lambs
3338217927_3c5cf3f7c6.jpg,Dogge ɓaleejo ɗon jippa haa dow ngam hoolaade kuugal nder ndiyam ndiyam.,Dog playing in the snow
3338590946_f25b76cbc7.jpg,Yimɓe ɗon ɗon ɗon ɗon ɗon ɗon ɗon ɗon ɗon ɗon ɗon ɗon ɗon ɗon ɗon ɗon ɗon ɗon ɗon ɗon ɗon ɗon ɗon ɗon ɗon ɗon ɗon ɗon ɗon ɗon ɗon ɗon ɗon ɗon ɗon ɗon,Surfer
3339105374_cc41e0b7d7.jpg,Yimɓe ɗiɗo e doggo ɗon nder ndiyam ndiyam.,Snow
3341489212_a879e1544a.jpg,Debbo ɗon ɗon ƴetti ndiyam nder ɓalli maako nder poolgu.,girl playing in a pool
3341961913_9a9b362f15.jpg,Yimɓe ɗon ɗon ɗon ɗon ɗon ɗon ɗon ɗon ɗon ɗon ɗon ɗon ɗon ɗon ɗon ɗon ɗon ɗon ɗon ɗon ɗon ɗon ɗon ɗon ɗon ɗon ɗon ɗon ɗon ɗon ɗon ɗon ɗon ɗon ɗon ɗon,Hockey player
3342855466_44038a8aa3.jpg,Mo ɗon ɗon ɗon ɗon ɗon ɗon ɗon ɗon ɗon ɗon ɗon ɗon ɗon ɗon ɗon ɗon ɗon ɗon ɗon ɗon ɗon ɗon ɗon ɗon ɗon ɗon ɗon ɗon ɗon ɗon ɗon ɗon ɗon ɗon ɗon ɗon ɗon,Skateboarder doing a flip under a bridge
3343116398_59a5341f7f.jpg,Lamarɗo basketball ɗon darni balli nder nder ciya.,Basketball player dribbling the ball
3344411431_6f4917bb2f.jpg,Yimɓe ɗon ɗon ɗon seeda e ɗon ɗon ɗon seeda.,A band performing live
3347798761_5c5260b000.jpg,Yimɓe dow dow dow dow dow dow dow dow dow dow dow dow dow dow dow dow dow dow dow dow dow dow dow dow dow dow dow dow dow dow dow dow dow dow dow dow,Dirt bike
3349307529_c1a516b9dc.jpg,Gooto dow dow dow dow dow dow dow dow dow dow dow dow dow dow dow dow dow dow dow dow dow dow dow dow dow dow dow dow dow dow dow dow dow dow dow dow,Skiing
3349968447_b5d4a477b2.jpg,"Dogge biilaaɗo nder ndiyam ndiyam waɗi ko e mum ɗam ina jogii koɗki "" Mountain Dew "" nder ɗemngal mum.",Dog
3353036763_4cbeba03b2.jpg,Yimɓe ɗon ɗon ɗon ɗon ɗon ɗon ɗon ɗon ɗon ɗon ɗon ɗon ɗon ɗon ɗon ɗon ɗon ɗon ɗon ɗon ɗon ɗon ɗon ɗon ɗon ɗon ɗon ɗon ɗon ɗon ɗon ɗon ɗon ɗon ɗon ɗon,Horse race
3354330935_de75be9d2f.jpg,Yimɓe ɗon njogga kamera wakkati mo skier ɗon waɗa kuugal.,Skiing
3356642567_f1d92cb81b.jpg,Suka debbo mo ɓorni pullooji laral njayri hakkunde karallaaji leɗɗe e leɗɗe leɗɗe.,girl
3360730513_211e1a4db6.jpg,Debbo mo dansi ɗon waɗa ko ɓuri mawnugo nder paradi.,Dance
3361411074_83f27d2a1c.jpg,Dogol ɗon ɗon ɗon ɗon ɗon ɗon ɗon ɗon ɗon ɗon ɗon ɗon ɗon ɗon ɗon ɗon ɗon ɗon ɗon ɗon ɗon ɗon ɗon ɗon ɗon ɗon ɗon ɗon ɗon ɗon ɗon ɗon ɗon ɗon ɗon ɗon,Dog running up a hill
3362189985_fbae8f860a.jpg,Goɗɗo nder ɓalli ɓalli ɓalli ɓalli ɓalli ɓalli ɓalli ɓalli ɓalli ɓalli ɓalli ɓalli ɓalli ɓalli ɓalli ɓalli ɓalli ɓ,man
3365198533_539073002b.jpg,Kuwe ɗuuɗɗe ɗon njogii nder yaasi ɓaawo komiwal.,Dogs playing
3371567346_b6522efdb8.jpg,Yimɓe ɗiɗo ndaara feere kuuɗe seniije.,Adam and Eve
3373544964_c9f1253b7d.jpg,Suka on ɗon ndaara doggo nder wakkati ɓe ɗon ndilli dow trampolin nder yaasi.,Boy and his dog
3375843443_8d9b242aa5.jpg,Moɗo dow dow dow dow dow dow dow dow dow dow dow dow dow dow dow dow dow dow dow dow dow dow dow dow dow dow dow dow dow dow dow dow dow dow dow dow,Skateboarder
3375920709_ef7370fa09.jpg,Dogol ɗon ɗon ɗon ɗon ɗon ɗon ɗon ɗon ɗon ɗon ɗon ɗon ɗon ɗon ɗon ɗon ɗon ɗon ɗon ɗon ɗon ɗon ɗon ɗon ɗon ɗon ɗon ɗon ɗon ɗon ɗon ɗon ɗon ɗon ɗon ɗon,Collie
337647771_3b819feaba.jpg,Dogol ina woodi hoore maako nder jaŋde dokkal e jaŋde.,Dog with presents
3381161854_af8b05243c.jpg,Kudi ɗiɗi ɗon ɗon ɗon ɗon ɗon ɗon ɗon ɗon ɗon ɗon ɗon ɗon ɗon ɗon ɗon ɗon ɗon ɗon ɗon ɗon ɗon ɗon ɗon ɗon ɗon ɗon ɗon ɗon ɗon ɗon ɗon ɗon ɗon ɗon ɗon,two dogs running
3394654132_9a8659605c.jpg,Debbo ɗon jogiiɗo dogge ɓaleere e ɓaleere.,A woman and her dog
3399312265_9c74378692.jpg,Kuje ɗiɗi ɗon haɓana nder ndiyam ndiyam.,Dogs playing in the snow
3400082864_9c737c1450.jpg,Gooto joginoowo tennis nder nder nder nder ciya.,tennis player
3400135828_0ac128b6eb.jpg,Dogge ɓaleejo ɗon jippa nder ndiyam ndiyam.,Dog
3402081035_a54cfab1d9.jpg,Yimɗo huutoraade ski e parachute nder yaasi,Paragliding
3403370354_5d266873b4.jpg,Goɗɗo ɗon jogiiɗo doolaare nder ndiyam.,man cooling off in a waterfall
3403797144_53e49412ec.jpg,Goɗɗo mo ɗon ɗon ɗon ɗon ɗon ɗon ɗon ɗon ɗon ɗon ɗon ɗon ɗon ɗon ɗon ɗon ɗon ɗon ɗon ɗon ɗon ɗon ɗon ɗon ɗon ɗon ɗon ɗon ɗon ɗon ɗon ɗon ɗon ɗon ɗon,Surfer
3405720825_b6991005eb.jpg,Debbo ɗon ɗon ɗon feeroya bee nyawdi nder maayo.,Dog and woman playing with a coconut on the beach
3405759441_fb31c80240.jpg,Mo ɗon ɗon ɗon ɗon ɗon ɗon ɗon ɗon ɗon ɗon ɗon ɗon ɗon ɗon ɗon ɗon ɗon ɗon ɗon ɗon ɗon ɗon ɗon ɗon ɗon ɗon ɗon ɗon ɗon ɗon ɗon ɗon ɗon ɗon ɗon ɗon ɗon,Rodeo
3406802138_ef77bbddd0.jpg,Kudi ɗiɗi ɗon ɗon ɗon ɗon ɗon ɗon ɗon ɗon ɗon ɗon ɗon ɗon ɗon ɗon ɗon ɗon ɗon ɗon ɗon ɗon ɗon ɗon ɗon ɗon ɗon ɗon ɗon ɗon ɗon ɗon ɗon ɗon ɗon ɗon ɗon,Dogs playing
3407317539_68765a3375.jpg,Dogge ɓaleere e ɓaleere ɗon ɗon ɗon ɗon ɗon ɗon ɗon ɗon ɗon ɗon ɗon ɗon ɗon ɗon ɗon ɗon ɗon ɗon ɗon ɗon ɗon ɗon ɗon ɗon ɗon ɗon ɗon ɗon ɗon,Dog
3407357681_5aeaab5b59.jpg,Dogol ɗon ɗon ɗon ɗon ɗon ɗon ɗon ɗon ɗon ɗon ɗon ɗon ɗon ɗon ɗon ɗon ɗon ɗon ɗon ɗon ɗon ɗon ɗon ɗon ɗon ɗon ɗon ɗon ɗon ɗon ɗon ɗon ɗon ɗon ɗon ɗon,Dog running in water
3411579899_0f8ed09142.jpg,Mo ɗon ɗon ɗon ɗon ɗon ɗon ɗon ɗon ɗon ɗon ɗon ɗon ɗon ɗon ɗon ɗon ɗon ɗon ɗon ɗon ɗon ɗon ɗon ɗon ɗon ɗon ɗon ɗon ɗon ɗon ɗon ɗon ɗon ɗon ɗon ɗon ɗon,Mountain biker
3412450683_7da035f2de.jpg,Ɗuum woni ko colli ndiyam ɗon ɗon njiya haa ɗon ɗon ɗon ɗon ɗon ɗon ɗon ɗon ɗon ɗon ɗon ɗon ɗon ɗon ɗon ɗon ɗon ɗon ɗon ɗon ɗon ɗon ɗon ɗon ɗon ɗon,Great blue heron
3412822878_5d961492e5.jpg,Suka mo dow dow dow dow dow dow dow dow dow dow dow dow dow dow dow dow dow dow dow dow dow dow dow dow dow dow dow dow dow dow dow dow dow dow dow dow,Skateboarder doing a 50-50 on a rail
3413019648_e787f0cb88.jpg,Goɗɗo mo ɗon ɗon ɗon ɗon ɗon ɗon ɗon ɗon ɗon ɗon ɗon ɗon ɗon ɗon ɗon ɗon ɗon ɗon ɗon ɗon ɗon ɗon ɗon ɗon ɗon ɗon ɗon ɗon ɗon ɗon ɗon ɗon ɗon ɗon ɗon,Kayaker in a rapid
3413571342_b9855795e2.jpg,Goɗɗo nder ɓalli ɓalli ɓalli ɓalli ɓalli ɓalli ɓalli ɓalli ɓalli ɓalli ɓalli ɓalli ɓalli ɓalli ɓalli ɓalli ɓalli ɓ,Surfer
3413973568_6630e5cdac.jpg,Goɗɗo mo ɗon ɗon ɗon ɗon ɗon ɗon ɗon ɗon ɗon ɗon ɗon ɗon ɗon ɗon ɗon ɗon ɗon ɗon ɗon ɗon ɗon ɗon ɗon ɗon ɗon ɗon ɗon ɗon ɗon ɗon ɗon ɗon ɗon ɗon ɗon,Kitesurfing
3415003392_139c0f3586.jpg,Mo ɗon ɗon ɗon ɗon ɗon ɗon ɗon ɗon ɗon ɗon ɗon ɗon ɗon ɗon ɗon ɗon ɗon ɗon ɗon ɗon ɗon ɗon ɗon ɗon ɗon ɗon ɗon ɗon ɗon ɗon ɗon ɗon ɗon ɗon ɗon ɗon ɗon,Mountain bike
3417143124_6feb8290cc.jpg,"Debbo huutoraade kolla ɓalli, ɗon dari dow laawol ɓaawo dogol ɓale",Greyhound
3419634480_c390f62a6e.jpg,Dogge ɓaleejo ɗon ɗon ɗon ɗon ɗon ɗon ɗon ɗon ɗon ɗon ɗon ɗon ɗon ɗon ɗon ɗon ɗon ɗon ɗon ɗon ɗon ɗon ɗon ɗon ɗon ɗon ɗon ɗon ɗon ɗon ɗon ɗon ɗon,Dog
3423802527_94bd2b23b0.jpg,Firooji mooliiɓe ɓorniiɓe ɓorniiɓe ɓorniiɗi e ɓorniiɗi e ɓorniiɗi.,Cheerleaders
3424927725_c4d1fcfac3.jpg,Yimɓe nder ɓorɗe ndiyam jeewte ɗon jooɗi dow leggal kaaƴe ɗon ndaara dow,Man sitting on the edge of a cliff
3425835357_204e620a66.jpg,Yimɓe ɗon ɗon ɗon ɗon ɗon ɗon ɗon ɗon ɗon ɗon ɗon ɗon ɗon ɗon ɗon ɗon ɗon ɗon ɗon ɗon ɗon ɗon ɗon ɗon ɗon ɗon ɗon ɗon ɗon ɗon ɗon ɗon ɗon ɗon ɗon ɗon,B-boy
3425851292_de92a072ee.jpg,"jogorɗo tennis huutoraade ɓorɗe jaale, laaɓɗe e ɓorɗe ɓale e ɓorɗe jaale e ɓorɗe jaale",tennis player
3426962078_13e87e10de.jpg,Debbo ɗon ɓooyda gorko nder kuugal.,Hug
3426964258_67a0cee201.jpg,Yimɓe mooɓti nder nder nder nder nder nder nder nder nder nder nder nder nder nder nder nder nder nder nder nder nder nder nder nder nder nder nder nder nder nder nder nder nder,St. Patrick's Day
3427402225_234d712eeb.jpg,Yimɓe ɗiɗo ɗon ndaara holluɗum laaɓuɗum.,Light installation
3431261634_c73360406a.jpg,Goɗɗo nder ɓalli ɓalli ɓalli ɓalli ɓalli ɓalli ɓalli ɓalli ɓalli ɓalli ɓalli ɓalli ɓalli ɓalli ɓalli ɓalli ɓalli ɓ,Surfer
3431671749_e8e3a449ac.jpg,Karuuji jaaynde ɗon ɗon ɗon ɗon ɗon ɗon ɗon ɗon ɗon ɗon ɗon ɗon ɗon ɗon ɗon ɗon ɗon ɗon ɗon ɗon ɗon ɗon ɗon ɗon ɗon ɗon ɗon ɗon ɗon ɗon ɗon ɗon ɗon,Car
3436313241_6c73153fb6.jpg,Dogol ɓaleejo nder suudu leɗɗe ɗon ɗaɓɓa koore ɓaleere e ndune nder hunduko maako.,Dog playing with a ball
3437693401_202afef348.jpg,Dogge biilaaɗo e dogge marɗo jogiiɗo huccude.,Dogs fighting
3437781040_82b06facb3.jpg,Yimɓe jogiiɓe hockey ɗiɗo ɗon ɗaɓɓita puck.,Ice hockey
3444982197_0ff15cc50b.jpg,Goɗɗo nder ɓalli ɓalli ɓalli ɓalli ɓalli ɓalli ɓalli ɓalli ɓalli ɓalli ɓalli ɓalli ɓalli ɓalli ɓalli ɓalli ɓalli ɓ,Two men in a bar
3446586125_cafa0bfd67.jpg,Dogol ɗon ɗon ɗon ɗon ɗon ɗon ɗon ɗon ɗon ɗon ɗon ɗon ɗon ɗon ɗon ɗon ɗon ɗon ɗon ɗon ɗon ɗon ɗon ɗon ɗon ɗon ɗon ɗon ɗon ɗon ɗon ɗon ɗon ɗon ɗon ɗon,Golden retriever
3447007090_08d997833a.jpg,Goomu sukaaɓe ɗon ɗon ɗon ɗon ɗon ɗon ɗon ɗon ɗon ɗon ɗon ɗon ɗon ɗon ɗon ɗon ɗon ɗon ɗon ɗon ɗon ɗon ɗon ɗon ɗon ɗon ɗon ɗon ɗon ɗon ɗon ɗon ɗon,Water fight
3454621502_73af6742fb.jpg,Dogge ɓaleejo ɗon ɗon ɗon ɗon ɗon ɗon ɗon ɗon ɗon ɗon ɗon ɗon ɗon ɗon ɗon ɗon ɗon ɗon ɗon ɗon ɗon ɗon ɗon ɗon ɗon ɗon ɗon ɗon ɗon ɗon ɗon ɗon ɗon,Dog
3456251289_c4ae31d817.jpg,Yimɓe ɗon ɗon ɗon ɗon ɗon ɗon ɗon ɗon ɗon ɗon ɗon ɗon ɗon ɗon ɗon ɗon ɗon ɗon ɗon ɗon ɗon ɗon ɗon ɗon ɗon ɗon ɗon ɗon ɗon ɗon ɗon ɗon ɗon ɗon ɗon ɗon,Quad
3456579559_b5c8927938.jpg,Mo ɓooyɗo dow dow dow dow dow dow dow dow dow dow dow dow dow dow dow dow dow dow dow dow dow dow dow dow dow dow dow dow dow dow dow dow dow,Skateboarder doing a trick in front of the school
3466353172_deb128bbb0.jpg,Dogol ɗon ɗon ɗon ɗon ɗon ɗon ɗon ɗon ɗon ɗon ɗon ɗon ɗon ɗon ɗon ɗon ɗon ɗon ɗon ɗon ɗon ɗon ɗon ɗon ɗon ɗon ɗon ɗon ɗon ɗon ɗon ɗon ɗon ɗon ɗon ɗon,Golden retriever
3467219837_7d62213dec.jpg,Kuje jowi ɗon ɗon ɗon ɗon ɗon ɗon ɗon ɗon ɗon ɗon ɗon ɗon ɗon ɗon ɗon ɗon ɗon ɗon ɗon ɗon ɗon ɗon ɗon ɗon ɗon ɗon ɗon ɗon ɗon ɗon ɗon ɗon ɗon ɗon,Greyhound racing
3472449219_eb927f05b8.jpg,Yimɓe ɗon ɗon ɗon ɗon ɗon ɗon ɗon ɗon ɗon ɗon ɗon ɗon ɗon ɗon ɗon ɗon ɗon ɗon ɗon ɗon ɗon ɗon ɗon ɗon ɗon ɗon ɗon ɗon ɗon ɗon ɗon ɗon ɗon ɗon ɗon ɗon,motocross
3474176841_cde2bee67c.jpg,Goɗɗo dow dow dow dow dow dow dow dow dow dow.,Mountain biker
3474985382_26e1560338.jpg,Mo ɗon ɗon ɗon ɗon ɗon ɗon ɗon ɗon ɗon ɗon ɗon ɗon ɗon ɗon ɗon ɗon ɗon ɗon ɗon ɗon ɗon ɗon ɗon ɗon ɗon ɗon ɗon ɗon ɗon ɗon ɗon ɗon ɗon ɗon ɗon ɗon ɗon,Mountain biker
3476381830_3751dd9339.jpg,Moɗo dow dow dow dow dow dow dow dow dow dow dow dow dow dow dow dow dow dow dow dow dow dow dow dow dow dow dow dow dow dow dow dow dow dow dow dow,Rollerblading
3476451861_5b9c9ce191.jpg,Yimɓe ɗon ɗon ɗon ɗon ɗon ɗon ɗon ɗon ɗon ɗon ɗon ɗon ɗon ɗon ɗon ɗon ɗon ɗon ɗon ɗon ɗon ɗon ɗon ɗon ɗon ɗon ɗon ɗon ɗon ɗon ɗon ɗon ɗon ɗon ɗon ɗon,Bicycle
3479423813_517e93a43a.jpg,Goɗɗo mo ɗon ɗon ɗon ɗon ɗon ɗon ɗon ɗon ɗon ɗon ɗon ɗon ɗon ɗon ɗon ɗon ɗon ɗon ɗon ɗon ɗon ɗon ɗon ɗon ɗon ɗon ɗon ɗon ɗon ɗon ɗon ɗon ɗon ɗon ɗon,Skipper at the helm of a sailing yacht
3480126681_52cea26bda.jpg,Dogge ɓaleejo ɗon ɗon ɗon ɗon ɗon ɗon ɗon ɗon ɗon ɗon ɗon ɗon ɗon ɗon ɗon ɗon ɗon ɗon ɗon ɗon ɗon ɗon ɗon ɗon ɗon ɗon ɗon ɗon ɗon ɗon ɗon ɗon ɗon,Dog
3481884992_45770ec698.jpg,Goɗɗo nder ɓalli ɓalli ɓalli ɓalli ɓalli ɓalli ɓalli ɓalli ɓalli ɓalli ɓalli ɓalli ɓalli ɓalli ɓalli ɓalli ɓalli ɓ,Surfer
3482974845_db4f16befa.jpg,Kudi ɗiɗi ɗon ɗon ɗon ɗon ɗon ɗon ɗon ɗon ɗon ɗon ɗon ɗon ɗon ɗon ɗon ɗon ɗon ɗon ɗon ɗon ɗon ɗon ɗon ɗon ɗon ɗon ɗon ɗon ɗon ɗon ɗon ɗon ɗon ɗon ɗon,Two dogs running on the beach
3484649669_7bfe62080b.jpg,Debbo mo o ɗon pelle e nder ndiyam.,Girl playing in water
3488087117_2719647989.jpg,Dogge ɓaleere e ɓaleere ɗon ɗon ɗon ɗon ɗon ɗon ɗon ɗon ɗon ɗon ɗon ɗon ɗon ɗon ɗon ɗon ɗon ɗon ɗon ɗon ɗon ɗon ɗon ɗon ɗon ɗon ɗon ɗon ɗon,Dog
3493844822_c315a11275.jpg,Yimɓe ɗon ɗon ɗon ɗon ɗon ɗon ɗon ɗon ɗon ɗon ɗon ɗon ɗon ɗon ɗon ɗon ɗon ɗon ɗon ɗon ɗon ɗon ɗon ɗon ɗon ɗon ɗon ɗon ɗon ɗon ɗon ɗon ɗon ɗon ɗon ɗon,Surfer
3494105596_f05cb0d56f.jpg,Goɗɗo nder ɓalli ɓalli ɓalli ɓalli ɓalli ɓalli ɓalli ɓalli ɓalli ɓalli ɓalli ɓalli ɓalli ɓalli ɓalli ɓalli ɓalli ɓ,Soccer player
3497502407_ec566442c9.jpg,Yimɓe ɗon ɗon ɗon ɗon ɗon ɗon ɗon ɗon ɗon ɗon ɗon ɗon ɗon ɗon ɗon ɗon ɗon ɗon ɗon ɗon ɗon ɗon ɗon ɗon ɗon ɗon ɗon ɗon ɗon ɗon ɗon ɗon ɗon ɗon ɗon ɗon,Treetop challenge
3498354674_b636c7992f.jpg,Moɗo dow dow dow dow dow dow dow dow dow dow dow dow dow dow dow dow dow dow dow dow dow dow dow dow dow dow dow dow dow dow dow dow dow dow dow dow,Skateboarder doing a 50-50 on a ledge
349889354_4b2889a9bd.jpg,Goɗɗo mo ɗon ɗon ɗon ɗon ɗon ɗon ɗon ɗon ɗon ɗon ɗon ɗon ɗon ɗon ɗon ɗon ɗon ɗon ɗon ɗon ɗon ɗon ɗon ɗon ɗon ɗon ɗon ɗon ɗon ɗon ɗon ɗon ɗon ɗon ɗon,Surfer in the waves
350176185_b8c5591e36.jpg,Doggo ɗon ƴeewa dow dow dow.,Dog
3501781809_88429e3b83.jpg,Goɗɗo dow baasikol ɗon ƴeewta dow dow dow dow dow dow dow dow dow yimɓe ɗon ɗon ɗon ɗon ɗon ɗon ɗon ɗon ɗon ɗon ɗon ɗon ɗon ɗon ɗon ɗon ɗon,Bicycle
3508882611_3947c0dbf5.jpg,Debbo ɗon ɗon ɗon ɗon ɗon ɗon ɗon ɗon ɗon ɗon ɗon ɗon ɗon ɗon ɗon ɗon ɗon ɗon ɗon ɗon ɗon ɗon ɗon ɗon ɗon ɗon ɗon ɗon ɗon ɗon ɗon ɗon ɗon ɗon ɗon ɗon,Dog agility
3514184232_b336414040.jpg,Debbo mo ɓalli maako maaki ɗon wara ballon nder fannu ballon.,Baseball
3517023411_a8fbd15230.jpg,Yimɓe ɗon ɗon ɗon ɗon ɗon ɗon ɗon ɗon ɗon ɗon ɗon ɗon ɗon ɗon ɗon ɗon ɗon ɗon ɗon ɗon ɗon ɗon ɗon ɗon ɗon ɗon ɗon ɗon ɗon ɗon ɗon ɗon ɗon ɗon ɗon ɗon,Bicycle
3517056462_483ee5a914.jpg,Fedde softball debbo ɗon hoola mballi.,Softball
3517466790_17c7753a1a.jpg,Goomu sukaaɓe ɓorndi ɓorniiɓe e ɓorniiɓe e ɓe ndaari.,Prom
3518118675_5053b3f738.jpg,Goɗɗo mo ɗon ɗon ɗon ɗon ɗon ɗon ɗon ɗon ɗon ɗon ɗon ɗon ɗon ɗon ɗon ɗon ɗon ɗon ɗon ɗon ɗon ɗon ɗon ɗon ɗon ɗon ɗon ɗon ɗon ɗon ɗon ɗon ɗon ɗon ɗon,Man sitting on steps
3518126579_e70e0cbb2b.jpg,Goɗɗo mo ɗon ɗon ɗon ɗon ɗon ɗon ɗon ɗon ɗon ɗon ɗon ɗon ɗon ɗon ɗon ɗon ɗon ɗon ɗon ɗon ɗon ɗon ɗon ɗon ɗon ɗon ɗon ɗon ɗon ɗon ɗon ɗon ɗon ɗon ɗon,Stairs
3519942322_b37d088aae.jpg,Doggo ɗon ɗon ɗon tokki doggo nder leeso.,Dog
3520869880_2e8b7d7842.jpg,Debbo ɗon ɗon ɗon ɗon ɗon ɗon ɗon ɗon ɗon ɗon ɗon ɗon ɗon ɗon ɗon ɗon ɗon ɗon ɗon ɗon ɗon ɗon ɗon ɗon ɗon ɗon ɗon ɗon ɗon ɗon ɗon ɗon ɗon ɗon ɗon ɗon,girl jumping in front of a mural
352382023_7605223d1c.jpg,Dogol e koore nder hunduko maako ɗon yaha nder ndiyam.,Dog
3525841965_7814484515.jpg,Sukaaɓe ɗiɗo ɗon ndilli nder laawol ngol e ɓe mbemɗi to kamera.,Two girls
3526431764_056d2c61dc.jpg,Yimɓe tati ɗon ɗon ɗon ɗaɓɓita fotooji nder suudu.,three people with cameras
3526897578_3cf77da99b.jpg,Dogol ɓaleere e ɓaleere ɗon ɗon ɗon ɗon ɗon ɗon ɗon ɗon ɗon ɗon ɗon ɗon ɗon ɗon ɗon ɗon ɗon ɗon ɗon ɗon ɗon ɗon ɗon ɗon ɗon ɗon ɗon ɗon ɗon,Border collie
3527590601_38d56abc29.jpg,Yimɓe ɗon ɗon ɗon ɗon ɗon ɗon ɗon ɗon ɗon ɗon ɗon ɗon ɗon ɗon ɗon ɗon ɗon ɗon ɗon ɗon ɗon ɗon ɗon ɗon ɗon ɗon ɗon ɗon ɗon ɗon ɗon ɗon ɗon ɗon ɗon ɗon,Bicycle rider
3527682660_c5e9fa644a.jpg,Yimɓe nayi mooɓti caka nyaamdu,Business meeting
3528105511_12ff45dc9c.jpg,Yimɓe dow dow dow dow dow dow dow dow dow dow dow dow dow dow dow dow dow dow dow dow dow dow dow dow dow dow dow dow dow dow dow dow dow dow dow dow,motocross
3533394378_1513ec90db.jpg,Yimɓe ɗiɗo nder gariiri nder nokkuure feere.,Amusement ride
3533660418_f3a73a257c.jpg,Yimɓe tati nder lesdi fuɗnaange ɗon njooɗi dow laawol bee maɓɓe.,Men sitting on the curb
3534824784_7133119316.jpg,Debbo e suka ɗon njooɗi bee maɓɓe e ɓe mbemɗi.,Mother and daughter
3537520829_aab733e16c.jpg,Moɗo dow dow dow dow dow dow dow dow dow dow dow dow dow dow dow dow dow dow dow dow dow dow dow dow dow dow dow dow dow dow dow dow dow dow dow dow,Skateboarder
3540241710_a4f49cde52.jpg,Moɗo dow dow dow dow dow dow dow dow dow dow dow dow dow dow dow dow dow dow dow dow dow dow dow dow dow dow dow dow dow dow dow dow dow dow dow dow,Skateboarder doing a manual on a box
3541483943_9776baee7c.jpg,Moɗo dow dow dow dow dow dow dow dow dow dow dow dow dow dow dow dow dow dow dow dow dow dow dow dow dow dow dow dow dow dow dow dow dow dow dow dow,Skateboarder
3545586120_283d728a97.jpg,Boxerji ɗiɗo be limce cellal ɗon haɓana.,Boxing
354642192_3b7666a2dd.jpg,Yimɓe ɗon njogge nder ndiyam bee ndiyam ndiyam.,Swimming in the pool
3547313700_39368b9a2f.jpg,Kudi ɗiɗi ɗon njogii nder leɗɗe.,two dogs
3547499166_67fb4af4ea.jpg,Yimɓe tati ɗon njogii ngam ɓe mbaɗata fijirde,three women in aprons
3549583146_3e8bb2f7e9.jpg,Ɓiɗɗo gorko ɗon ɗon ɗon ɗon ɗon ɗon ɗon ɗon ɗon ɗon ɗon ɗon ɗon ɗon ɗon ɗon ɗon ɗon ɗon ɗon ɗon ɗon ɗon ɗon ɗon ɗon ɗon ɗon ɗon ɗon ɗon ɗon ɗon,boy on a bicycle
3550763985_800cfee7e4.jpg,Skateboarder e ɓooyma ɓaleere e ɓaleere e waɗugo ollie nder nokkuure ɓaleere.,Skateboarder doing a flip over a rail
3551003620_0b02d76f65.jpg,Yimɓe nder ɓalli cembiɗɗi ɓorniiɗi e ɓalli cembiɗɗi ɗon ɓooyta nder ɓalli cembiɗɗi.,Inline skating
3551281733_b43bf6f870.jpg,Ɗuum woni ɓaawo ɓaawo kooreeɗo mo'o ɗon ƴuura.,Hummingbird
3551787566_b5ebbe2440.jpg,Debbo ɗon ɗon ɗon ɗon ɗon ɗon ɗon ɗon ɗon ɗon ɗon ɗon ɗon ɗon ɗon ɗon ɗon ɗon ɗon ɗon ɗon ɗon ɗon ɗon ɗon ɗon ɗon ɗon ɗon ɗon ɗon ɗon ɗon ɗon ɗon ɗon,Mountain biker
3552435734_04da83b905.jpg,Dogge ɓaleejo ɗon ɗon ɗon ɗon ɗon ɗon ɗon ɗon ɗon ɗon ɗon ɗon ɗon ɗon ɗon ɗon ɗon ɗon ɗon ɗon ɗon ɗon ɗon ɗon ɗon ɗon ɗon ɗon ɗon ɗon ɗon ɗon ɗon,Dog
3560125106_691c292893.jpg,Dogol ɗon jippa nder ɓolde yiite.,Dog jumping through fire
3561639055_5ac66ae92f.jpg,Moɗo mo dow dow dow dow dow dow dow dow dow dow dow dow dow dow dow dow dow dow dow dow dow dow dow dow dow dow dow dow dow dow dow dow dow dow dow,Mountain bike
3562282690_cd2a95fe9e.jpg,Dogol ɗon ɗon ɗon ɗon ɗon ɗon ɗon ɗon ɗon ɗon ɗon ɗon ɗon ɗon ɗon ɗon ɗon ɗon ɗon ɗon ɗon ɗon ɗon ɗon ɗon ɗon ɗon ɗon ɗon ɗon ɗon ɗon ɗon ɗon ɗon ɗon,Dog running on the beach
3563668905_689ed479c5.jpg,Goɗɗo mo ɗon ɗon ɗon ɗon ɗon ɗon ɗon ɗon ɗon ɗon ɗon ɗon ɗon ɗon ɗon ɗon ɗon ɗon ɗon ɗon ɗon ɗon ɗon ɗon ɗon ɗon ɗon ɗon ɗon ɗon ɗon ɗon ɗon ɗon ɗon,Mountain biking
3563673070_71fa0903ed.jpg,"Yimɓe ɗon njogga kayak ɓerɗe ndun, kayak ndun ɗon ɓerɗe ndun.",Kayaking
3567214106_6ece483f8b.jpg,Dogol ɗon ɗon maɓɓina nder leɗɗe nder leɗɗe.,Dog playing in water
3569420080_72fbe84751.jpg,Gorko nder jonde ɗon dari haa ɓaawo debbo bee ɓalli ɓale.,Military officer and his wife
3569667295_6e51db08ef.jpg,Dogge ɓaleere e ɓaleere ɗon ɗon ɗon ɗon ɗon ɗon ɗon ɗon ɗon ɗon ɗon ɗon ɗon ɗon ɗon ɗon ɗon ɗon ɗon ɗon ɗon ɗon ɗon ɗon ɗon ɗon ɗon ɗon ɗon,Dog
3576060775_d9121519cc.jpg,Debbo ɗon ɗon ɗon ɗon ɗon ɗon ɗon ɗon ɗon ɗon ɗon ɗon ɗon ɗon ɗon ɗon ɗon ɗon ɗon ɗon ɗon ɗon ɗon ɗon ɗon ɗon ɗon ɗon ɗon ɗon ɗon ɗon ɗon ɗon ɗon ɗon,Dogs playing
3578981202_efef47e264.jpg,Goɗɗo ɗon jogii ɓiyum ɓii-ɓiiɗo ɓaleejo ɗon nyi'i.,Baby
3587941206_36769c3f1d.jpg,Sukaajo nder ɓorngo ɓaleeru e sendere e ɓaleeru ɗon ɗon ɗon ɗon ɗon ɗon ɗon ɗon ɗon ɗon ɗon ɗon ɗon ɗon ɗon ɗon ɗon ɗon ɗon ɗon ɗon,Baseball player at bat
3588417747_b152a51c52.jpg,Moɗo dow dow dow dow dow dow dow dow dow dow dow dow dow dow dow dow dow dow dow dow dow dow dow dow dow dow dow dow dow dow dow dow dow dow dow dow,Skateboarder
3590647207_2d4ec3f52c.jpg,Debbo'en ɗon ɗon ɗon ɗon ɗon ɗon ɗon ɗon ɗon ɗon ɗon ɗon ɗon ɗon ɗon ɗon ɗon ɗon ɗon ɗon ɗon ɗon ɗon ɗon ɗon ɗon ɗon ɗon ɗon ɗon ɗon ɗon ɗon ɗon,Rodeo
359082432_c1fd5aa2d6.jpg,Goɗɗo ɗon ɗon ndaara nyawɗo maako ɗon dari dow leggal maayi.,Hiking
3596459539_a47aa80612.jpg,Yimɓe ɗon ɗon ɗon ɗon ɗon ɗon ɗon ɗon ɗon ɗon ɗon ɗon ɗon ɗon ɗon ɗon ɗon ɗon ɗon ɗon ɗon ɗon ɗon ɗon ɗon ɗon ɗon ɗon ɗon ɗon ɗon ɗon ɗon ɗon ɗon ɗon,Motorcycle racer
3598447435_f66cd10bd6.jpg,Gooto nder kaakayel go'o ɗon ɓadito nder ndiyam.,Kayaker in a green kayak
3601533527_6c2439113c.jpg,Goɗɗo mo ɗon ɗon ɗon ɗon ɗon ɗon ɗon ɗon ɗon ɗon ɗon ɗon ɗon ɗon ɗon ɗon ɗon ɗon ɗon ɗon ɗon ɗon ɗon ɗon ɗon ɗon ɗon ɗon ɗon ɗon ɗon ɗon ɗon ɗon ɗon,man smoking
3604384383_db6805d1b9.jpg,Gorko e debbo ɗon njaɓɓa ɓe nyawdi.,Kiss
3609027309_af75f773d9.jpg,Ɓiɗɗo e debbo ɗon njooɗi.,A woman and a boy dancing
3609032038_005c789f64.jpg,Mo ɗon ɗon ɗon ɗon ɗon ɗon ɗon ɗon ɗon ɗon ɗon ɗon ɗon ɗon ɗon ɗon ɗon ɗon ɗon ɗon ɗon ɗon ɗon ɗon ɗon ɗon ɗon ɗon ɗon ɗon ɗon ɗon ɗon ɗon ɗon ɗon ɗon,Mountain biker
3610683688_bbe6d725ed.jpg,Dogol ɗon ɓuwa nder ndiyam,Dog in the water
3611672054_45edd3e08f.jpg,Goɗɗo nder ɓalli ɓalli ɓalli ɓalli ɓalli ɓalli ɓalli ɓalli ɓalli ɓalli ɓalli ɓalli ɓalli ɓalli ɓalli ɓalli ɓalli ɓ,Beach volleyball player
361183669_52be9662b9.jpg,Yimɓe ɗon ɗon ɗon ɗon ɗon ɗon ɗon ɗon ɗon ɗon ɗon ɗon ɗon ɗon ɗon ɗon ɗon ɗon ɗon ɗon ɗon ɗon ɗon ɗon ɗon ɗon ɗon ɗon ɗon ɗon ɗon ɗon ɗon ɗon ɗon ɗon,Boat
3612485611_12dd7742f7.jpg,Yimɓe ɗiɗo ɗon njaara dow leɗɗe.,Two men playing kickball
3612538549_2828b45867.jpg,ɓiɗɗo gorko mo ɓe ndari cembal dow ɓernde maako.,boy screaming
3613005134_bb7f304da1.jpg,Wrestler ɗon haani waɗugo feere nder ring.,Wrestler performing a standing dropkick on another wrestler
3619806638_7480883039.jpg,Moɗo dow dow dow dow dow dow dow dow dow dow dow dow dow dow dow dow dow dow dow dow dow dow dow dow dow dow dow dow dow dow dow dow dow dow dow dow,Skateboarder doing a trick
3620492762_7f6a9b4746.jpg,Yimɓe ɗon ɗon ɗon ɗon ɗon ɗon ɗon ɗon ɗon ɗon ɗon ɗon ɗon ɗon ɗon ɗon ɗon ɗon ɗon ɗon ɗon ɗon ɗon ɗon ɗon ɗon ɗon ɗon ɗon ɗon ɗon ɗon ɗon ɗon ɗon ɗon,motocross
3621329299_6fb3f2935c.jpg,Yimɓe ɗon ɗon ɗon ɗon ɗon ɗon ɗon ɗon ɗon ɗon ɗon ɗon ɗon ɗon ɗon ɗon ɗon ɗon ɗon ɗon ɗon ɗon ɗon ɗon ɗon ɗon ɗon ɗon ɗon ɗon ɗon ɗon ɗon ɗon ɗon ɗon,Bicycle
3622929632_26fb800000.jpg,Dogol e baseball nder hunduko maako.,Dog with baseball
3624076529_9793655a21.jpg,Dogol ɗon njogii bee ndokka nder hunduko maako.,Dog swimming
3625957413_e475943aa3.jpg,Kudi ɗiɗi ɗon ɗon ɗon ɗon ɗon ɗon ɗon ɗon ɗon ɗon ɗon ɗon ɗon ɗon ɗon ɗon ɗon ɗon ɗon ɗon ɗon ɗon ɗon ɗon ɗon ɗon ɗon ɗon ɗon ɗon ɗon ɗon ɗon ɗon ɗon,Two dogs running in a field
3626964430_cb5c7e5acc.jpg,Yimɓe ɗon njogii cricket nder fannu.,Cricket
3627679667_0e3de9fc90.jpg,Debbo on ɗon ɗon ɗon ɗon ɗon ɗon ɗon ɗon ɗon ɗon ɗon ɗon ɗon ɗon ɗon ɗon ɗon ɗon ɗon ɗon ɗon ɗon ɗon ɗon ɗon ɗon ɗon ɗon ɗon ɗon ɗon ɗon ɗon ɗon ɗon,Surfer
3628103548_2708abcda2.jpg,Debbo ɗon ɗon ɗon ɗon ɗon ɗon ɗon ɗon ɗon ɗon ɗon ɗon ɗon ɗon ɗon ɗon ɗon ɗon ɗon ɗon ɗon ɗon ɗon ɗon ɗon ɗon ɗon ɗon ɗon ɗon ɗon ɗon ɗon ɗon ɗon ɗon,Folk
3629492654_619d7b67ee.jpg,Moɗo dow dow dow dow dow dow dow dow dow dow dow dow dow dow dow dow dow dow dow dow dow dow dow dow dow dow dow dow dow dow dow dow dow dow dow dow,Skateboarder doing a trick
3632197966_0c5061025f.jpg,Dirt bikers ɗon ƴeewa dow ko ɓe ɗon ƴeewa.,motocross
3632258003_6a0a69bf3a.jpg,Yimɓe e pelle ɗe ɓe ɗon ɓanngina laana.,Salt harvesting
3633396324_c4b24b1f51.jpg,Goɗɗo mawɗo nder koobo ɗon jooɗi e ɗon ndaara yeeso.,old man
3635991166_f95304af0a.jpg,Ɓiɓɓe nayi ɗon nder suudu ngam ɓe ngaɗa ko ɓe mbiyi.,Boys with a football
3638631362_af29bbff01.jpg,Goɗɗo mo ɗon ɗon ɗon dari suudu nduu.,Campsite
3639363462_bcdb21de29.jpg,Debbo ɗiɗo ɗon holla dow laana ɗon ɓoggi bana pelle.,Mirror
3640020134_367941f5ec.jpg,Dogge ɓaleejo ɗon ɗon ɗon ɗon ɗon ɗon ɗon ɗon ɗon ɗon ɗon ɗon ɗon ɗon ɗon ɗon ɗon ɗon ɗon ɗon ɗon ɗon ɗon ɗon ɗon ɗon ɗon ɗon ɗon ɗon ɗon ɗon ɗon,Dog running in the water
3640104986_5d8c9a9948.jpg,Yimɓe feere ɗon ndilli dow laamorde gariiri ɗon ɗon ɗon ɗaɓɓita laamorde Yeesu ɗon maɓɓiti dow gaafaangal.,Procession of the Holy Cross
3643684044_a131168127.jpg,Yimɓe ardiiɓe nayi ɗon jooɗi dow nyaamdu bee go'o ɗon wolwdi dow maare.,Panel discussion
3649384501_f1e06c58c0.jpg,Gardiiɗo ɗon ɓorgo hulɓuɗo bee ɓanndu nduu nduu.,A soldier of the Life Guards
3650188378_cc8aea89f0.jpg,Yimɓe ɗiɗo ɓornitiiɓe bana Ghostbusters ɗon ɗon ndilli dow laawol.,Two men in Ghostbusters costumes
3654338683_13b2f95a9a.jpg,Dogol ɗon ɗon ɗon ɗon ɗon ɗon ɗon ɗon ɗon ɗon ɗon ɗon ɗon ɗon ɗon ɗon ɗon ɗon ɗon ɗon ɗon ɗon ɗon ɗon ɗon ɗon ɗon ɗon ɗon ɗon ɗon ɗon ɗon ɗon ɗon ɗon,Dog
3658733605_fbcf570843.jpg,Mo ɗon moofta bisikle ɗon ɗon waɗa ƴuurugo dow bisikle.,Bmx rider
3660826540_481d25fbb0.jpg,Sukaajo nder ɓorɗe ɓooyɗe ɗon hollaago dow kamera.,boy
3662963630_8f097e38d4.jpg,Mo ɗon ɗon ɗon ɗon ɗon ɗon ɗon ɗon ɗon ɗon ɗon ɗon ɗon ɗon ɗon ɗon ɗon ɗon ɗon ɗon ɗon ɗon ɗon ɗon ɗon ɗon ɗon ɗon ɗon ɗon ɗon ɗon ɗon ɗon ɗon ɗon ɗon,Skateboarder doing a trick on a ramp
3663951804_868982f3f9.jpg,Moɗo dow dow dow dow dow dow dow dow dow dow dow dow dow dow dow dow dow dow dow dow dow dow dow dow dow dow dow dow dow dow dow dow dow dow dow dow,Skateboarder
366548880_3d3e914746.jpg,Kudi ɗiɗi ɗon ɗon ɗon ɗon ɗon ɗon ɗon ɗon ɗon ɗon ɗon ɗon ɗon ɗon ɗon ɗon ɗon ɗon ɗon ɗon ɗon ɗon ɗon ɗon ɗon ɗon ɗon ɗon ɗon ɗon ɗon ɗon ɗon ɗon ɗon,Dogs playing
3665987581_5e6b0a65f2.jpg,Dogge ɓaleere e ɓaleere ɗon ɗon ɗon ɗon ɗon ɗon ɗon ɗon ɗon ɗon ɗon ɗon ɗon ɗon ɗon ɗon ɗon ɗon ɗon ɗon ɗon ɗon ɗon ɗon ɗon ɗon ɗon ɗon ɗon,Welsh Corgi
3667908724_65c7d112f2.jpg,Debbo mo nandi dow dow dow dow.,Girl
3671262694_29fbeb9d95.jpg,Mo ɓooyɗo dow dow dow dow dow dow dow dow dow dow dow dow dow dow dow dow dow dow dow dow dow dow dow dow dow dow dow dow dow dow dow dow dow,Skateboarder
3672057606_cb6393dbd9.jpg,Debbo ɗon ɗon ɗon ɗon ɗon ɗon ɗon ɗon ɗon ɗon ɗon ɗon ɗon ɗon ɗon ɗon ɗon ɗon ɗon ɗon ɗon ɗon ɗon ɗon ɗon ɗon ɗon ɗon ɗon ɗon ɗon ɗon ɗon ɗon ɗon ɗon,Metro station
3672940355_47f30e2b28.jpg,Suka debbo nder limce ɓaleere ɗon fota ballol bulu.,girl playing with a ball
3673484638_dce87295fe.jpg,Sukaaɓe ɗiɗo ɓorɓe denim ɗon njogge dow laawol.,Fashion show
3673970325_4e025069e9.jpg,Debbo ɗon ɗon ɗon ɗon ɗon ɗon ɗon ɗon ɗon ɗon ɗon ɗon ɗon ɗon ɗon ɗon ɗon ɗon ɗon ɗon ɗon ɗon ɗon ɗon ɗon ɗon ɗon ɗon ɗon ɗon ɗon ɗon ɗon ɗon ɗon ɗon,A girl kneels among hundreds of lanterns that have been lit during the annual candlelight vigil.
3676460610_8c52e8a355.jpg,Debbo ɗon ɗon ɗon ɗon ɗon ɗon ɗon ɗon ɗon ɗon ɗon ɗon ɗon ɗon ɗon ɗon ɗon ɗon ɗon ɗon ɗon ɗon ɗon ɗon ɗon ɗon ɗon ɗon ɗon ɗon ɗon ɗon ɗon ɗon ɗon ɗon,Mountain biker on a trail in the prairies
367964525_b1528ac6e4.jpg,Dogol ɗon ɗon ɗon ɗon ɗon ɗon ɗon ɗon ɗon ɗon ɗon ɗon ɗon ɗon ɗon ɗon ɗon ɗon ɗon ɗon ɗon ɗon ɗon ɗon ɗon ɗon ɗon ɗon ɗon ɗon ɗon ɗon ɗon ɗon ɗon ɗon,Dog
3681172959_6674c118d2.jpg,Debbo nder ɓorɗe ɓaleere ɗon ɗon maɓɓana e ɗon yaha nder yimɓe.,Girl with a cap
368393384_86defdcde8.jpg,Yimɓe ɗon ɓilla nder ndiyam nder kayak maɓɓe jeewti.,Kayaker
3684518763_f3490b647a.jpg,Goɗɗo nder ɓalli e ɓalli e ɓalli e nder ɓalli.,A man in gold shorts and a black top dancing at a parade.
3690348036_a01f243fb0.jpg,Yimɓe ɗon ɗon ɗon ɗon ɗon ɗon ɗon ɗon ɗon ɗon ɗon ɗon ɗon ɗon ɗon ɗon ɗon ɗon ɗon ɗon ɗon ɗon ɗon ɗon ɗon ɗon ɗon ɗon ɗon ɗon ɗon ɗon ɗon ɗon ɗon ɗon,Bicycle
3692746368_ab7d97ab31.jpg,Yimɓe ɗiɗo ɗon nder poolgu ɗon njogga balɗe kisal.,The image shows a man and a woman in a small inflatable boat in a river.
3695517194_2a6b604cb2.jpg,Goɗɗo nder ɓalli ɓalli ɓalli ɓalli ɓalli ɓalli ɓalli ɓalli ɓalli ɓalli ɓalli ɓalli ɓalli ɓalli ɓalli ɓalli ɓalli ɓ,Soccer
3698607223_22fe09763a.jpg,Gooto dow dow dow dow dow dow dow dow dow dow dow dow dow dow dow dow dow dow dow dow dow dow dow dow dow dow dow dow dow dow dow dow dow dow dow dow,Skiing
3698944019_825ef54f2f.jpg,Ɓiɗɗo ɓalli ɓalli ɓalli ɓalli ɓalli ɓalli ɓalli ɓalli ɓalli ɓalli ɓalli ɓalli ɓalli ɓalli ɓalli ɓalli ɓalli ɓ,Curious
3699522388_2333f01f40.jpg,Yimɓe ɗon waɗa kuugal dow dow dow dow dow dow dow dow,Wakeboarder
3704431444_f337ec2b90.jpg,Dogol ɗon ɗon ɗon ɗon ɗon ɗon ɗon ɗon ɗon ɗon ɗon ɗon ɗon ɗon ɗon ɗon ɗon ɗon ɗon ɗon ɗon ɗon ɗon ɗon ɗon ɗon ɗon ɗon ɗon ɗon ɗon ɗon ɗon ɗon ɗon ɗon,Dog
3707077198_efd6aa808d.jpg,Moɗo dow dow dow dow dow dow dow dow dow dow dow dow dow dow dow dow dow dow dow dow dow dow dow dow dow dow dow dow dow dow dow dow dow dow dow dow,Skateboarder
3713133789_f05e8daffd.jpg,doggo gooduɗo e ɓaleere ɗon ƴeewa dow koofol ɓaleere e ɓaleere nder gese.,Dog jumping over a hurdle
3720210639_18bb34e475.jpg,Yimɓe ɗon ɗon ɗon ɗon ɗon ɗon ɗon ɗon ɗon ɗon ɗon ɗon ɗon ɗon ɗon ɗon ɗon ɗon ɗon ɗon ɗon ɗon ɗon ɗon ɗon ɗon ɗon ɗon ɗon ɗon ɗon ɗon ɗon ɗon ɗon ɗon,Bicycle
3724738804_f00748a137.jpg,Sukaaɓe tati ɗon njehi nder poolgu.,Swimming
378170167_9b5119d918.jpg,Mbirawal ɓaleel ɗon ɗon ɗon yaha nder laawol haa yaasi.,Dog
383223174_7165a54c30.jpg,Dogol ɓalli ɓalli ɓalli e hoore maako ɗon ɗon ɗaɓɓa bee leggal.,Dog
386655611_1329495f97.jpg,"Dogol ɗon ɗon naŋga duungo mawnde, ɓurɗo ndiyam ɓii ngu.",Dog
387974450_bcd205daac.jpg,Dogol ɗon ɗon ɗon ɗon ɗon ɗon ɗon ɗon ɗon ɗon ɗon ɗon ɗon ɗon ɗon ɗon ɗon ɗon ɗon ɗon ɗon ɗon ɗon ɗon ɗon ɗon ɗon ɗon ɗon ɗon ɗon ɗon ɗon ɗon ɗon ɗon,Dog chasing birds
396360611_941e5849a3.jpg,Goɗɗo ɗon dari dow ndiyam nder leɗɗe bee lesdi dow kooseeje nder dow.,Lake
397547349_1fd14b95af.jpg,neɗɗo ɗon yaha bee dogeji ɗiɗo dow lambi,A man walking two dogs on a sidewalk.
401079494_562454c4d6.jpg,Kuje ɗiɗi ɓaleeɓe ɗon haɓɓa.,poodle
410422753_de506155fa.jpg,Dogol ɗon ɗon ɗon ɗon ɗon ɗon ɗon ɗon ɗon ɗon ɗon ɗon ɗon ɗon ɗon ɗon ɗon ɗon ɗon ɗon ɗon ɗon ɗon ɗon ɗon ɗon ɗon ɗon ɗon ɗon ɗon ɗon ɗon ɗon ɗon ɗon,Dog
412056525_191724b058.jpg,Sukaaɓe Asiyanko'en ɗon nyaama bee maɓɓe.,Chinese children eating
416106657_cab2a107a5.jpg,Dogge bi'i ɗon ɗon ɗon ɗon ɗon ɗon ɗon ɗon ɗon ɗon ɗon ɗon ɗon ɗon ɗon ɗon ɗon ɗon ɗon ɗon ɗon ɗon ɗon ɗon ɗon ɗon ɗon ɗon ɗon ɗon ɗon ɗon ɗon,Dog
418796494_bdb441de42.jpg,Ɓiɗɗo ɓiyiiko ɗon ƴeewa dow sariila bee leɗɗe ɓaleere.,dachshund
421153376_d1d325568f.jpg,Mbira laamɗo e leel ngel ina ƴuuri nder ndiyam,Dog
423066487_07757b2b49.jpg,Goɗɗo nder ɓaleere ɗon dari yeeso leggal leggal leggal leggal leggal leggal leggal leggal leggal leggal leggal leggal leggal leggal le,Gyros
424416723_19c56cb365.jpg,dogol marɗo ɗon ƴiwoyi daga lesdi nder lekki,Dog jumping
425706089_f138118e12.jpg,Yimɓe ɗiɗo ɗon ndarii yeeso suudu nyaamdu.,Two men standing in front of a diner
426065353_e9a604a01f.jpg,Yimɓe tato ɗon fotta sukaaɓe ɗiɗo nder bar bee telefonnum.,Bar
427082246_5bf1c3676f.jpg,Goɗɗo huutoraade ɓorɗe jaale ɗon jogii e poodle maako ɓaleejo.,Dog
430964917_022995afb6.jpg,Yimɓe ɗon ɗon ɗon ɗon ɗon ɗon ɗon ɗon ɗon ɗon ɗon ɗon ɗon ɗon ɗon ɗon ɗon ɗon ɗon ɗon ɗon ɗon ɗon ɗon ɗon ɗon ɗon ɗon ɗon ɗon ɗon ɗon ɗon ɗon ɗon ɗon,Bicycle
431018958_84b2beebff.jpg,Debbo ɗon ɗon ɗon ɗon ɗon ɗon ɗon ɗon ɗon ɗon ɗon ɗon ɗon ɗon ɗon ɗon ɗon ɗon ɗon ɗon ɗon ɗon ɗon ɗon ɗon ɗon ɗon ɗon ɗon ɗon ɗon ɗon ɗon ɗon ɗon ɗon,Girl in a boat
436009777_440c7679a1.jpg,Yimɓe ɗiɗo ɗon jooɗi dow leggal mawngal ɓadake gariiri.,Two people sitting on a rock in a park
437527058_189f2a7eef.jpg,Yimɓe ɗon ɗon ɗon ɗon ɗon ɗon ɗon ɗon ɗon ɗon ɗon ɗon ɗon ɗon ɗon ɗon ɗon ɗon ɗon ɗon ɗon ɗon ɗon ɗon ɗon ɗon ɗon ɗon ɗon ɗon ɗon ɗon ɗon ɗon ɗon ɗon,Snowmobile
444481722_690d0cadcf.jpg,Yimɓe ɗiɗo ɗon ɗon ɗon ɗon ɗon ɗon ɗon ɗon ɗon ɗon ɗon ɗon ɗon ɗon ɗon ɗon ɗon ɗon ɗon ɗon ɗon ɗon ɗon ɗon ɗon ɗon ɗon ɗon ɗon ɗon ɗon ɗon ɗon ɗon,two people walking on the street
444803340_fdcaab86f9.jpg,gorko e debbo ɗon ɗon ɗon ɗon ɗon ɗon metana.,couple
445655284_c29e6d7323.jpg,Dogge ɓaleejo ɗon ɗon ɗon ɗon ɗon ɗon ɗon ɗon ɗon ɗon ɗon ɗon ɗon ɗon ɗon ɗon ɗon ɗon ɗon ɗon ɗon ɗon ɗon ɗon ɗon ɗon ɗon ɗon ɗon ɗon ɗon ɗon ɗon,Dog running in the snow
454709143_9c513f095c.jpg,"Gorko ɗon dari dow laawol, ɗon mardi bolle kaardi.",Homeless man
457631171_12b1aee828.jpg,Goɗɗo ɗon dari haade e goɗɗum ɓurɗum ɓoggi.,Mushroom Rock
459814265_d48ba48978.jpg,Dogge mo'o ɗon jogii nder gese bee leɗɗe e njaru.,Bearded collie
463875230_f19e83d6df.jpg,Debbo ɗon ɗon ɗon ɗon ɗon ɗon ɗon ɗon ɗon ɗon ɗon ɗon ɗon ɗon ɗon ɗon ɗon ɗon ɗon ɗon ɗon ɗon ɗon ɗon ɗon ɗon ɗon ɗon ɗon ɗon ɗon ɗon ɗon ɗon ɗon ɗon,swing
466176275_f40d37851e.jpg,"Kuje ɗiɗi, pudeel ɓerɗe e dow, ɗon njula dow leɗɗe.",Dog
467960888_6943257534.jpg,Dogge ɓaleejo ɗon ɗon ɗon ɗon ɗon ɗon ɗon ɗon ɗon ɗon ɗon ɗon ɗon ɗon ɗon ɗon ɗon ɗon ɗon ɗon ɗon ɗon ɗon ɗon ɗon ɗon ɗon ɗon ɗon ɗon ɗon ɗon ɗon,Dog on the beach
468310111_d9396abcbd.jpg,Dogge ɓaleere e ɓaleere ɗon ɗon ɗon ɗon ɗon ɗon ɗon ɗon ɗon ɗon ɗon ɗon ɗon ɗon ɗon ɗon ɗon ɗon ɗon ɗon ɗon ɗon ɗon ɗon ɗon ɗon ɗon ɗon ɗon,Herding cattle
468930779_8008d90e10.jpg,Dogol ɗon njogii bee ndokka nder hunduko maako.,Dog
469969326_4b84073286.jpg,Debbo ɗon jooɗi dow hayre haa ndiyam.,Girl sitting on a rock by the sea
482353373_03a9d5e8bc.jpg,Yimɓe ɗiɗo ɗon mbi'i go'mo to nokkuure poolgu.,couple
483841513_e660391880.jpg,Debbo ɗon ɗon ɗon ɗon ɗon ɗon ɗon ɗon ɗon ɗon ɗon ɗon ɗon ɗon ɗon ɗon ɗon ɗon ɗon ɗon ɗon ɗon ɗon ɗon ɗon ɗon ɗon ɗon ɗon ɗon ɗon ɗon ɗon ɗon ɗon ɗon,Girl doing a handstand on a trampoline
485566887_57eac33bd1.jpg,Kudi ɗiɗi ɗon njogii nder leɗɗe.,Two dogs playing in a field
485921585_1974b1577a.jpg,Yimɓe dow dow dow dow dow dow dow dow dow dow dow dow dow dow dow dow dow dow dow dow dow dow dow dow dow dow dow dow dow dow dow dow dow dow dow dow,Bicycle
486720042_b785e7f88c.jpg,Dogge mo ɓe ndaari nder nder fannu baseball bee dogge feere.,Two dogs playing
488196964_49159f11fd.jpg,Dogol ɗon ɗon ɗon ɗon ɗon ɗon ɗon ɗon ɗon ɗon ɗon ɗon ɗon ɗon ɗon ɗon ɗon ɗon ɗon ɗon ɗon ɗon ɗon ɗon ɗon ɗon ɗon ɗon ɗon ɗon ɗon ɗon ɗon ɗon ɗon ɗon,Dog playing in the water
488356951_b3b77ad832.jpg,"Yimɓe tati, gooto nder maɓɓe e ɓorniiɗo ɓorniiɗo e laaɓu, ɗon njooɗi bee maɓɓe.",Bus
488408004_a1e26d4886.jpg,"Ɓiɗɗo on ɗon yaha e ɓorniiɗo jakka ɓaleejo, ɓorniiɗo ɓaleejo e ɓorniiɗo ɓaleejo.",boy
502783522_3656f27014.jpg,Dogge ɓaleejo ɗon ɗon ɗon ɗon ɗon ɗon ɗon ɗon ɗon ɗon ɗon ɗon ɗon ɗon ɗon ɗon ɗon ɗon ɗon ɗon ɗon ɗon ɗon ɗon ɗon ɗon ɗon ɗon ɗon ɗon ɗon ɗon ɗon,Dog
503717911_fc43cb3cf9.jpg,Dogge je ɗon je ɗon je ɗon je ɗon je ɗon je ɗon je ɗon je ɗon je ɗon je ɗon je ɗon je ɗon je ɗon je ɗon je ɗon je ɗon je ɗon je ɗon,Dog catching frisbee
506478284_7cf8bdbe36.jpg,"Lelaajo e gorko mo ɓooyɗo e debbo mo ɓe ɓornii e nder ɓalli, ɓe ɗon ndokka fotooji.",Prom
506882688_b37d549593.jpg,Yimɓe ɗon ɗon ɗon ɗon ɗon ɗon ɗon ɗon ɗon ɗon ɗon ɗon ɗon ɗon ɗon ɗon ɗon ɗon ɗon ɗon ɗon ɗon ɗon ɗon ɗon ɗon ɗon ɗon ɗon ɗon ɗon ɗon ɗon ɗon ɗon ɗon,Fountain
510791586_3913ade6a7.jpg,Debbo ɗon ɗon ɗon ɗon ɗon ɗon ɗon ɗon ɗon ɗon ɗon ɗon ɗon ɗon ɗon ɗon ɗon ɗon ɗon ɗon ɗon ɗon ɗon ɗon ɗon ɗon ɗon ɗon ɗon ɗon ɗon ɗon ɗon ɗon ɗon ɗon,Swimming
512991147_dc48e6839c.jpg,Yimɓe ɗon njokka dow ndiyam mawɗo nder gariiri.,Water
513116697_ad0f4dc800.jpg,Gooto dow dow dow dow dow dow dow dow dow dow dow dow dow dow dow dow dow dow dow dow dow dow dow dow dow dow dow dow dow dow dow dow dow dow dow dow,Snowboarder
514222303_cb98584536.jpg,Debbo nder koobo naange nduu ɗon ɓadake dow limce.,Slacklining
516214924_c2a4364cb3.jpg,Dogol woodi ballol orange nder hunduko maako.,Dog
516998046_1175674fcd.jpg,Dogol ɗon ɗon ɗon ɗon ɗon ɗon ɗon ɗon ɗon ɗon ɗon ɗon ɗon ɗon ɗon ɗon ɗon ɗon ɗon ɗon ɗon ɗon ɗon ɗon ɗon ɗon ɗon ɗon ɗon ɗon ɗon ɗon ɗon ɗon ɗon ɗon,Dog running in the water
518610439_b64ab21c02.jpg,Debbo ɗon ɗon ɗon ɗon ɗon ɗon ɗon ɗon ɗon ɗon ɗon ɗon ɗon ɗon ɗon ɗon ɗon ɗon ɗon ɗon ɗon ɗon ɗon ɗon ɗon ɗon ɗon ɗon ɗon ɗon ɗon ɗon ɗon ɗon ɗon ɗon,Girl doing a handstand on the beach
522063319_33827f1627.jpg,Sukaaɓe ɗiɗo ɓornitiiɓe bana pirateeɓe.,two boys dressed as pirates
523991446_65dbc5a4a5.jpg,debbo mawɗo ɗon moola.,Girl dancing
524282699_71e678a6bd.jpg,Dogge ɓaleejo e dogge ɓaleejo ɗon ndilli to woore dow maayo.,Dogs playing in the water
526661994_21838fc72c.jpg,Dogol ɗon ɗon ɗon ɗon ɗon ɗon ɗon ɗon ɗon ɗon ɗon ɗon ɗon ɗon ɗon ɗon ɗon ɗon ɗon ɗon ɗon ɗon ɗon ɗon ɗon ɗon ɗon ɗon ɗon ɗon ɗon ɗon ɗon ɗon ɗon ɗon,Dog
527272653_8a5bd818e5.jpg,Ɓiɓɓe tati nder ndiyam nder ndiyam.,Swimming
527968666_1fcddf81ab.jpg,Dogol ɓaleejo dow leel ngel ɗon yaha nder ndiyam,Dog
528500099_7be78a0ca5.jpg,Debbo on ɗon ɓornii ɓorɗe ɓaleeje e ɗon darii nder asama ɓaleeje.,Woman in blue overalls
531261613_f1a045cd75.jpg,Yimɓe goɗɗi ɗon njaha dow koode nder leɗɗe.,Horseback riders
533713007_bf9f3e25b4.jpg,Sukaajo ɗon jooɗi to nyaamoore e njarugo nder koobol maare.,Picnic
534056823_0752303702.jpg,Debbo nder ɓalli ɓalli ɓalli ɓalli ɓalli ɓalli ɓalli ɓalli ɓalli ɓalli ɓalli ɓalli ɓalli ɓalli ɓalli ɓalli ɓalli ɓ,The sculpture of the giant under the bridge
539493431_744eb1abaa.jpg,Goɗɗo mo ɗon ɗon ɗon ɗon ɗon ɗon ɗon ɗon ɗon ɗon ɗon ɗon ɗon ɗon ɗon ɗon ɗon ɗon ɗon ɗon ɗon ɗon ɗon ɗon ɗon ɗon ɗon ɗon ɗon ɗon ɗon ɗon ɗon ɗon ɗon,Fire juggler
539667015_fd0a3bea07.jpg,Debbo ɗon waɗa ko o waɗi nder yaasi yeeso leɗɗe.,Cheerleader
539801139_7258ee437f.jpg,Ɓiɗɗo sukaajo ɗon nyawdi nder ndiyam nder sahaa ɗon ɗon ɗon ɗon ɗon ɗon ɗon ɗon ɗon ɗon ɗon ɗon ɗon ɗon ɗon ɗon ɗon ɗon ɗon ɗon ɗon ɗon ɗon,Father and son playing in the rain
540873795_ae62ae6f60.jpg,Goɗɗo huutanɗo limce daneeje ɗon jooɗii dow laami.,man
56494233_1824005879.jpg,Goɗɗo e ɓaleere ɗon dari dow hooseere caka caka caka maaro.,Mountaineer on a glacier
566794036_60f7acdf35.jpg,Goɗɗo nder ɓalli ɓalli ɓalli ɓalli ɓalli ɓalli ɓalli ɓalli ɓalli ɓalli ɓalli ɓalli ɓalli ɓalli ɓalli ɓalli ɓalli ɓ,Basketball player
566921157_07c18a41e2.jpg,Kudi ɗiɗi ɗon ɗon ɗon ɗon ɗon ɗon ɗon ɗon ɗon ɗon ɗon ɗon ɗon ɗon ɗon ɗon ɗon ɗon ɗon ɗon ɗon ɗon ɗon ɗon ɗon ɗon ɗon ɗon ɗon ɗon ɗon ɗon ɗon ɗon ɗon,Dogs
572618443_647483ca82.jpg,Sukaaɓe ɗiɗo ɓe ngaɗi nder ndiyam.,Water
574274795_57e0834e7d.jpg,Dogol ɗon ɗon ɗon ɗon ɗon ɗon ɗon ɗon ɗon ɗon ɗon ɗon ɗon ɗon ɗon ɗon ɗon ɗon ɗon ɗon ɗon ɗon ɗon ɗon ɗon ɗon ɗon ɗon ɗon ɗon ɗon ɗon ɗon ɗon ɗon ɗon,Turkey in the fog
58357057_dea882479e.jpg,neɗɗo ɗon dari dow hooseere.,Hiking
587604325_af5d6df679.jpg,Kuje ɗiɗi ɗe ɗon njula.,Two standard poodles playing
619169586_0a13ee7c21.jpg,Debbo ɗon ɗon ɗon ɗon ɗon ɗon ɗon ɗon ɗon ɗon ɗon ɗon ɗon ɗon ɗon ɗon ɗon ɗon ɗon ɗon ɗon ɗon ɗon ɗon ɗon ɗon ɗon ɗon ɗon ɗon ɗon ɗon ɗon ɗon ɗon ɗon,me on top of a mountain
640203018_c0e7175831.jpg,Goɗɗo mo ɗon ɗon ɗon ɗon ɗon ɗon ɗon ɗon ɗon ɗon ɗon ɗon ɗon ɗon ɗon ɗon ɗon ɗon ɗon ɗon ɗon ɗon ɗon ɗon ɗon ɗon ɗon ɗon ɗon ɗon ɗon ɗon ɗon ɗon ɗon,Crowd of people at a street fair
642987597_03b21a1437.jpg,Debbo nder leggal.,girl in a tree
670609997_5c7fdb3f0b.jpg,doggo ɓaleere e ɓaleere huɗo nder yaasi ngam hoɗugo Frisbee,Dog
689776124_07f560a920.jpg,Dogge ɓaleejo ɗon ɗon ɗon ɗon ɗon ɗon ɗon ɗon ɗon ɗon ɗon ɗon ɗon ɗon ɗon ɗon ɗon ɗon ɗon ɗon ɗon ɗon ɗon ɗon ɗon ɗon ɗon ɗon ɗon ɗon ɗon ɗon ɗon,Dog
698107542_3aa0ba78b4.jpg,Sukaaɓe ɗiɗo ɓe njogii nder wuro ɓaleel.,bouncy castle
743571049_68080e8751.jpg,Ɓiɗɗo mo o ɗon ɓooyta ɓanndu nder yaasi.,Sparklers
753285176_f21a2b984d.jpg,Ɓiɗɗo e gorko jogii juuɗe maɓɓe ngam ɓe njotti dow dow dow dow dow dow dow.,children
760180310_3c6bd4fd1f.jpg,Mbira mawɗo ɗon ɗaɓɓita ɓikkoy mawɗo bee ɓanndu nder hunduko maako.,Baby and dog
835415474_7b7f2a9768.jpg,Ɓiɗɗo ɓii-ɓii ɗon ɓooydi dow ɓernde mawɗo.,Father and son
860928274_744d14f198.jpg,Ɓiɗɗo mo ɗon maaroo e nder nder kuugal ɓaleel e njaru.,boy
861608773_bdafd5c996.jpg,Mbirale ɓaleejo ɗon ɗon hoola bee saffugo nder gariiri nder gariiri.,Dog running
93922153_8d831f7f01.jpg,Debbo ɗon ɗon ɗon ɗon ɗon ɗon ɗon ɗon ɗon ɗon ɗon ɗon ɗon ɗon ɗon ɗon ɗon ɗon ɗon ɗon ɗon ɗon ɗon ɗon ɗon ɗon ɗon ɗon ɗon ɗon ɗon ɗon ɗon ɗon ɗon ɗon,Climbing
940973925_a2e6d7951c.jpg,Sukaaɓe tati ɗon njogii dow walluki bee ballol ngol ɓalli.,Children playing with a ball
94232465_a135df2711.jpg,Debbo on ɗon ɗon ɗon ɗon ɗon ɗon ɗon ɗon ɗon ɗon ɗon ɗon ɗon ɗon ɗon ɗon ɗon ɗon ɗon ɗon ɗon ɗon ɗon ɗon ɗon ɗon ɗon ɗon ɗon ɗon ɗon ɗon ɗon ɗon ɗon,Ice skating
95783195_e1ba3f57ca.jpg,Debbo ɗon ɗon yaha dow koore nden e dow koore hakkunde hooseeje.,Man crossing a bridge in the mountains
96973080_783e375945.jpg,Dogol ɗon ɗon ɗon ɗon ɗon ɗon ɗon ɗon ɗon ɗon ɗon ɗon ɗon ɗon ɗon ɗon ɗon ɗon ɗon ɗon ɗon ɗon ɗon ɗon ɗon ɗon ɗon ɗon ɗon ɗon ɗon ɗon ɗon ɗon ɗon ɗon,Dog running in the snow
97105139_fae46fe8ef.jpg,Yimɓe ɗiɗo nder ɓorɗe Arabji aada ɗon ɗon ɗon dari haade gariiri nder gariiri nder ladde.,Car stuck in the desert
979383193_0a542a059d.jpg,Sukaaɓe joweego e dow dow dow dow dow dow dow dow dow dow dow dow dow dow.,children
997722733_0cb5439472.jpg,Gooto mo ƴeewa dow leɗɗe nder kaaliwal ndun.,Climbing
1048710776_bb5b0a5c7c.jpg,Wani rukunin mutane suna zaune a kan ganuwa a bakin teku .,Beach
1088767354_2acee738cf.jpg,Wata mata da ta sanye da tufafin rufe tana duba wasu mutane biyu da suke tsaye a kan titi .,Street performers
1094462889_f9966dafa6.jpg,Karen da ke da kashi mai kauri yana waje a cikin ƙanƙara .,Dog
109823394_83fcb735e1.jpg,Mutane uku a ATV a waje .,Quad
1222322358_225067636e.jpg,Yaro yana wasa a kan ɗan ɗan ɗan ɗan,boy on a swing
1225443522_1633e7121f.jpg,Wata mata tana tafiya a kan tafiyar birni da dare .,Woman walking down a street at night
1227655020_b11a1bb112.jpg,Karnuka biyu suna wasa a ciyawa mai tsawo .,2 dogs playing
1235580648_7eebaed9bc.jpg,Maza da aka ƙi suna aikin hoton .,Two men wearing hats
123997871_6a9ca987b1.jpg,Mata da yawa da suke wasan lacrosse suna biɗan ƙwallo .,Lacrosse
1308617539_54e1a3dfbe.jpg,Yaron ya gudu zuwa teku .,Surfer
1311132744_5ffd03f831.jpg,Karnuka baƙi da ke da launi mai jinkiri yana gudu a cikin ciyawa .,Dog
1387443857_602ab6f9bf.jpg,Tsofaffi yana zaune .,Fishermen watching the boats come in
1406010299_5755339f08.jpg,"Yaro da ke da ido da kuma ƙafar kansu , jirgin ruwa a ƙarƙashin .",Pirate
141140165_9002a04f19.jpg,Wani yaro ya nuna fuskar wani ƙaramin yaro a filin wasan baseball .,Baseball
1430154945_71bbaa094a.jpg,Wata uwa tana taimaka wa ɗanta ya ci abincinsa ta wajen ciyar da shi da hannu.,Mother and son eating
1433088025_bce2cb69f8.jpg,Wani mutum mai ƙarfi da ya saka kayan huren .,Capoeira
143684568_3c59299bae.jpg,Wani mutum yana tsaye a kan dutse mai dutse da ke duba ƙasa .,Climbers on the edge of a cliff
1445754124_647168f211.jpg,Karnuka mai fari ya hau itace mai ƙarfe .,Dog
1449625950_fc9a8d02d9.jpg,Karnuka biyu suna wasa tare a ciyawa .,Two dogs playing in the grass
1468962616_5803b4397f.jpg,Wani yaro a cikin ruwan daji ya yi amfani da makami mai tsawo .,Swimming
1473250020_dc829a090f.jpg,Wani mutum wanda yake sanye da ƙanƙara da sakata kawai yana tsaye a kan duwatsu da ruwa a ƙarƙashinsa.,Hiking
1478294229_7e1c822fea.jpg,Ka rufe ƙafafun mutum a kan keke .,Bicycle
1509786421_f03158adfc.jpg,Yaro yana nuna wani abu sa'ad da mutum yake duba .,boy pointing
1542033433_5453d4c466.jpg,Wata mace da ta saka ƙafar fari tana tsaye sa'ad da mota take wucewa .,Woman waiting for a bus
154871781_ae77696b77.jpg,Yara biyu suna ƙwanƙwasa ƙwallo a cikin gona .,Two people playing football in a park
1561658940_a947f2446a.jpg,Wata yarinya a kan swing.,Girl on a swing
1569562856_eedb5a0a1f.jpg,Wani mutumin da ya saka baƙar jaki yana da makafun fari a kunnuwansa .,Man looking at a map
1597319381_1e80d9e39c.jpg,Wani ɗan wasa a ƙungiyar fari da bulu yana ƙusurwar ƙwallon ƙwallo ga abokin ƙungiyarsa yayin da wasan da ke cikin ƙungiyar faruwa suke kallon .,Soccer
161905204_247c6ca6de.jpg,Mata tana tafiya a kan hanya mai ɗan ƙarfe .,Girl skating on a road
166321294_4a5e68535f.jpg,Wannan mutumin yana kan doki mai cike da baƙin ciki .,Isle of Man TT
1685990174_09c4fb7df8.jpg,Yara suna gudu a fili .,children playing
172097783_292c5413d8.jpg,Wani matashi ya yafa tufafin ruwan baƙi da kuma jaki mai jinkiri da ke ɗauke da ruwa a cikin ruwan baƙin ruwa .,Wakeboarding
1818403842_553a2a392c.jpg,Karnuka biyu baƙar fata suna tsallake cikin ruwan daji .,Swimming
1827560917_c8d3c5627f.jpg,Karnuka da ke da ɗan wasa a bakinsa kamar .,Dog
1984936420_3f3102132b.jpg,Yaro yana kama kifi daga kogi yayin da yarinya take taimako .,Kids playing in a stream
1999444757_1b92efb590.jpg,Wata mata tana nuna takobinta,Karate
2045562030_654ddea5e5.jpg,Wasu matasa suna magana kusa da ganuwar siment .,Scene
2059616165_b7c99c1009.jpg,Karnuka baƙi suna kwance a kan ciyawa,Dog
2061944672_0383e65c8a.jpg,An tattara manya da yara kusa da tsarin zaune a waje .,Family
2068403258_2669cf9763.jpg,Yara suna tsallake daga gada zuwa cikin ruwa .,Boys playing in the river
2073105823_6dacade004.jpg,Wani mutum yana tafiya a kan ƙasa mai tsawo kusa da wasu matakala .,Skateboarder
2088532947_c628e44c4a.jpg,Mata biyun sun kwana a kan ciyawa tare .,two girls playing
2095444126_201ff9f222.jpg,Karnuka suna ɗaukan ruwa,Dog
2115620856_4fa5025ac6.jpg,Birni da dutse mai cike da gurɓata a baya .,Downtown of a small town in the mountains
2120571547_05cd56de85.jpg,Wata mata ta saka ƙafafunta a kan kujera a cikin mota ta jirgin ƙasa .,Subway
2130851544_d36f4f2ea6.jpg,Yaro yana riƙe da ƙwaƙwalwa yana kāre shi makami ne .,boy eating ice
2150564996_d173a506d7.jpg,Wani yaro da ya saka fari a fili,boy running down a hill
2171154778_8189169336.jpg,Yaro yana buga da ƙwayoyi a ɗakin layi .,boy playing with toy
2171576939_d1e72daab2.jpg,Yaron yana sanye da tufafi masu ɗumi a waje a lokacin sanyi .,Snow
2183967273_d182e18cf6.jpg,Ƙaramin karnuka yana kwance a kan dabbobi da aka cika a gaban talabijin,Dog watching television
2189181027_a445b13438.jpg,Karnuka baƙi suna gudu a bakin tekun da ke da yawan ruwa yayin da kakata biyu suke ruwa kusa .,Dog chasing geese
2195419145_36722e8d54.jpg,Wani mutum da wani ɗan sanda suna murmushi ga mai hoton .,Caption:
2198964806_c57b0534d3.jpg,Karnuka mai ƙarfe mai ƙarfe mai ɗauke da sanda a bakinsa .,boxer
2200901777_f6c168bd32.jpg,Wata yarinya da ta yi sanye da ƙanƙara mai cike da baƙin ciki .,girl
2209888959_d636b1be0b.jpg,Ƙaramin yarinya tana riƙe da sanda na katako .,Girl with a stick
2211593099_4a4f1c85d2.jpg,Wani rukunin yara suna aikin hoton .,Boys in a refugee camp in Afghanistan
2220175999_081aa9cce8.jpg,Karnuka biyu suna tafiya a cikin ruwa .,Dogs in the water
2238019823_79318d1f11.jpg,Mai yin teku a bakin gada a cikin yanayi mai ƙura,Surfer in front of the Golden Gate Bridge
2245914678_1f82fc3d80.jpg,Wata mata mai gashin gashi mai tsawo da kuma tufafi masu launi tana magana a waya .,Red haired woman with a cell phone
2246717855_c0c08fe5d2.jpg,Mutane uku a wani tashar mota a Asiya suna mai da hankali ga cellphones .,Japanese people
2248487956_2603f55ab9.jpg,Matar da ta yi sanye da tufafi marar rufi tana sanye da ƙanƙara kuma tana duba wani yaro da ya saka tufafin bulu .,woman and boy
2252123185_487f21e336.jpg,Wasan da mutane suke yawan zama yana cike da mutane suna kallon wani aukuwa .,Crowd
2261346505_302c67951d.jpg,Wani rukunin mutane da ke da inuwa mai tsabta suna tsaye a kan titi .,A group of young people in the rain
226531363_33ac01d931.jpg,"Karnuka suna gudu a cikin ƙanƙara , ganuwa a ƙarƙashin .",Dog running in snow
2279496715_8ef3ee6edb.jpg,Wani yaro yana hawa a cikin karusa sa'ad da yarinya take riƙe da na'urar .,wheelbarrow
2288315705_5f4c37d932.jpg,Karnuka mai fari mai fari yana gudu a bakin teku mai duwatsu .,Dog
2297744130_f571f3a239.jpg,Yaro mai sanye da jaki mai huren yana tsallake daga dutse .,Boy in a yellow jacket
2298097636_c5de0079de.jpg,Karnuka biyu suna gudu a kan ciyawa .,Dogs playing
2299859649_07ca44a222.jpg,Wani yaro mai sanye da ƙafar sanyi mai jinkiri yana cin abinci kuma yana riƙe da ƙanƙara .,boy in red jacket holding a small fish
2301867590_98c0ecb0cb.jpg,Yara biyu suna yin mala'iku na ƙanƙara .,Angels
2311690895_0d6efe11c8.jpg,Karnuka suna ɗanɗana wa wani laifi.,dog
2319175397_3e586cfaf8.jpg,Karnuka biyu masu fari suna buga a cikin ƙanƙara .,Two dogs playing in the snow
2328616978_fb21be2b87.jpg,Wata mata da ke da kafiya kuma tana riƙe da ƙanƙara tana duba wasu maza a kan benci .,Woman with a cart
2332986053_864db84971.jpg,Wani mutum da ke da kifi mai bulu da kuma ƙafar ɗan ƙarfe .,Climber
233361142_d9d5f0cae9.jpg,Karnuka baƙar fata da baƙar ƙarfe suna kallon wani abu a nisa,Dog
2358447641_10f1e9d21f.jpg,Wata yarinya da ta yi sanye da ƙafar ƙanƙara tana tafiya a bayarta a kan ƙanƙara .,Ice skating
2373234213_4ebe9c4ee5.jpg,Wani yaro ya tsallake bisa wani yaro a kan ƙarfe .,Boys on a trampoline
2374179071_af22170d62.jpg,Wani mutum yana kifi a teku da dare .,Fishing
2384626662_67cdd87694.jpg,Yara biyu a kan tekun .,children playing on the beach
2385744837_8780f6731a.jpg,Ƙaramin yaro da ya saka jaki marar rufi yana tafiya a cikin ƙanƙara .,boy in red jacket
2394824046_51cec8e5e7.jpg,Monk yana addu'a a gaban siffar Buddha .,Buddhist monk praying in front of a Buddha statue
2403376030_903521c371.jpg,Wata mata da ta saka ƙafar baƙi tana tafiya da babbar karnuka .,Dog training
2409597310_958f5d8aff.jpg,Yara biyu ƙanana suna hawa cikin jirgin mota mai ɗan ɗan,two boys in a wagon
241109594_3cb90fe2a3.jpg,Karnuka baƙi da fari suna ruwan ruwa da sanda a bakinsa .,Dog
241345522_c3c266a02a.jpg,Wani ɗan ƙwallo na UW yana gudu da ƙwallon .,Football
241345844_69e1c22464.jpg,Wani mai ƙwallo yana magana da kocinsa .,Football
2417341107_97dbab9c5e.jpg,Wani yaro yana tsaye a kan tekun .,Handstand on the beach
2417745327_a2c2705043.jpg,Karnuka mai kauri yana gudu a cikin ruwa a teku .,Dog running in the water
2428275562_4bde2bc5ea.jpg,Karnuka baƙi da fari suna ƙasa a kan tudun yashi .,Dog running down a sand dune
244443352_d7636e1253.jpg,Karnuka mai kauri da ke sanye da ƙafar rufi mai tsanani yana nitsewa cikin ƙanƙara .,Dog rolling in snow
2444821454_22a346c996.jpg,Wani karen baƙar fata da baƙar fari yana tsallake a ciyawa bayan Frisbee .,Dog playing with a frisbee
2445654384_4ee3e486e1.jpg,Wani mutum da ya saka lu'ulu'u yana riƙe da yaro a kan silindi,Playground
2453971388_76616b6a82.jpg,Mata biyu suna gudu a cikin ruwan da ruwa yake sa su .,Water
2460126267_0deea8b645.jpg,Wani yaro mai sanye da riga mai ɗan ƙarfe ya tsaya kusa da ƙwallo mai launi .,Soccer
247617754_4b1137de8c.jpg,Wata mata da take da yashi ta duba cell phone ta sa'ad da take zaune a kan ɗan ganuwa .,girl sitting on a bench and using a mobile phone
247704641_d883902277.jpg,Karnuka suna tafiya a kan itace a wani ƙaramin kogi .,Dog on a log over a river
2480850054_de3433b54a.jpg,Wani yaro mai ƙazanta yana gudu a cikin turɓaya .,Running
2495931537_9b8d4474b6.jpg,Karnuka mai kauri yana ɗanɗana karen fari da ke kwance a ƙasa .,Dog and cat
2502856739_490db7a657.jpg,Akwai karnuka uku da suke gudu a ciyawa da itatuwa a bayansu .,Dogs playing
2504764590_cf017c2a6e.jpg,"Wani mutum yana jefa babbar sanda cikin ruwa, sai karnukansa biyu su tafi su ɗauke shi.",Man throwing a stick for his dogs
2517284816_9b8fd3c6b6.jpg,Taro na yara .,Dance
2521878609_146143708e.jpg,Wani yaro ya ci noodles tare da manyan kayan aiki.,boy eating spaghetti
2522230304_1581d52961.jpg,Wani mutum ya hau dutse .,Climbing
2522297487_57edf117f7.jpg,Wata mata tana riƙe da jariri sa'ad da yaro yake zaune kusa da ita yana murmushi .,Grandmother with her grandchildren
2524003134_580e74328b.jpg,Karnuka suna cikin ruwa.,Dog
2524084967_a5e011b73d.jpg,Wani namiji yana yin ƙarya na keke a cikin sama .,Bicycle
252504549_135b0db5a3.jpg,Karnuka a bakin teku yana da ƙwallo a bakinsa .,Dog
2528521798_fb689eba8d.jpg,Wani mota mai fari ya yi tafiya a cikin ƙanƙara a kan hanyar da ke da ƙasa,Rally car
2544426580_317b1f1f73.jpg,Yaro yana buga da jirgin mota .,Baby
2562483332_eb791a3ce5.jpg,Yara biyu suna buga a kan kayan wasa .,Climbing frame
2564663851_3a9832e4fc.jpg,Yaro yana wasa a waje a cikin ruwa yana ɗauke daga ruwan marar ruwa .,Boy playing in a fountain
2574194729_1f099647ee.jpg,Karnuka mai fari yana gudu zuwa hanya tsakanin itace .,Dog
2594902417_f65d8866a8.jpg,"Karnuka biyu masu launi na tan suna cikin gona, ɗaya kuma yana tsallake cikin sama .",Two dogs playing
2596475173_58f11fc583.jpg,Karnuka mai tan da karnuka baƙi suna cinye juna a fuskarsu .,Dogs fighting
2600170955_bf30c5d5c0.jpg,Yara biyu suna wasa da karusa a wurin da ake saka kaya .,Shopping
2602415701_7674eb19e4.jpg,Yara biyar da suke da ƙafafunsu kawai suna tsallake cikin ruwan kogin,Kids jumping into a pool
2607130765_97833d6ce1.jpg,Yara ƙanana suna ƙwallo,Soccer
2623247254_3bfc795121.jpg,Wani mutum yana magana kuma yana yin wani abu da hannunsa yayin da wasu suke zaune kusa da shi .,man
2629294578_853a08bb43.jpg,"Akwai karnuka mai tan a tsakiyar gona , yana kawo ƙwallon teni .",Deer playing with a ball
2642688531_8fb68b2147.jpg,Wani yaro yana buga a cikin ɗaki mai huren zuba a filin wasa .,Playground
2655647656_ee450446ed.jpg,Wani yaro ya nitse a kan ɗan ɗan ruwa .,boy jumping over an obstacle
2656890977_7a9f0e4138.jpg,"Ƙaramin yaro, yana sanye da ƙanƙara kuma ba shi da tsayi, yana gudu a waje .",boy
2657663775_bc98bf67ac.jpg,Matar tana sanye da ƙafar rufi mai furfura kuma tana gudu a kan tekun .,girl jumping on the beach
267015208_d80b3eb94d.jpg,Mutane da ke cikin ƙafa suna sha'awar mota mai cike da gurɓata da kuma wasu mota da aka yi a dā .,The Municipal Corporation building in Mumbai
2676648667_cb055b4fc6.jpg,Wata mata tana zaune a cikin kujera mai bulu a waje da gidan ƙarfe .,Man sitting in a chair
2677614492_792023b928.jpg,Karnuka mai kauri da fari yana tsallake bisa ƙarfe mai hurene da kuma jinkiri .,Dog
2696636252_91ef1491ea.jpg,Wani mai tafiyar da ƙasa yana ɗaukan ƙafa guda.,Skateboarder
2697909987_128f11d1b7.jpg,"Wani mutumin da ya saka tsayi da ke cewa "" Gigolo "" yana tsaye a kan teburin gaba da baya ga kwamfuta .",Receptionist
2698119128_62b4741043.jpg,Yarinya da ta saka tufafin ƙanƙara tana ruwa a cikin ruwan daji .,Swimming
2699125097_c6801d80ed.jpg,"Wani mutumin da ba shi da akwatin ciki da Mohawk , gẽfe da lu'ulu'u .",Man with a mohawk and a beard
2705793985_007cc703fb.jpg,Karnuka baƙi da fari da ke da na'urar bulu suna gudu a cikin ciyawa .,Dog
270864951_1737ae5479.jpg,Matar tana sanye da kafiya baƙi da tuta na Amirka a kanta .,woman
2713897716_c8cd610360.jpg,Karnuka baƙar fata da baƙar fata suna buga da ƙwallon ƙwallo da aka ɓata a filin .,Dog
2715035273_8fc8b1291c.jpg,Rukunin mata suna tafiya a kan titi daddare .,Nightlife
2716251485_d6113f4c8a.jpg,Wani mutum yana tafiya a bakin ɗakin tarho mai jinkiri .,Telephone boxes in London
2734669176_c272b42597.jpg,Wata mata tana nuna wa karnuka frisbee sa'ad da mai wasan baseball da ya saka riga ya gudu bayanta .,Baseball player throws frisbee to dog
2737609659_efce872c24.jpg,Ana tuƙa yarinya a kan rufin jirgin a hanya,Unimog
2745663684_650f84e1e6.jpg,Wani yaro da ke cikin tank mai launi ya yi tafiya a kan titi,Skateboarder
2752329719_868545b7d2.jpg,Wasu ma'aurata suna zaune a kan ɗakin da ke duba teku .,two people sitting on chairs looking at the sea
2757803246_8aa3499d26.jpg,Yaro yana gudu zuwa ga rukunin mutane .,A child runs in front of a stage at a music festival.
2766325714_189bbff388.jpg,Tsofaffi mata biyu suna riƙe wata yarinya a tsakãninsu a cikin gida .,three girls
2772532341_c4597a94ed.jpg,Wata mata da ta saka ƙafar hula baƙi a gonar .,Hula hooping
2785115802_137fa30000.jpg,Karnuka suna ruwa a cikin ruwa .,Dog
2787276494_82703f570a.jpg,Yaro mai jaki na ceto yana tsallake cikin ruwa,Jumping into the water
2806632713_edd6f6c893.jpg,Mutum yana juyawa a ƙasa sa'ad da yake ɗauke da wasu ƙaramar bungee .,Trapeze
2810412010_f8b3bc1207.jpg,Wata mata tana zuba ruwa da gashinta .,Water
2813033949_e19fa08805.jpg,Karen fari da baƙi yana tsallake cikin sama yana ƙoƙarin ya kama ƙwallon teni .,Dog playing with a ball
2840344516_8e15fe2668.jpg,Jirgin ɗan ƙanƙara ya bar bakin teku yayin da mutum yake kallon kusa .,Lifeboat
2844747252_64567cf14a.jpg,Karnuka uku suna wasa tare a fili .,Dogs playing
2854291706_d4c31dbf56.jpg,Wani namiji da mace suna tsaye a gaban alamun.,A couple walking down the street
2856080862_95d793fa9d.jpg,Wani rukunin maza suna tsaye a lokacin wasan wasanni a gonar .,Soccer
2858903676_6278f07ee3.jpg,Wata yarinya tana ɗaukan hoton abokinta da ke jinkiri a kan teburin yin biki .,two women taking photos
2862469183_a4334b904a.jpg,Babban karnuka mai kauri yana tsallake bisa ƙaramin karnuka baƙi .,Dog
2865409854_afedf98860.jpg,Yara da manya ƙalilan suna wasa a cikin ruwan marar ruwa a ƙasa .,Water feature
2866093652_aa717eb9ce.jpg,Mata huɗu suna gudu suna tafiya a wani wuri .,Roller derby
2866254827_9a8f592017.jpg,Wani mai tuƙi na doki mai huren yana tafiyar da waje .,Wheelie
2867937005_91c092b157.jpg,Wata yarinya da ta saka tutu mai ruɓaɓɓe tana tsaye a kanta .,girl in pink dress
2872197070_4e97c3ccfa.jpg,Karnuka mai fari ya tsallake cikin ruwan daji .,Dog jumping into a pool
2882589788_cb0b407a8d.jpg,Wata mata mai farin ciki da ta yafa riga mai bulu tana farin ciki a gaban rukunin waɗanda suke cikin rukunin .,Cheerleader
2884420269_225d27f242.jpg,Matasa biyu suna tsaye a ƙafa guda da hannuwansu sun miƙa a kan titi .,Two men doing yoga
2886533440_dfa832f2fa.jpg,Wani mutum da ya saka jaki na ɗan ƙanƙara yana tsaye a kan yashi da ke da ƙasa mai bulu .,Man jumping on a sand dune
2887614578_ed7ba21775.jpg,Karnuka biyu suna gudu a gonar ciyawa,Two dogs playing
2899089320_3e7f6bbaca.jpg,Wata yarinya tana zaune a kan majami'ar jiki mai cike da baƙin ciki .,girl on monkey bars
2904997007_23d4b94101.jpg,yaro yana tsallake daga gad da ke kan ƙaramin gad .,jumping from one bed to another
2911658792_6a6ef07e3a.jpg,"Wani yaro a cikin ja, fari da kuma blue shirt skateboarding.",Skateboarder
2911928620_06c3fa293e.jpg,Wani mai tuƙi a kan doki ya ɗauki hannu ɗaya a sama .,Motorcycle racer
2921430836_3b4d062238.jpg,Masu ƙwallo a tsakiyar wasan .,American football
2923475135_a6b6e13d26.jpg,Akwai doki da mai hawan da ke tsallake bisa wani ƙalubale .,Horse jumping
2925737498_57585a7ed9.jpg,Wani mutum da yake saka jaket na jeans yana murmushi,James Buckley
2929272606_2a5923b38e.jpg,Wata yarinya tana nuna ruwa a bakin teku .,girl throwing stones into the sea
2929405404_1dff5ab847.jpg,Wani mai tuƙi na doki yana juyawa mai tsanani .,Motorcycle racer
2930514856_784f17064a.jpg,Masu teku biyu sun kama ruwan ruwa .,Surfer in the air
2938316391_97382d14aa.jpg,Wata mata da ta saka ɗan ɗabi'a mai ɗauke da kameji a reshe,Photographer
2939007933_8a6ef2d073.jpg,Wani mai tuƙi na doki yana yin ƙarya sa'ad da yake cikin sama .,Freestyle
2953861572_d654d9b6f2.jpg,Karnuka mai kauri yana gudu a cikin yashi .,Dog
295433203_8185c13e08.jpg,Babban karnuka yana buga da ƙaramin karnuka mai gũna .,Two dogs playing
2956562716_5aa3f6ef38.jpg,Karnuka da yawa na irin dabam dabam suna wasa a cikin ƙafa .,Dogs playing in a dog park
2959737718_31203fddb5.jpg,Ƙungiyoyi biyu na ƙwallo sun yi gasa .,Football player
2960033435_c20cc7399a.jpg,"Wata mace tana riƙe da sanda a sama, yayin da karnuka suke tsallake .",Dog jumping to catch a toy
2966190737_ceb6eb4b53.jpg,Mutane biyu da suka sanye da fari sun bugi ƙwallo yayin da mutum na uku ya tafi .,Cricket
2968216482_ede65b20a8.jpg,Mutane biyu da suke cikin doki na baƙar daji .,Drag racing
2975073156_7543ed326f.jpg,Yara biyu da suka saka ƙafar bulu suna faɗa a bayan mota mai fari da wasu yara biyu .,Two boys fighting
2981702521_2459f2c1c4.jpg,"Taro suna jira a waje da jirgin ƙasa, a shirye su shiga .",Metro
2984704498_29b53df5df.jpg,Wata mata mai tufafi mai kyau da ta saka jaki mai fari tana riƙe da kwamfuta .,Princess Mary
2992614450_b5a6692239.jpg,"Wani a kan keken ƙasa , a sama, kusa da gini .",Mountain bike
2993388841_6746140656.jpg,Wani ɗan wasan baskekal da ya saka ɗan ƙanƙara yana da ƙwallon yayin da wani ɗan baƙi ya yi ƙoƙarin hana shi .,Basketball player
2998861375_02817e0147.jpg,Soja suna ɗaukan makamai .,Airmen fire M16 rifles during a weapons qualification range.
300314926_0b2e4b64f5.jpg,Wani mai tafiya ya tsallake cikin sama .,wakeboarder
3005126574_49c28ffbee.jpg,Wani mutum mai baƙar jiki da gaɓo mai tsanani yana saka ƙafar ƙarfe da kuma tsayi mai fari .,Portrait of a young man
300539993_eede2d6695.jpg,Karnuka baƙi da baƙar ƙarfe suna ɗanɗana a kan sanda,Dog
300577375_26cc2773a1.jpg,Wani ɗan sanda yana tsaye kusa da mota a kan titi .,Policeman with a gun
3015368588_ef0a06076d.jpg,Wani mai wasan baseball yana gudu zuwa wurin da wani yake jira a ƙasa,Baseball
3015898903_70bebb8903.jpg,Mutum da ke da alama marar tsawo a bakinsa yana tsaye da mata biyu da suke sanye da baƙi .,Goth
3018847610_0bf4d7e43d.jpg,Wani mai faɗa yana faɗa wa wani mai faɗa da yake kwance a cikin ƙarfe .,Diving elbow drop
3025513877_1a6160070d.jpg,Yaron da ya saka ɗaurin rufi da kuma ƙafar ɗinki yana tafiya a cikin ƙananan kogin .,Boy playing in the water
3041487045_b48ac7ed08.jpg,Karnuka mai tan da ke gudu,Dog
3044500219_778f9f2b71.jpg,Mata huɗu da suka saka tufafin yamma suna aikin hoton .,four women
3047264346_e24601bfbf.jpg,Mutumin da yake da masks din Wolverine yana tare da mace mai kunne na elf.,Halloween party
3049649128_d83d847168.jpg,Yaro yana buga a cikin ganye .,boy playing in leaves
3054200086_657d4398e8.jpg,Wani mai wasan hoki na ace yana ɗaukan ƙwallon kamar yadda wani ɗan wasa da ke gāba yake kallon .,Hockey player
3058439373_9276a4702a.jpg,Taro na mutane suna tsaye da hankali a filin da ke da gini a ƙarƙashin .,Crowd of people
3069937639_364fc11e99.jpg,Karnuka suna gudu a cikin gona .,Dog
3074842262_62b1b2168c.jpg,Wani yaro yana ƙusurwa a cikin jarabar ganye .,Boy jumping in leaves
3079341641_f65f6b0f8b.jpg,Yara biyu suna gudu a cikin ɗakin .,Two little girls running into a room.
3081182021_22cfa18dd4.jpg,Wani mutum yana yin ƙarya na keke a kan hanyar katako .,Bicycle
3081330705_7a1732e12c.jpg,Wani mutum yana tsaye a kan dutse da ke duba itace da kuma ruwan gona .,Lake Tahoe
3082934678_58534e9d2c.jpg,Karnuka mai tan yana gudu a kan hanya da karen fari yana gudu a kan ciyawa a kusa da shi .,Dogs
3094064787_aed1666fc9.jpg,Karnuka biyu suna gudu a kan ciyawa .,Australian Shepherd
3097196395_ec06075389.jpg,Karnuka biyu suna gudu a kan hanyar .,Greyhounds racing
3099264059_21653e2536.jpg,Wani mai tafiyar da ƙasa yana tsallake daga wani ginin da ke da tsawon ƙarfe .,Skiing
3101796900_59c15e0edc.jpg,Babban karnuka mai kauri da babban karnuka baƙi suna buga tare da ƙwallo .,Dogs playing
3108378861_d2214d971e.jpg,Wata mata tana tsaye kusa da wani namiji da ke zaune a kan dutse .,couple
3112635165_2d614d7c1a.jpg,Karen baƙi da fari yana da sanda a ƙafafunsa .,Dog
3113322995_13781860f2.jpg,Karnukan suna gudu a cikin ƙanƙara suna cire ƙara da mutum .,dog sledding
3116011063_f4071ccce6.jpg,Mai yin tekun da ya saka tufafin baƙi yana faɗuwa daga bangonsa cikin ruwa .,Surfer
3119875880_22f9129a1c.jpg,Yara suna buga a kan duwatsu .,boys climbing
3119887391_212f379797.jpg,Wani namiji da mace suna dariya .,Smile
3123463486_f5b36a3624.jpg,Karen da ke da kashi mai fari da baƙi yana gudu a kan wani wuri mai ƙarfe .,Dog
3126773489_7ae425af17.jpg,Mutane biyu suna wasa a lokacin wasan baskekal .,Basketball
3128856481_86e5df4160.jpg,Wani fari ya miƙa fukafukansa sa'ad da yake cikin ruwa .,Duck
313326614_b2adbe59e0.jpg,Wani mutum da ya saka jaki marar rufi yana tsaye a kan matakan filin wasan .,Man in red jacket standing on stairs
3136404885_f4d8f1d15a.jpg,Mutane biyu suna tafiya bayan wani ɗaki na mota .,Street art
3143953179_1c08c023a5.jpg,Mutane da yawa suna kallon wasu suna yin ƙanƙara a ranar da aka yi dutse .,Ice skating
3145869775_85dfae43bd.jpg,Wata mata da ta yi sanye da ƙaramin siki da sakata .,girl in winter clothes
3146937399_8c046b7b1a.jpg,Mutane biyu suna tafiya a cikin ruwa.,Ice skating
3150440350_b0f2a9e774.jpg,Wani mai jirgin ruwa yana duba mutumin da yake zaune a ƙasa yana kuka .,A sailor helps a man who is passed out on the street.
3164415865_612f9fd8bc.jpg,Yara biyar suna tafiya a kan hanyar da aka rufe da ƙanƙara .,Snow
3166578139_33500f7e8a.jpg,Wani mai yin ski a kan tsawon duwatsu .,Skiing
3170551725_1276644eab.jpg,"Akwai biyu snowboarders, daya, wanda ya yi ado da fari, yana yin wani dabara.",Snowboarder doing a jump
3170897628_3054087f8c.jpg,Yara biyu suna ƙwallo a cikin ƙasa mai laka,Boys playing in a puddle
3172369593_eb4d787ffb.jpg,Matar da ke da babban burin fararen tana kallon hotuna a wani ɗakin zana .,The exhibition
3174713468_e22fa7779e.jpg,Wata mata tana riƙe da ƙwallo yayin da karnuka suke tsallake don ta .,Dog training
3186073578_6e115f45f5.jpg,Wani mutum yana nuna hoton .,A man holds a picture of a woman and her child who died in the fire.
3187117682_986ffd6b67.jpg,Karen yana ɗanɗana ƙanƙara daga hancinsa mai sanyi .,Dog
3187924573_203223e6c0.jpg,"An ɗauki ƙanƙara biyu a kan ruwa, tsuntsaye na gaba sun riƙe abubuwa a cikin ɗan hanci .",Seagull
3193511842_82549c21fb.jpg,Masu farin ciki da suka sa tufafi marar rufi da baƙi suna riƙe da masu farin ciki biyu a sama da kansu .,Cheerleading
3207343907_995f7ac1d2.jpg,Taro mai yawa na mutane suna yin ƙasa a waje .,Ice skating
3214885227_2be09e7cfb.jpg,Wani mutum yana tafiya a bakin kogi kusa da bakin teku .,River
322050103_145f7233c6.jpg,Wani mutum yana ƙetare hanya kuma wasu suna tafiya,A pedestrian crossing in front of a light rail station
3225310099_d8e419ba56.jpg,Jirgin ruwa da aka saka a kan ruwa .,The boat is lifted by a crane
3235746553_a40416c00e.jpg,Karnuka suna gudu a bakin teku a gaban teku .,boxer
3244171699_ace4b5d999.jpg,Mutane uku suna zaune suna tattaunawa game da abincin da ake ci a wani manzani na ƙasar China .,Chinese people in a restaurant
3247341210_5d1e50df23.jpg,Mutane da yawa suna kan hanyar igiya a waje .,Obstacle race
3249014584_21dd9ddd9d.jpg,Wani mutum yana da katako kuma yana ƙera ƙanƙara .,Ice carving
3249597269_935e0a375a.jpg,Wani ƙanƙara ya tsallake cikin ƙanƙara .,Squirrel jumping in the snow
3255732353_fbc487aefc.jpg,Mata biyu suna buga a cikin ƙanƙara kuma suna jefa ƙanƙara .,two girls walking in the snow
3257107194_f235c8f7ab.jpg,Mutane biyu suna hau kan tayar sa'ad da suke zaune a cikin ruwan laka .,Mud race
3257182199_5fda78d870.jpg,Masu teku da yawa suna tsaye a cikin teku da tafiyarsu suna jira a kan ruwan ruwa .,Surfers waiting for waves
3258396041_69717247f7.jpg,Wani mutum mai sanye da jaki baƙi yana riƙe da makarufo zuwa fuskar wata yarinya .,Journalist interviewing a man
3259002340_707ce96858.jpg,Karnuka baƙi da ke da ƙarfe mai furfura yana gudu .,Dog
3259883609_6a1b46919e.jpg,Karnuka suna kallon ƙanƙara a cikin ruwa .,Dog and swan
3260214530_7179346407.jpg,Wata mata da ƙaramin yarinya suna zaune a kan benci na katako kusa da ƙarfe na katako .,Welcome
3261493263_381a4c5cc7.jpg,Karnuka suna jawo mutum a kan ƙanƙara a cikin ƙanƙara .,dog sledding
3262760716_1e9734f5ba.jpg,Wani mutum yana riƙe da jaririn da yake riƙe da lu'ulu'u.,Baby and father
326456451_effadbbe49.jpg,Wani kare mai launin fata a tsakiyar gudu ko tsalle.,Dog
3265864834_e0229020dd.jpg,Wani kare mai launin ruwan kasa yana girgiza kansa.,Dog
3270083123_fcc1208053.jpg,Mai ruwan ruwa da ya saka baƙar kafiya don iska .,Swimming
3272002857_ace031f564.jpg,"Wata mata a kan doki , tana hawa a kan tekun .",Horse and rider galloping on the beach
327415627_6313d32a64.jpg,Karnuka biyu suna gudu a cikin ciyawa kusa da jikin ruwa .,2 dogs running
3275711232_e261143664.jpg,Wani mutum da ya saka tufafin sanyi ya rufe fuskarsa da sifar .,woman in a park
3279524184_d5e2ffbaed.jpg,Karnuka biyu masu fari suna gudu a kan gona mai launi mai sauƙi kuma ɗaya yana da ɗan baƙi .,Two dogs running in a field
3291587911_81fc33300e.jpg,Karnuka suna cinye wani mutumin da ya saka tufafin kāriya a hannunsa .,Dog biting a dummy
3292277400_f95cdd13d1.jpg,Karnuka biyu masu launi-kashi suna kallon wani abu a ciyawa .,Two dogs playing
3293642024_e136b74a55.jpg,Wani mutum mai tafiya da jirgin ruwa yana tafiya bisa ruwan .,Bodyboarding
3301859683_2d5e4b40a3.jpg,Wani mutum yana tafiya a kan tudun .,Skiing
3307978046_92fef4dfa9.jpg,Wasu mutane a cikin tufafi masu ja da kuma babura suna tafiya a kan dutsen a kan rollerblades.,Rollerblading
3317145805_071b15debb.jpg,Wani baƙar ƙarfe da ke da igiya mai jinkiri a bakinsa.,Dog
3329858093_0ec73f2190.jpg,Wata mata tana riƙe da jariri a cikin tagan jirgin ƙasa,Mother and child on a train
3330680118_4e541889c1.jpg,Yaro mai bulu yana zaune a kan ƙanƙara a cikin ƙanƙara .,Skiing
3335885203_a3fe8e541f.jpg,Matasa da suka sa tufafi suna wasan ragbi .,Rugby
3339263085_6db9fd0981.jpg,Karnuka mai kauri yana tafiya cikin ruwa kuma yana tafiya zuwa dutse .,Dog
333973142_abcd151002.jpg,Karnuka mai kauri da baƙi yana ɗauke da sanda mai tsawo a bakinsa a wurin itace .,Dog with a big stick
3343900764_2a4c0405f9.jpg,Wani ɗan wasan baskekal yana ƙoƙarin ya ja - goranci ƙwallon kusa da ƙwallon .,Basketball
3349194268_0ee555c9a2.jpg,Matan Asiya biyu suna murmushi a gaban kwamfuta a filin furanni na huren .,two girls in a field of flowers
3350260112_fcb47ff6b2.jpg,Mutane da yawa suna wasa a cikin ruwa a bakin teku .,Beach
3354489242_dd529ffa1f.jpg,Mutane suna wasan hoki .,Hockey
3359530430_249f51972c.jpg,Mutane suna kallon mai yin snowboard yana yin ƙarya a sama .,Snowboarder
3359563671_35b67898e7.jpg,Mutumin da ke tsalle a kan snowboard.,Snowboarder
3361210233_962d630ec5.jpg,Karnuka suna gudu a kan ƙanƙara suna ɗauke da babbar sanda a bakinsa .,Collie
3364258732_9942c557e5.jpg,Mutane da yawa suna sa hannu a aji na wasanni .,A group of people playing a game of dodgeball
3368207495_1e2dbd6d3f.jpg,Karnuka suna tsallake cikin sama sa'ad da suke biɗan ƙwallon teni .,Dogs playing in a park
3373946160_1c82d54442.jpg,Karnuka mai kauri da baƙi yana ɗaukan fuskarsa a ciyawa .,Dog
3381584882_341ee3092f.jpg,Wani mai yin snowboard a sama kusa da ƙarfe mai jinkiri .,Snowboarder
3382105769_b1a4e4c60d.jpg,Karnuka da ke da sanduna a bakinsa yana gudu a cikin duwatsu a cikin ruwa mai ƙaramin .,Dog playing in the water
3387630781_f421a94d9d.jpg,Yaro da ya saka ƙafar baseball yana tafiya a cikin ƙarfe .,baby
3392019836_c7aeebca1c.jpg,Mutane biyu suna tsaye a gaban waje a bikin karnibali .,Wheel of fortune
3394750987_a32ecc477e.jpg,Wani yaro a kan jirgin ƙasa yana ƙasa da ƙarfe .,Skateboarder doing a grind on a rail
3401548798_3a93f2caa5.jpg,Ƙaramin yaro a kan ƙanƙara mai cike da tsira ya hau kan tudun ƙanƙara yayin da rana take faɗuwa .,Tubing
3404408360_430f73b034.jpg,Tsofaffi da yara suna tsaye a waje .,group of people looking into a barn
3404870997_7b0cd755de.jpg,Mutane suna kallon wani yaro a kan wani skateboard a saman wani skate ramp.,Crowd watching a skateboarder
3407317539_68765a3375.jpg,Karnuka baƙi da fari suna gudu a cikin gona da ke da dutse .,Dog
3408130183_f038bdaa4f.jpg,Karnuka mai kauri da baƙi suna gudu .,Dog
3413669228_ec64efeb34.jpg,"Wannan yarinya mai farari tana saka kifi na azurfa, ƙafafun gwiwo, da rollerblades .",Rollerblading
3413806271_17b7e102aa.jpg,"Mutane biyu suna tafiya daga jirgin ruwa mai fari da baƙi da ke da bulu, sama mai girgije a bayansu .",Paragliding
3413973568_6630e5cdac.jpg,"Wani mutum yana hawan ruwa a kan takarda guda, yana riƙe da wani taimako da hannu ɗaya.",Kitesurfing
3417143124_6feb8290cc.jpg,Wata mata da ta saka tufafin da ke tsaye a kan tafiyar da ke kusa da karnuka mai fari,Greyhound
3417662443_2eaea88977.jpg,Mutumin yana sanye da rigar Spiderman.,man in a strange outfit
3427301653_4ff0d6fd93.jpg,Mutumin da ke sauraron mp3 player zaune a kan hanya.,A young man in a leather jacket and hat sits on a wall and listens to music on his phone.
3430526230_234b3550f6.jpg,Karnuka biyu suna gudu zuwa ruwa .,Two dogs running
3431487300_0123195f9b.jpg,Wani namiji da mata biyu a kan doki guda .,three people on a scooter
3435233065_3411f2d29d.jpg,Wani yaro ya yi tsalle a kan kekensa a cikin idanun,Mountain biker jumping over a tree
3436074878_21515a6706.jpg,Karnuka yana ƙoƙarin ya cinye mutumin da yake koyar da shi,Dog biting a leg
3437107047_715c60e9c8.jpg,Mata biyu masu murmushi da suke sanye da kashi mai kauri .,two young women
3439128755_84409b8823.jpg,Karnuka da ke sanye da ƙafar rufi mai fari a bakinsa da karnuka a cikin ƙafar huren .,Two dogs playing in a field
3439414478_8038ba9409.jpg,Karnuka mai kauri yana tsallake cikin sama,boxer
3439560988_f001f96fc9.jpg,Wani karnuka mai baƙar fata yana gudu a cikin gona,Dog
3441531010_8eebbb507e.jpg,Akwai karnuka mai fari da ke gudu a cikin ruwa .,Dog
3442272060_f9155194c2.jpg,Karnuka biyu suna wasa da juna a waje .,Dogs
3446191973_1db572ed8a.jpg,Mutane da yawa suna tsaye da tukwane na ruwa.,People waiting for the ferry
3446347599_0ecc49a9d5.jpg,Mutane biyu suna kallon dutsen kusa da tekun .,Beach
3467219837_7d62213dec.jpg,Karnuka biyar suna tsere .,Greyhound racing
3485425825_c2f3446e73.jpg,Wata yarinya tana tsaye a bayan keken wani mutum yayin da mutumin yake sayarwa gaba .,Bicycle
3486340101_ff01d8f3f9.jpg,Wani mota mai bulu mai suna Ƙasar Amirka da ke juyawa da masu kallon .,Rally
3490528249_6aae9b867b.jpg,Motoci biyu suna gudu da sauri a kan hanya da ƙoshin ruwa ya zo daga bayansu .,Drag racing
3499720588_c32590108e.jpg,Wani mutum mai duhu yana buga ƙara a kan titi .,Man walking on street
3500342526_393c739e2f.jpg,Wani baƙar ƙarfe yana buga da wani karnuka a wani gona .,Dog
3512033861_a357bb58b6.jpg,Babban rukunin mutane suna tsaye tare a waje .,Crowd of people
3517056462_483ee5a914.jpg,Wata mata mai wasan ƙwallo tana jefa ƙwallon .,Softball
351876121_c7c0221928.jpg,Cats suna barci a kusa da karnuka.,Greyhound and cat
3524975665_7bec41578b.jpg,"Wata mata da take sanye da kafiya mai kauri , lu'ulu'u na rana , jinki, sakata mai fari da kuma ƙafar huren da ke tsaye a kan tafiyar tafiyar .",Woman in a yellow coat
3532200762_b28c39d311.jpg,Wata mata tana gudu a bakin teku .,boy running on the beach
3532782283_341f0381a3.jpg,Mutane uku suna kallon duwatsu.,The first snow of the year
3534668485_6887629ff0.jpg,"Mata biyu suna magana a cikin cellphones , da takardun bayani bayansu .",Two young women on the phone
3541474181_489f19fae7.jpg,Wani mai yin snowboard yana cikin sama .,Snowboarder
3549614763_42f34f3d1e.jpg,Akwai mata biyu da suke zaune a kan tebur suna karanta abinci yayin da mai ɗan ziyara yake tsaye a kan tebur .,waiter
3549673305_4dfd44e04a.jpg,Mutum yana sumba da wuya ta mace a kan tafiyar tafiya mai yawa .,Kissing
3555573680_41c1540a86.jpg,Wani mutum yana tsallake a kan tafiyar da ke cikin ruwa .,wakeboarder
3561543598_3c1b572f9b.jpg,Maza da suka sa tufafi suna sa hannu a wani bikin da ke da tuta .,Veterans Day
3564385317_1bf5094068.jpg,Wani mutum yana rawa a kan dutse mai tsawo kusa da wuraren da aka saka itace .,man standing on a rock overlooking a valley
3564543247_05cdbc31cf.jpg,Yara biyu suna tsallake cikin ruwan daji .,Two boys jumping into a pool
3564738125_10400f69c0.jpg,Mutane biyu suna tafiya a gefen dutse mai ƙanƙara .,Two climbers on a steep slope
3568197730_a071d7595b.jpg,Wani mutum da ya saka tufafin bulu yana ɗaukan takobi a sama .,Korean traditional dance
3569284680_44fef444ef.jpg,Yara biyu suna hau matakala,boy and girl
3571039224_b34fa2f94c.jpg,Karnuka baƙi da ke da launi mai jinkiri ya ɗaure kansa a cikin ruwa .,Dog
3576536763_3c8c4f232e.jpg,Wata yarinya da ta yi sanye da ruɓaɓɓen ruwa tana gudu daga teku zuwa teku .,girl running on the beach
3579686259_b1fe6aefc9.jpg,Sheltie mai laushi tana tafiya a kan hanya .,Dog
3580741947_cc64a83648.jpg,Mata uku da suke kasuwanci suna tafiya a kan ƙafa .,businesswomen
3586239953_da4fb3f775.jpg,Mutane biyu suna tafiya a kan tudun ciyawa,two kids playing
3595992258_6f192e6ae7.jpg,Karnuka mai kauri yana gudu .,Dog
3596459539_a47aa80612.jpg,Mutum yana hawan doki sa'ad da wasu suke kallon .,Motorcycle racer
3610189629_f46de92ab3.jpg,Babban karnuka yana duba ƙaramin karnuka wanda yake ɗanɗana igiya mai bulu .,two dogs
3613667665_1881c689ea.jpg,Karnuka baƙi biyu suna gudu a cikin teku .,Dog
3621329299_6fb3f2935c.jpg,Mutum yana cikin sama a kan keke kusa da jikin ruwa .,Bicycle
3630991662_990f397f7c.jpg,Mata tana wucewa a kan tekun da rana ta faɗi .,woman stretching
3636796219_9916c0465a.jpg,Maza suna wasan baseball .,Baseball
3638459638_ec74e3ff89.jpg,Ruwan ruwa a teku ya faɗi bisa wata mace .,A woman is being splashed by a wave.
3639547922_0b00fed5cd.jpg,Ƙaramin yarinya tana ƙasa cikin silindi mai furfura .,girl on slide
3643074723_94d42b7a0c.jpg,"yaro yana kwance a kan ciki, a kan juyawa",Playground
3643684044_a131168127.jpg,' Yan alƙalai huɗu suna zaune a kan tebur da tsakiyar hagu ɗaya take magana .,Panel discussion
3643684616_9d2be87a5a.jpg,Wata mata tana magana da makarufo kuma wata tana rubuta .,Two women at a table with a microphone and a pen and paper
3650986674_3e101c606b.jpg,Karnuka biyu suna gudu a kan tekun,Dogs on the beach
3654869593_c8599a8e20.jpg,Yara uku suna wasa da ƙwallo kusa da taru na ƙwallo a bakin teku .,Beach volleyball
3655074079_7df3812bc5.jpg,Wata mata aure tana sanye da fushi a kan keke .,World Naked Bike Ride
3656030945_fa003bd696.jpg,' Yan karnuka uku suna cikin wanki da ake yawan ruwa daga kan ɗakin wanka .,bathing
3656906086_7034f69ab6.jpg,Karnuka ya cinye wuyan wani karnuka.,Dogs
3657209354_cde9bbd2c5.jpg,Wani mai tafiya yana tsaye a kan dutse a kan duwatsu.,Hiking
3660361818_e05367693f.jpg,Wani yana tafiya a kan matakala da aka kewaye da gini .,Skateboarder in the city
3666188047_e81e1d97a7.jpg,Yaro yana hawan na'urar wasa .,boy playing a video game
3667404919_b273df57e4.jpg,"Mai hawan 9 , yana hawan ƙasa a kan hanyar daji .",Mountain biker
3677302645_8cd3fac70d.jpg,Wani mai fara'a yana nuna wani abu a gaban jama'a da yawa .,Man dancing in front of a crowd
3682277595_55f8b16975.jpg,Karen da aka gan shi yana tafiya a cikin ruwa mai ƙaramin ruwa .,Dog
3690431163_1d81e19549.jpg,Wata mace ' yar ' yan sanda tana tsaye kusa da wani mutum da ta yi sanye da lu'ulu'u marar tsawo .,Zombie
3702607829_2b8b3e65ab.jpg,Mata biyu suna zaune a kan benci,two women sitting on a bench
3703107969_175da4b276.jpg,Wani mutum yana yin ƙarya a kan keke na 9,Bicycle
3703413486_3c682732a0.jpg,Yara biyu suna kwance a tagan RV mai fari da macijinsu mai cika .,Freelander
3705430840_e108de78bf.jpg,Wani mutum da ya saka ƙafar bulu yana hawan keke guda a kan titi .,Unicycle
3718964174_cb2dc1615e.jpg,Wata mata da ta yi sanye da sifar bulu da ke kewaye da kanta .,A woman wearing a hijab
3724759125_2dc0e1f4a3.jpg,Yaro yana hawan doki a filin wasa .,Playground
3741827382_71e93298d0.jpg,Wani yaro da ya saka ƙafar fari a sama da wani abu mai bulu .,Boy jumping on a trampoline
380041023_0dfd712ef1.jpg,Karnuka mai kauri yana gudu .,Dog
380515798_c2abbf46b0.jpg,"Kasuwa a kan titi da ke cike da tantini masu fari , masu tafiya , da masu sayarwa .",Farmers market
381052465_722e00807b.jpg,Mutane suna fitar da wuta .,Fire
382090166_be2c2c63e1.jpg,Wani fararen ƙanƙara da kuma baƙar ƙarfe biyu suna buga a ciyawa .,Standard poodles
387078972_514a38dc33.jpg,Karnuka mai fari yana tafiya kusa da wani gini a cikin ƙanƙara .,Dog
387830531_e89c192b92.jpg,Karnuka biyu suna buga da juna .,Dogs playing
389643437_9a9830a3ba.jpg,Mata biyu da suke da kafi na baseball suna cin abinci a waje .,two girls eating
397982550_cf9f5cdb74.jpg,Wani mutum mai sanye da ƙafar fari yana duba dama a kan hanyar da ke da dutse .,man
411175971_0fffd3b8c6.jpg,Karnuka suna buga a cikin ruwa a reshe .,Dog on a beach
427557693_1108566fd2.jpg,Mutane biyu suna tafiya a kan titi da itace da yawa da ke kewaye da kuma ƙanƙara a ƙasa .,Two people walking in the street
430803349_a66c91f64e.jpg,Karen baƙi yana cikin ruwa da wani abu mai fari a bakinsa .,Dog retrieving a dummy
441398149_297146e38d.jpg,Wata mata da ta saka tufafin rufe tana tafiya kusa da alamun titi da yawa .,A woman running in a park
442220883_ff3d6e507f.jpg,Karen yana riƙe da ƙwaƙwalwa a bakinsa .,Dog
450596617_ed37ec0fe4.jpg,Mutane biyu suna tafiya a bakin teku .,Walking
468608014_09fd20eb9b.jpg,Karnuka suna buga da karnuka yayin da wani yake ƙoƙarin cire shi daga bakinsa .,Golden retriever
471402959_0b187560df.jpg,Wata mata da ta yi sanye da tufafin ƙanƙara tana zaune da hannunta a fuskarta .,A woman in a red hijab covers her face with her hands while reading a magazine in an airport terminal.
483039719_75181b2726.jpg,Matashi da ya saka ɗan ɗabi'a tare da wasu matasa a gefe .,Two young men talking
488356951_b3b77ad832.jpg,"Mutane uku, ɗaya a cikin ƙafar fari da fari, suna zaune tare.",Bus
495054019_3dee8a02f5.jpg,Wani koci mai gũna mai fari yana tsaye a gaban rukunin yara na makarantar sakandare da suke gudu a gabansa .,Coach watching football players
498957941_f0eda42787.jpg,Ƙaramin yaro yana gudu da sauri .,boy running
502671104_b2114246c7.jpg,Wata yarinya da ta saka tufafin wanka marar tsawo tana cikin ruwan daji .,Swimming
506478284_7cf8bdbe36.jpg,"Matasa ma'aurata suna nuna wa kwamfuta sanye da kayan aiki, tsofaffi maza da mata a gefe .",Prom
510510783_b2cf5d57bb.jpg,Yarinya tana kwance a ƙasa daga ɗan,Girl playing on a swing
523249012_a0a25f487e.jpg,Wani mutum yana zaune a kan dutse kusa da kujerun da ke rufe da kuma ɗakin kifi .,Fisherman
524105255_b346f288be.jpg,Mata mai farat da ke duba yanayin Seattle Space Needle .,Seattle
525863257_053333e612.jpg,Mutumin yana kifi a gefen ruwa.,Fly fishing
531055369_936fd76a63.jpg,Wata babbar mace da take ɗauke da kwalo tana tsaye a waje a wani kasuwa .,People
537230454_1f09199476.jpg,"Wani yaro yana tsaye a kan gona da hannuwansa suna ɗaukaka, wasu kuma suna tsaye a bayansa.",Boy with arms raised in excitement
544122267_e9e0100bc5.jpg,Wata yarinya tana wasa a kan swing.,Girl on a swing
561940436_64d6fc125d.jpg,Tsofaffi namiji da mace suna zaune a kan benci na siment da baƙin ciki a fuskarsu .,People
566794036_60f7acdf35.jpg,Mutum da ya saka ƙafar baƙin ciki yana tafiya da ƙwallon basiga .,Basketball player
578644583_da3ff18dd1.jpg,Yaro yana tsallake cikin ruwan kogin .,Boy jumping into a pool
58368365_03ed3e5bdf.jpg,Wani mutum yana tsaye a kan dutse ko dutse yana kallon faɗuwar rana .,hiker
607339469_af851c4119.jpg,Ƙaramin yarinya tana ciyar da kakata .,Girl feeding ducks
633456174_b768c1d6cd.jpg,Wani yaro da ya saka tufafin duhu kusa da ruwan marar ruwa .,Water
635444010_bd81c89ab7.jpg,Wata mata da ke da ƙanƙara mai rufi tana tafiya a kan tafiyar .,Woman walking down a sidewalk
661749711_6f408dad62.jpg,Karnuka suna tsallake don su kama ƙwallon baƙin ciki a waje .,Dog catching a ball
673806038_0a3682a83f.jpg,Yara da yawa suna gudu kuma suna wasa a cikin mai yawan ruwan .,Kids playing in a sprinkler
693450725_8ad72389e6.jpg,Karnuka a cikin ciyawa a gaban wani gini .,Dog
693785581_68bec8312a.jpg,Wani yaro yana juyawa sa'ad da wani yaro yake tsaye a kan Matt .,Toddler playing with a friend
743571049_68080e8751.jpg,Wani yaro yana juyawa da haske a sama .,Sparklers
788126442_086334f0cf.jpg,Wata ƙaramin yarinya a cikin kujera mai tsawo tana da abinci a ƙarƙashin fuskarta da kuma laifinta a bakinta .,baby
835415474_7b7f2a9768.jpg,Ƙaramin yaro yana tafiya a ƙasa daga bakin wani mutum mai girma.,Father and son
852469220_bc0fee3623.jpg,Karnuka suna ruwa a cikin ruwa .,Dog swimming in a lake
86412576_c53392ef80.jpg,Mutane biyu da suke ɗauke da akwatin launi da kuma rufi suna tafiya kusa da wani gini .,Two men selling goods on the beach
870710405_51e507b31a.jpg,Wata mata da ta yi sanye da jaki mai ruɓaɓɓen TinkerBell ta juya a kan ƙarfe .,Jacket
90011335_cfdf9674c2.jpg,"Wani jirgi yana kan ruwa, tare da duwatsu a gefen.",Boat
905355838_3a43fdfd4e.jpg,Wani mai wasan baseball yana tsaye yana fuskantar jama'a .,Baseball player
944788251_a0bcd4b960.jpg,Wani yaro da babbar karnuka suna tsaye a kan jirgin ruwa suna kallon wani karnuka yana ruwa .,Dog and boy on a lake
977856234_0d9caee7b2.jpg,Karnuka mai kauri da ya saka ƙafar rufi mai rufi yana gudu a cikin gona .,Afghan Hound
1007320043_627395c3d8.jpg,Nwatakịrị ahụ na-arịgo n'ụdọ na-acha uhie uhie n'ebe a na-egwu egwuregwu .,girl
1012212859_01547e3f17.jpg,"A nkịta shakes isi ya nso n'ikpere mmiri, a red bọl n'akụkụ ya.",Dog
1020651753_06077ec457.jpg,Nkịta na-awụlikwa elu iji jide bọl n'ọhịa .,Dog playing with a ball
1022975728_75515238d8.jpg,Nke a bụ nkịta ojii splashing na mmiri.,Dog
107318069_e9f2ef32de.jpg,Ìgwè mmadụ na-ekiri balloons ikuku n'abalị .,Hot air balloons
1075716537_62105738b4.jpg,Otu nwa okorobịa nọ n'okpu agha na-agba ịnyịnya ígwè n'okporo ụzọ .,Bicycle
1095476286_87d4f8664e.jpg,Otu nwata nwoke na-awụlikwa elu n'isi iyi .,Boy playing in water fountain
1132772170_600610c5df.jpg,Nwatakịrị na-awụlikwa elu n'àkwà ka nwoke na-ele anya n'ụzọ ọzọ.,Kids jumping on the bed
114051287_dd85625a04.jpg,Otu nwata nwoke yi uwe bọl ma jide akpụkpọ ụkwụ ya na-esi n'ụgbọala pụta .,Soccer player getting ready to play
1236951314_0308dc4138.jpg,Otu nwa okorobịa na-awụlikwa elu n'ọdọ mmiri n'ebe nwoke nwere ntutu isi nọ na mmiri.,boy jumping into a pool
1245022983_fb329886dd.jpg,Nwatakịrị nwanyị na-agba egwú pink na aka ya n'úkwù ya .,girl
1262583859_653f1469a9.jpg,Otu nwoke na-agba ịnyịnya ígwè na-eyi uwe elu na-acha akwụkwọ ndụ akwụkwọ ndụ nke nwere ihe ọṅụṅụ n'aka ya .,cyclist
1286408831_05282582ed.jpg,Nwa okorobịa nwere ire ya rapaara na-arịgo n'elu ikpo okwu osisi .,boy
130211457_be3f6b335d.jpg,Otu nwoke nwere ogwe aka ya gburugburu ụmụ nwanyị abụọ na-ese foto na ya .,Girls at a motorcycle race
1312227131_771b5ed201.jpg,Sled nkịta trekking site snow nso a ọhịa .,Sunset
1329832826_432538d331.jpg,Ndị mmadụ na-echere ịgafe n'okporo ámá n'ihu ụlọ ahịa ọgwụ na akara ọkụ .,Broadway and 16th Street
1332722096_1e3de8ae70.jpg,Ụmụ agbọghọ abụọ yi akpụkpọ ụkwụ akwụkwọ ndụ akwụkwọ ndụ na-agafe n'obodo ukwu mgbe otu agadi nwanyị yi akpụkpọ ụkwụ ojii na-eso ha .,Three young women wearing green rubber boots
1332823164_c70a5d930e.jpg,Nwa agbọghọ na-eguzo n'oké osimiri,girl in red shirt and white shorts standing in the surf at the beach
1354318519_2f9baed754.jpg,Nwatakịrị na-achị ọchị na ntụgharị uche ya n'enyo .,baby
136552115_6dc3e7231c.jpg,A helmeted nwoke na-awụlikwa elu si a nkume na a ugwu bike .,Mountain biker jumping over a rock
136644885_f7d2bbf546.jpg,Nwanyị na-agafe àkwà mmiri eriri n'osisi na ndị ọzọ na-echere n'otu njedebe .,Rope bridge
1387443857_602ab6f9bf.jpg,Otu agadi nwoke nọ ọdụ.,Fishermen watching the boats come in
1389264266_8170bc1c54.jpg,Ụmụ agbọghọ abụọ na-eyi uwe goth .,Two girls in a park
1396064003_3fd949c9dd.jpg,Otu onye na-agbanye n'elu bọọdụ mmiri .,Wakeboarder
1420060118_aed262d606.jpg,Ninja na-eto eto na-awụlikwa elu n'ikuku.,Ninja
1425013325_bff69bc9da.jpg,Nkịta abụọ na-egwuri egwu na mmiri n'ụsọ oké osimiri,Two dogs playing in the water
1426014905_da60d72957.jpg,Otu nwoke guzo ma gụọ ihe site na railing na-ele anya n'obodo .,Man standing on a balcony
1428578577_82864facae.jpg,Mmadụ abụọ guzo n' akụkụ otu ugwu nke snow na - atụbeghị anya.,Summit
1473618073_7db56a5237.jpg,Nwa nwoke na-acha akwụkwọ ndụ akwụkwọ ndụ plastic swing .,swing
1474474514_b3eb492722.jpg,Nwatakịrị nwoke yi uwe elu na-acha anụnụ anụnụ na-egwuri egwu gburugburu nnukwu taya .,boy
1479028910_3dab3448c8.jpg,A skateboarder jumps ọzọ skateboard .,Ollie
1527297882_dededc7891.jpg,Otu nwoke yi uwe dị ka Jack Sparrow si Pirates nke Caribbean,Pirate
1680126311_b92a2e8e72.jpg,Nwa nwoke na-akụ bọl bọl na obi ya .,Soccer
17273391_55cfc7d3d4.jpg,Otu nwoke na-azụ azụ n'okpuru nnukwu osisi.,man fishing in the morning
1813777902_07d1d4b00c.jpg,Nwa nwoke yi uwe dị ka onye pirate na-amụmụ ọnụ ọchị largley .,boy in pirate costume
186348874_75b2cf1ec5.jpg,A ìgwè nke bicyclists na-agba ịnyịnya ala a ụzọ na ihe anya okporo ụzọ agbụrụ .,Mountain biking
189740668_0b045f1ff2.jpg,Otu nwoke na-arịgo n'elu ihe owuwu dị nkpoda .,Climbing
1923476156_e20976b32d.jpg,Onye nọ n'ịnyịnya ígwè nwere nkịta na-acha ọcha na leash .,Dog
1936215201_d03a75cbba.jpg,Nwa okorobịa na-egwuri egwu na bọọlụ na-acha anụnụ anụnụ guzo n'akụkụ ụzọ,boy holding a ball
1947351225_288d788983.jpg,E nwere ìgwè ụmụaka na-enweta foto ha na onyinye .,Children
2046222127_a6f300e202.jpg,Otu nwoke nọ na vest na-acha neon na-ejide akụkụ nke osisi,Man carrying a wooden board
2073964624_52da3a0fc4.jpg,Nwanyị nwere iko na okpu pink na-agba ịnyịnya ígwè ya .,Bicyclist in Central Park
2079152458_40712c3b40.jpg,Nkịta nwere bọọlụ tennis n'ọnụ ya.,Golden retriever
2087317114_cf06df5aa5.jpg,Otu nwoke nọ n'obere kayak na-ese n'elu osimiri ahụ.,Kayaker in a green kayak
2088532947_c628e44c4a.jpg,Ụmụ agbọghọ abụọ ahụ dina n'elu ahịhịa ọnụ .,two girls playing
2101128963_fdf8b2a0d7.jpg,Onye na-egwu egwuregwu baseball guzo n'elu ugwu .,Baseball player
2125454445_5c5c4bf906.jpg,Obere nkịta ojii na nke na-acha ọcha na leash na-eyi uwe elu na-ebu nnukwu osisi .,Dog
2129430111_338a94f8fb.jpg,A hiker na a azu paaki na-eje ije na a snow-kpuchie ugwu na ndabere .,Hiking
2130851544_d36f4f2ea6.jpg,Nwa nwoke na-ejide icicle na-eme ka à ga-asị na ọ bụ egbe .,boy eating ice
2133650765_fc6e5f295e.jpg,Nwa okorobịa na-awụlikwa elu n'ime ọdọ mmiri .,Swimming
2135360514_7dcb9ed796.jpg,Nwatakịrị na-eyi okpu Santa .,Baby
2136455112_202c093ba4.jpg,Okenye na-enyere nwa ice skate ọnụ na a ọchịchịrị rink .,Ice skating
2136514643_93d8f75a77.jpg,Nwa agbọghọ na-amụmụ ọnụ ọchị na-eje ije na nwa agbọghọ na-egbu egbu na ekwentị .,two young women walking
2140747429_62cfd89ae9.jpg,Nwatakịrị nwoke na-atụba snow gburugburu n'èzí .,Boy throwing snowball
214543992_ce6c0d9f9b.jpg,Nkịta ojii na nke na-acha ọcha na-awụlikwa elu ka a na-atụba bọl n'elu isi ya .,Dog playing with a ball
2148695079_9ae6a9b1c7.jpg,Nkịta abụọ na-acha ọcha na-eje ije na snow.,two dogs in the snow
2159447283_fab8c272b0.jpg,Nwa agbọghọ na-eto eto na uwe Spider-Man na-agba ịnyịnya egwuregwu .,girl in spider man costume
2169951750_495820a215.jpg,Nkịta greyish na-agba ọsọ na snow.,Dog
2178064851_bb39652d28.jpg,Nwatakịrị ahụ nwere olu ma nọ na mmiri.,Swimming
2178095150_436b035741.jpg,Nkịta greyhound na-agba ọsọ n'okporo ụzọ unyi na ụlọ ndị dị nso .,Greyhounds racing
2196284168_76417efbec.jpg,Nwa ahụ na-ejide ogwe aka mmadụ .,Baby
2196316998_3b2d63f01f.jpg,Otu nwoke jidere njedebe nke otu set nke bagpipes mgbe nwoke ọzọ na-egwu egwu .,Bagpipe
2205336881_d9ee4179d3.jpg,Nwatakịrị nwanyị nọ na pajamas pink na-agbalị ịrụ ọrụ igwefoto .,girl with camera
2258951972_92763fddab.jpg,Nkịta abụọ na-acha akwụkwọ ndụ akwụkwọ ndụ na-agba ọsọ na ahịhịa ndụ akwụkwọ ndụ.,Two dogs running in a field
2268109835_d6edbe1c2b.jpg,Otu onye na-eji ụgbụ ogologo oge iji jide ihe n'ikuku.,A man is catching birds with a net on a hill.
2276499757_b44dc6f8ce.jpg,Nnukwu nkịta aja aja na-ele obere nkịta ojii na ahịhịa toro ogologo.,two dogs
2277081067_d2b4c98bce.jpg,Ụmụ agbọghọ abụọ nọ n' osimiri na- egwu egwu n' oké osimiri.,children playing in the waves
228949397_9e63bfa775.jpg,A nwa ewu slides ala a odo slide n'ime a igwu mmiri .,Water slide
2298077331_f9a1488067.jpg,Nkịta abụọ na-agba ọsọ n'ụzọ unyi n'ọhịa ahịhịa.,Two dogs playing
2305437797_e6c3460190.jpg,Nkịta na-egwu mmiri na mkpara n'ọnụ ya.,Dog swimming in the lake
2307118114_c258e3a47e.jpg,E nwere nwoke nwere uwe ojii na okpu ojii na-amụmụ ọnụ ọchị .,Man holding a light reflector
2310108346_e82d209ccd.jpg,"Onye nọ na sweta na-anọdụ n'elu osisi, na-ele anya na mmiri.",Woman sitting on a log by a lake
2313230479_13f87c6bf3.jpg,Nkịta na-acha aja aja na nkịta na-acha ọcha na oji na-agba ọsọ na ahịhịa.,Two dogs playing
2314732154_83bc7f7314.jpg,Nkịta na-acha aja aja na-ahụ nkịta ojii dina n'ime ahịhịa akọrọ.,two dogs
2324917982_f3db8c11e9.jpg,A toddler na a-acha anụnụ anụnụ onesie na-egwuri egwu na a pointy ojii ụgbọ ala egwuregwu .,Toddler playing with toy car
2340919359_f56787d307.jpg,Otu nwoke guzo n'elu nkịta aja aja na oji na ahịhịa.,Dog training
2351479551_e8820a1ff3.jpg,Nwoke nwere uwe elu na-acha anụnụ anụnụ na-agbanye n'ikuku .,Parkour
2364774105_fbaf0c191f.jpg,Nwa agbọghọ na-agba ọsọ n'ụzọ ọzara .,Girl running
2374570771_c395fc224a.jpg,Nkịta na-agba ọsọ site na mmiri.,Dog
2378149488_648e5deeac.jpg,Nwatakịrị na-eyi okpueze akwụkwọ na-anọdụ n'ụgbọala ịzụ ahịa .,boy with a crown sitting in a shopping cart
2399114095_c3196ff456.jpg,Nkịta abụọ na-alụ ọgụ na snow.,Dogs playing in the snow
2405978603_6221b0c2e7.jpg,Nkịta na-acha aja aja na nke na-acha ọcha na-agba ọsọ n'ime mmiri,Dog jumping in water
241347700_ef2451d256.jpg,A nwoke na-acha uhie uhie na-ewe cellphone foto na a football egwuregwu .,man in red shirt and hat taking a picture of a football game
2415265825_fbfe0c8556.jpg,Nkịta ojii dị mmiri na-eje ije n'ájá .,Flat-coated retriever
2417745327_a2c2705043.jpg,Nkịta na-acha aja aja na-agba ọsọ site na mmiri dị n'oké osimiri.,Dog running in the water
244368383_e90b6b2f20.jpg,Nnukwu ìgwè mmadụ.,Crowd of people at a festival
2446601467_a35841cb1d.jpg,Nwa ọhụrụ na-peeking n'elu a-acha anụnụ anụnụ playpen .,baby
2451114871_8617ae2f16.jpg,Nkịta na-agba ọsọ na a nkịta racetrack .,Greyhounds racing
2453891449_fedb277908.jpg,Nkịta na-acha ọcha na-eso nkịta ojii site na mpaghara ahịhịa.,Dogs playing
2457052334_b5a1d99048.jpg,Mmadụ na-enyere onye ọzọ aka iru n'elu nkume ha na-arịgo.,Bouldering
2458033289_f0616879df.jpg,Otu nwoke nọ n'okpu guzo n'ihu ụlọ ahịa taya .,Used tires
2460799229_ce45a1d940.jpg,Ụmụ nwoke atọ yi jaket ndụ na-ese n'elu mmiri na raft .,Water sports
2462153092_e3f4d8f6a2.jpg,Nwa agbọghọ na-agba ọsọ site na ubi na nkịta aja aja na nkịta na-acha ọcha .,Girl running with dogs
2462702522_1b25654762.jpg,Nwatakịrị nwoke na-amalite ịtụgharị obere basketball .,Basketball
246508774_1e9885f1b7.jpg,Otu nwoke nwere akpụkpọ ụkwụ oroma guzo na mmadụ ole na ole ndị ọzọ.,Man in orange boots
2473737724_355599a263.jpg,Ụmụ agbọghọ na-eme nka mgba na akwa uhie .,Judo
2473791980_805c819bd4.jpg,Otu parasailer sọfụ n'oké osimiri na-eyi uwe igwu mmiri ojii .,Kitesurfing
2483993772_f64e9e4724.jpg,Nkịta ojii na aja aja na-agbalị ijide bọọlụ na-acha anụnụ anụnụ .,Dog playing with a ball
2491343114_a3e35a2a3a.jpg,Nkịta na-agba ọsọ gafee ájá .,Dog on the beach
2502782508_2c8211cd6b.jpg,Otu nwoke nọ n'okpu na ugogbe anya anwụ na-agụ akwụkwọ na bench park .,man reading a book
251056963_c8b67f0107.jpg,Nkịta ojii na nke na-acha ọcha na-agba ọsọ na-acha anụnụ anụnụ na-,Dog
2540757246_5a849fbdcb.jpg,Otu ìgwè mmadụ na-eguzo n'èzí n'abalị na-ekwu okwu .,People
2555521861_fc36fd3ab0.jpg,A na-adọkpụpụta onye ejikọtara na njikota site na mmiri.,Water
2557972410_6925fe695c.jpg,Ụfọdụ ụmụaka na-egwu hockey n'èzí .,Hockey
2558911884_856dfc3951.jpg,Ụmụ okorobịa atọ na-egwuri egwu n'èzí .,Boys playing in the park
2559638792_a803ff63d1.jpg,Nwa agbọghọ na-eme backstroke na ọdọ mmiri .,Swimming
2572101672_4d699c8713.jpg,Otu nwoke guzo n'akụkụ ogige nnụnụ,Man with a cage
2578289278_01516d23a0.jpg,Cowboy na-acha anụnụ anụnụ na-acha uhie uhie uwe elu na-bucked si a ịnyịnya .,Rodeo
2579268572_d78f8436cb.jpg,A ìgwè ndị mmadụ na-agba ịnyịnya a ala coaster isi n'ala .,Roller coaster
2579460386_94c489028d.jpg,Nkịta a na-awụlikwa elu site na mmiri.,Dog swimming
2600883097_aca38cc146.jpg,Nkịta abụọ na-acha aja aja na-egwu egwu na mmiri na-emighị emi,Dogs
2603334363_cfa32c4482.jpg,Nwa agbọghọ na-eyi uwe fairy na-agba ịnyịnya tricycle .,girl on tricycle
2610447973_89227ff978.jpg,Mmadụ abụọ na-anọdụ gburugburu nnukwu ọkụ.,Campfire
2615811117_42b1838205.jpg,A nwa na a ndụ jaket na a raft .,Baby in a life jacket
2616009069_82561da2e5.jpg,Nkịta abụọ na-agba ọsọ site na ahịhịa.,Two dogs running in a field
2618538137_44fffe10c4.jpg,A nwoke na a skateboard poses na a nkịta .,Dog and man on skateboard
2623146491_b64698b875.jpg,Otu nwoke guzo n'ahịrị ndenye ọpụpụ na ụlọ ahịa .,This is a photo of a man working at a store in a mall. He is wearing a black tank top and a black shirt. He is holding a white plastic bag with a white shirt inside of it.
2623496164_68ffeb5067.jpg,A biker on a dirt path .,Mountain biking
2628331789_c7f7d90e5d.jpg,Otu nwanyị na-ejide nwa okorobịa na-awụlikwa elu n'ime ọdọ mmiri .,Swimming
263854883_0f320c1562.jpg,Nkịta abụọ na-agba ọsọ site na ahịhịa.,two dogs
2640153227_57cf1a3d92.jpg,Nwatakịrị nwanyị nwere ntutu isi na-acha odo odo na anya na-acha anụnụ anụnụ na-eri kuki .,girl eating a cookie
2643263887_a32ffb878f.jpg,A nwa nwoke slides ala ihe inflatable mmiri slide .,boy on a water slide
2647062476_5ef31ba867.jpg,Ụmụ nwanyị isii guzo n'ọhịa na-echere ntụgharị ha na ọdụ ụgbọ mmiri-a-potty .,group of women
2656039837_f46b29af92.jpg,Nwa agbọghọ na-aga ịnwa ịkụ bọọlụ tennis .,Tennis
2658009523_b49d611db8.jpg,Nkịta abụọ na-acha aja aja na-agba ọsọ n'ụsọ oké osimiri n'akụkụ oké osimiri.,Dogs playing on the beach
2663248626_f000f2661d.jpg,Nkịta abụọ na-agba ọsọ ngwa ngwa site na ogige .,Two dogs running
2664103423_c539f61016.jpg,Otu nwoke na-ejide parachute ya.,Kitesurfing
2666205903_8d287669e1.jpg,Nwa agbọghọ yi uwe mwụda na-acha anụnụ anụnụ na-anọdụ n'ubu mmadụ ma na-ebu pinwheel .,Girl with a pinwheel
2676015068_690b0fb2cd.jpg,Otu nwoke nọ ọdụ na mmiri doro anya na-emighị emi n'akụkụ nnukwu ihu nkume .,man washing his shoes in a river
2676937700_456134c7b5.jpg,"Ndị mmadụ na-eje ije n'akụkụ ụzọ, na otu onye na-ebu nwanyị.",Kilt
2677656448_6b7e7702af.jpg,Obere nkịta na-acha aja aja na nke na-acha ọcha nọ n'ọdọ mmiri .,Swimming
2696060728_3043cfc38c.jpg,Nwa agbọghọ guzo n'elu bọọdụ sọfụ nke nwoke guzo n'azụ ma jide .,Surfing
2697909987_128f11d1b7.jpg,"Otu nwoke yi uwe elu nke na - ekwu ""Gigolo "" guzo n'ebe dị n'ihu oche na azụ ya na igwefoto.",Receptionist
2708744743_e231f7fcf9.jpg,A nwaanyị na-eji Frisbees na-egwuri egwu na a nkịta n'ihu a stadium ìgwè mmadụ na otu ìgwè nke baseball egwuregwu.,Frisbee
2715155329_1ed1756000.jpg,Otu nwoke na-amụmụ ọnụ ọchị ma na-egosi ugogbe anya anwụ ya na-atụgharị uche .,Smile
2726301121_95a2fbd22b.jpg,Nwanyị na-acha odo odo nke nwere egbugbu na ogwe aka ya guzo nso na mgbidi .,blond
2728813605_cfc943e1ab.jpg,Otu agadi nwanyị na ugogbe anya anwụ na jaket denim .,Photograph of a woman in her 80s wearing sunglasses.
2729147877_c3ec3445bf.jpg,Otu nwata nwoke na-adọkpụ isi n'ala site na mmanya metal .,boy hanging from a bar
2741380826_cfe0ddf0a9.jpg,A obere nkịta jumps n'elu a odo doo .,Dog
2752043092_f48ebfeaa2.jpg,"Nwatakịrị yi uwe na-acha anụnụ anụnụ, na nche .",baby
2755053974_5cc157512e.jpg,Nwatakịrị a nọ ọdụ n'azụ steering wheel nke ụgbọ ala.,baby
2756591658_3ca6db1595.jpg,Mmadụ abụọ nọ n'elu otu oké nkume,Two people on a cliff
2759089516_cbb993cb92.jpg,Nwatakịrị na-arịgo site na obere ọnụ ụzọ .,child
2759596272_e0ce0a965a.jpg,Nwa agbọghọ na-awụlikwa elu site na swing .,Girl playing on a playground
2766765386_4c0beb939d.jpg,A surfer na a oji wetsuit surfs na a na-ajụ efegharị efegharị .,Surfer
2781296531_f6f0f6c0f5.jpg,A nwata nwoke na-splashed na ihu site a egwuregwu egwuregwu na a mmiri ogige .,Boy playing in water
2784625888_71a421e171.jpg,A ojii nkịta jumps n'elu a osisi na green ahịhịa .,Dog jumping over a hurdle
2789238858_14261dd25a.jpg,A muzzled greyhound nkịta na-agba gburugburu a track,Greyhound
2789688929_9424fceed1.jpg,Ụmụ nwanyị abụọ toro eto na-anọdụ ala na bench na-acha ọcha n'ogige ntụrụndụ .,Two elderly women sitting on a bench in a park
2792212974_23b1ef05fa.jpg,Mmadụ nọ n'ime mmiri ma tụpụ ntutu isi ha azụ.,Swimming
2797438951_88a3ed7541.jpg,Nwa agbọghọ nọ n'uwe ịsa ahụ na-acha akwụkwọ ndụ akwụkwọ ndụ na-awụlikwa elu n'ime ọdọ mmiri .,Lake
2800004913_c8394ba332.jpg,Nwa ewu nọ n'oké osimiri na-agba ịnyịnya ebili mmiri .,Girl playing in the waves
280706862_14c30d734a.jpg,Nkịta ojii na-apụta site na mmiri na bọọlụ na-acha ọcha n'ọnụ ya.,Dog
2815745115_c8479d560c.jpg,Nwanyị nwere stuffed anụmanụ ngosi .,Woman selling stuffed animals
2819254573_9ecb5f4d5e.jpg,Nwa ewu na-eti mkpu mgbe ọ nọ n'ụsọ oké osimiri .,boy on a roller coaster
2825540754_5e0c13e6b8.jpg,Nwatakịrị nwere bọket na-agba ọsọ site na ebili mmiri,boy running into the ocean
2833431496_09d999db4d.jpg,Ụmụaka abụọ na-ele anya ala squeezing site a fence .,children
2860667542_95abec3380.jpg,Nnụnụ mmiri na-acha ọcha na-ewere ụgbọ elu si n'ọdọ mmiri.,Great egret
2866820467_ae699235a7.jpg,Nwoke nọ na bench na-ehi ụra n'okpuru nche anwụ maka onyinyo,Homeless man sleeping on a bench in the park
2868575889_2c030aa8ae.jpg,A skateboarder na ikuku n'elu ya osisi na a residential n'okporo ámá .,Skateboarder doing a kickflip
2870875612_2cbb9e4a3c.jpg,Nkịta na-egwu mmiri na mkpara n'ọnụ ya.,Dog swimming in a lake
2881441125_b580e3dd4b.jpg,Ụmụaka abụọ nọ n'èzí n'akụkụ akpa mmiri na pail mmiri,children playing with water
2881468095_d4ce8c0c52.jpg,A skateboarder eme aghụghọ na a brik mgbidi n'akụkụ steepụ .,Skateboarder doing a 50-50 on a ledge
2883950737_3b67d24af4.jpg,Ụmụ nwanyị abụọ yi bikinis na-eje ije n'elu ájá .,Beach volleyball players
2887750774_920eb171aa.jpg,Nkịta na-awụlikwa elu site na mmiri gaa n'ụsọ oké osimiri .,Dog running in water
2895403073_906768cafa.jpg,Otu nkịta na-ebu ezé ya na nkịta abụọ ndị ọzọ ka ha na-agba ọsọ n'akụkụ mmiri.,Dobermans
2899374885_f3b2b1a290.jpg,Nwatakịrị na-agbalị ijide mmiri site na isi iyi n'ọnụ ya,Baby boy playing in a fountain
2901880865_3fd7b66a45.jpg,A surfer jumps a efegharị efegharị .,Surfer
2909875716_25c8652614.jpg,Nwa agbọghọ nọ n'ọhịa nke nwere ịchafụ na-acha odo odo .,girl in a field
2926233397_71e617f3a3.jpg,Nkịta fọrọ nke nta ka ọ bụrụ ụzọ niile na mmiri ma na-aṅụ ihe ọṅụṅụ.,Dog
2934359101_cdf57442dc.jpg,A ọkpọ na a red okpu agha nwere mmiri fesa n'ọnụ ya site ya nchịkwa na ọkpọ mgbanaka .,boxer
2935986346_29df6cf692.jpg,A isi awọ nkịta yi a muzzle na-agba ọsọ n'elu ahịhịa .,Irish wolfhound
294098577_c10f32bcfa.jpg,Nwoke na-eje ije n'okporo ụzọ unyi na ụlọ ahịa n'akụkụ .,Street in town with souvenir shops
2942133798_e57c862a90.jpg,"Nkịta abụọ, otu nwere Frisbee.",Frisbee
294549892_babb130543.jpg,Mmadụ atọ na-anọdụ ala ma na-ele ugwu anya.,Hiking
2949880800_ca9a1bb7e6.jpg,"Ụmụ agbọghọ abụọ yi bikins guzo n'ọdọ mmiri ahụ,",two girls in a lake
2950393735_9969c4ec59.jpg,Onye agadi nwere mgbidi brik na ndabere .,old woman
2975018306_0e8da316f5.jpg,Nkịta na-acha aja aja na-ata imi ya n'etiti ahịhịa ụfọdụ,Dog
2980348138_91cc6f6d0f.jpg,Onye na-arị elu nkume na-arịgo .,Rock climbing
2991375936_bf4b0a7dc0.jpg,Nwatakịrị nwanyị na-emetụ aka n'ihu nwanyị toro eto.,mother and daughter
299181827_8dc714101b.jpg,Nwatakịrị nwanyị ahụ wụsara mmiri site na bọket n'elu onye ahụ na uwe elu na-acha ọcha .,Water fight
3002448718_a478c64fb4.jpg,"Ụmụ nwanyị anọ nọ n'ihu Odeon na-eyi uwe ojii yiri nke ahụ, pink na-acha ọcha superman ụdị uwe elu na jean skirts.",People walking in a parade
3006094603_c5b32d2758.jpg,Nke a bụ nwoke na-ejide iko ma na-eyi t-shirt Obama .,A man wearing a t-shirt with a picture of Barack Obama on it.
3008370541_ce29ce49f0.jpg,Nkịta ojii nke nwere olu akwa na-acha anụnụ anụnụ na-awụlikwa elu n'ime mmiri.,Dog jumping into water
3016651969_746bd36e68.jpg,Ndị mmadụ na-ebugharị ngwá ụlọ site na windo akụkọ nke abụọ nke ụlọ na-eji ụdọ na pulleys .,"The facade of a building in Amsterdam, Netherlands"
3019857541_3de3e24f54.jpg,Nkịta na-awụlikwa elu n'ikuku n'elu akwụkwọ ụfọdụ .,Dog
3029928396_99ac250788.jpg,Nwatakịrị nwoke na-ebuli aka ya elu ma guzo n'etiti ọtụtụ pumpkins oroma .,Boy jumping in pumpkin patch
3036033157_522a43a550.jpg,Nkịta na-egwuri egwu na bọọlụ spiky na-acha anụnụ anụnụ na ahịhịa.,Dog
3037558954_20115165e3.jpg,Mmadụ na-efe efe n'ime mmiri.,Windsurfer
3040033126_9f4b88261b.jpg,Nkịta na-acha aja aja na-awụlikwa elu n'ime mmiri site na nkume .,Dog jumping into water
3042381160_ffe2b16808.jpg,Otu onye na - arụ ọrụ na kọmputa na ngwá ọrụ ndị ọzọ na mmadụ atọ ndị ọzọ nọ n' azụ na - ekwu okwu.,A group of people working on a computer
3053916979_848d32261b.jpg,A nwoke na a ojii uwe elu na-awagharị gburugburu n'etiti fencing egwuregwu .,fencing
3055716848_b253324afc.jpg,A skateboarder jumps .,Skateboarder doing a grind on a rail
3062173277_bfb5ef4c45.jpg,Otu ìgwè ndị mmadụ na - agba ụgbọ mmiri n' asọmpi.,Dragon Boat Festival
306318683_5f1f875191.jpg,Nwatakịrị nwoke na-ebu igbe gafee àkwà mmiri .,Boy with a box of candy
3066338314_2c3fb731d1.jpg,Otu nwoke na-anọdụ ala na tebụl.,man in a bar
3068735836_872fba3068.jpg,Otu nwoke na-eme wheelie na ọgba tum tum mgbe ìgwè mmadụ na-ele anya .,Stunt rider
3068945309_ff0973e859.jpg,A basketball player na a na-acha ọcha uniform na-eme ka a na-awụlikwa elu shot megide a otu yi ojii uniforms .,Basketball
3077166963_fe172c709d.jpg,A girl guzo na abụọ mkpa ndekọ na foto buffalo gafee a osimiri .,Photographing bison
308307853_5a51fbdecc.jpg,A na-acha ọcha nkịta na-agba gburugburu a tumbleweed na a ájá dune .,Dog running on the beach
3084011664_76d37c6559.jpg,otu nwoke na otu nwanyị na - ese foto.,couple
3086526292_f799d237c7.jpg,A na-egosi ụkwụ ụmụaka atọ ka ha na-eguzo nso na ọgba aghara nke eriri nzuzu .,Street art
3086810882_94036f4475.jpg,Nkịta na-agba ọsọ gafee ájá .,Dog on the beach
3090593241_93a975fe2b.jpg,Ìgwè mmadụ na-agbakọta n'èzí ámá egwuregwu .,Crowd
3090957866_f1b2b7f214.jpg,A nwaanyị na-acha anụnụ anụnụ jeans na a aja aja jaket na-eje ije ala a obodo n'okporo ámá .,woman walking down the street
3091580843_178042c50b.jpg,Otu nwoke na-eje ije n'akụkụ ụzọ gara aga storefronts .,sign
3092200805_dd1f83ddbe.jpg,Ndị ikom abụọ nọ na - akwọ ụgbọ mmiri n' ọdọ mmiri.,Canoe
3094278545_febac56382.jpg,Nwanyị na-eyi uwe mara mma na tiara n'ụsọ oké osimiri,Quinceañera on the beach
3094568845_d0b56c5651.jpg,A agbụrụ ụgbọ ala na-spinning si n'ihu ndị na-ekiri .,Formula 1 race car
3097196395_ec06075389.jpg,Nkịta abụọ na-agba ọsọ gafee track .,Greyhounds racing
3100251515_c68027cc22.jpg,Otu ìgwè ndị na-eme ngagharị iwe picket n'okporo ụzọ .,"Demonstration against the nuclear power plant in the city of Karlsruhe, Germany"
3105315670_5f86f73753.jpg,"Nwanyị ahụ na-eyi okpu aja aja na uwe ojii, ọ nọkwa n'akụkụ ụzọ.",Central Park
3109704348_c6416244ce.jpg,Ụmụ okorobịa ahụ na-egwu egwuregwu .,Rugby
3113682377_14fc7b62b0.jpg,Ụmụ nwanyị abụọ na-amụmụ ọnụ ọchị na-ese foto .,Two friends
3120648767_812c72eabe.jpg,Otu nwoke na-agba ịnyịnya ígwè unyi ya site na ikuku n'ọzara.,motocross
3123463486_f5b36a3624.jpg,"The aja aja, na-acha ọcha na nwa nkịta na-agba ọsọ na a gravel elu.",Dog
3126795109_73920ed5dc.jpg,A Miami basketball player na basketball n'aka nri n'ụlọikpe .,Basketball player
3134387321_3a253224c1.jpg,Mmadụ atọ na-ese foto .,Three people in a bar
3138746531_f6b816c126.jpg,Mmadụ atọ nọ ọdụ n' ebe ọkụ na- enwu.,Fire
3141293960_74459f0a24.jpg,A skateboarder na-eme a aghụghọ na ikuku .,Skateboarder
3156991513_3bf03333d8.jpg,Otu nwoke na-agba ịnyịnya ígwè n'okporo ụzọ unyi .,Mountain biker
3159447439_c1496cbaea.jpg,Nkịta abụọ na-agba ọsọ site na ahịhịa.,Dogs playing
3165936115_cb4017d94e.jpg,Abụọ na-eto eto Asian ụmụ okorobịa juggle agba igbe na a ụlọ ahịa .,Chinese New Year
3169777863_d745865784.jpg,"A ìgwè nke ndị ikom na ndị inyom na a na-agba egwú studio, ogwe aka ha na-eru na mbara igwe.",Modern dance
3171250845_5ae0d2a8bc.jpg,Nwa nwoke yi uwe snowsuit na-acha odo odo na oji na-egwuri egwu na nkịta aja aja na-eyi olu akwa na-acha uhie uhie .,Boy and dog playing in the snow
3174228611_6cf9d2266b.jpg,Onye na-egwu egwuregwu basketball SMU na-egwu basketball .,Basketball
318070878_92ead85868.jpg,Nwa agbọghọ na-ebu ọtụtụ scarves mara mma n'ụsọ oké osimiri .,Girl selling bracelets on the beach
3183195653_11b66acb34.jpg,Nwanyị abụọ yi ịchafụ dị iche iche na-acha agba agba n'elu ntutu isi ha n'èzí .,Two women wearing hijab
3187395715_f2940c2b72.jpg,A nwa nwoke na skateboard na-eme ka a na-awụlikwa elu si a-acha anụnụ anụnụ bench n'akụkụ a na-acha ọcha mgbidi.,Skateboarder doing a ollie over a bench
3189251454_03b76c2e92.jpg,Nkịta guzo na snow barking .,dog
3202360797_2084743e90.jpg,Nkịta na-eje ije n'okporo ụzọ taya na snow.,Dog
3206919175_e3a11b6874.jpg,Otu ìgwè mmadụ na-ezukọta naanị ụkwụ ha na-egosi na otu n'ime ha na-ejide sịga .,people
3211581957_df2f7e2236.jpg,Onye na-agba ịnyịnya n'elu ịnyịnya na-eme ka ịwụli elu .,Horse jumping
3214100656_80cda1b86b.jpg,Otu ìgwè mmadụ na-ese foto .,Family
3215117062_6e07a86352.jpg,Ụfọdụ ndị nọ n'afọ iri na ụma na-ekiri ihuenyo dị nso na ụfọdụ Mini Coopers .,The interior of a car dealership
3215238223_29de2b35cb.jpg,A Ihọd grinds a windowsill nso a ochie windmill,Windmill
3218861747_5c5c547b66.jpg,A skateboarder na-eme a aghụghọ na ikuku na ya skateboard na a red ramp mgbe ndị mmadụ guzo gburugburu na-achọ .,Skateboarder
3222055946_45f7293bb2.jpg,The basketball player na-acha ọcha na-dribbling bọl n'ebe player na oji .,Basketball
3225310099_d8e419ba56.jpg,Ụgbọ mmiri kwụsịtụrụ site na eriri USB n'elu mmiri .,The boat is lifted by a crane
3227140905_1d7e30e4c4.jpg,Nwoke na-atụba kaadị ka ya na nwanyị ahụ nọ ọdụ ma na-egwu kaadị.,A man and woman playing a card game
3228069008_edb2961fc4.jpg,Brown nwa nkịta biting osisi,puppy
3230101918_7d81cb0fc8.jpg,Hockey player na-acha uhie uhie uniform ọṅụṅụ si a green mmiri karama .,Hockey player
3231596071_f0c522a639.jpg,"Otu nwoke nwere afụ ọnụ na-ehi ụra n'oche, ụlọ akụ kọmputa n'azụ ya.",yawning
3240094420_a9eea11d39.jpg,Ụmụ nwanyị Asia anọ na-ese foto .,4 female students
3241965735_8742782a70.jpg,A skier na-eme ka a na-awụlikwa elu na ya skis gafere .,Skiing
3242007318_01e82171aa.jpg,Ụmụ agbọghọ abụọ na-eto eto na-eme n'èzí ụlọ brik ma na-amụmụ ọnụ ọchị maka igwefoto .,The entrance to the museum
3243020805_2bafc36c45.jpg,Nwatakịrị swings a nnukwu ọcha osisi mgbe ndị ọzọ na-ele anya na .,Boy with a sword
3243094580_ccd01679f5.jpg,Onye ahụ na-agba ígwè n'okporo ámá n'abalị.,Bicyclist on the bridge at night
3244586044_205d5ae2ba.jpg,"A nkịta yi a ọnụ ọgụgụ "" 8 "" agbụrụ na a track .",Greyhound
3244747165_17028936e0.jpg,Ụmụ nwanyị abụọ na ụmụ nwoke abụọ na-ese foto igwefoto onwe ha.,group of friends
3246804978_ea2c9e56f2.jpg,Otu ìgwè pugs na ahịhịa .,Pugs
3247423890_163f00a2cb.jpg,Otu nwa okorobịa juggles isii ojii na-acha ọcha bọọlụ .,Juggling
3249014584_21dd9ddd9d.jpg,Otu nwoke nwere chainsaw ma na-akpụ otu ngọngọ nke ice .,Ice carving
3254645823_a7c072481c.jpg,Abụọ snowboarders na ikuku n'elu snow .,Snowboarding
3254662117_b2e7dede6e.jpg,Ụmụ okorobịa abụọ nwere ogologo ntutu guzo n'ihu windo .,Two young men with long hair
3255482333_5bcee79f7e.jpg,A skier skiing downhill na a ígwé ojii nke snow .,Skiing
3259002340_707ce96858.jpg,Nkịta ojii nke nwere olu akwa na-acha odo odo na-agba ọsọ .,Dog
3259222980_04fb62df97.jpg,Ndị ikom abụọ guzo n'azụ tebụl na ngwá electronic na ya .,Two men working on a radio station
3259579174_30a8a27058.jpg,Nwa okorobịa nọ n'okpu oyi na-agbadata n'ugwu snow.,Skiing
3259666643_ae49524c81.jpg,A nwoke na a na-acha ọcha uniform jumps mgbe ejide a basketball dị ka ọzọ na-acha anụnụ anụnụ blocks ya .,Basketball
3260768565_2b725be090.jpg,A ọchịchịrị tent na nightclub ọkụ na ndị mmadụ na-agba egwú na a nwoke na a uwe na n'ihu .,Night
3262760716_1e9734f5ba.jpg,Otu nwoke na-ejide nwa ọhụrụ nke na-ejide iko anya .,Baby and father
3268175963_113d90d178.jpg,Otu nwoke na-abụ abụ dị ka onye ọzọ na-akpọ guitar .,Concert
3270047169_2ed289a9af.jpg,Nwa nwoke ahụ na-eme aghụghọ na ụgbọ okporo ígwè na-acha uhie uhie na skateboard .,Skateboarder on a grind rail
3272071680_648a99f7d2.jpg,A nwoke na a beret na mkpa mustache gestures ka ụmụ nwanyị abụọ na mkparịta ụka .,Three people talking
3288173388_03bc2a844d.jpg,Nwoke ahụ na-ede ihe na chalkboard iji kụziere nwa agbọghọ ahụ guzo n'akụkụ ya.,Teacher and student in a classroom
3298233193_d2a550840d.jpg,Nkịta na-egwuri egwu na bọọlụ n'ụsọ oké osimiri.,Dog playing with a ball on the beach
3300019891_8f404d94a1.jpg,E nwere nnukwu nnọkọ nke ndị mmadụ na ejiji n'èzí n'okporo ámá.,Carnival
3301438465_10121a2412.jpg,Ndị ikom atọ guzo n'ọhịa egwuregwu n'ihu ìgwè mmadụ buru ibu.,Cricket
3314180199_2121e80368.jpg,Otu nwa okorobịa na - aga n' ebe bọl odo dị.,Soccer
3315353266_70f0bbb1c3.jpg,Otu nwoke na-acha odo odo na-akpọ guitar maka ego .,Busker
3319020762_d429d56a69.jpg,Mmadụ abụọ nọ na ebili mmiri.,Swimming
3319405494_58dee86b21.jpg,"Ndị na - eme ski abụọ na - agbalị ime ihe aghụghọ, ebe onye nke atọ na - eme ihe n'azụ ha.",Skiing
3319723910_af5b5f1fae.jpg,"A Ihọd na skateboard , na-eme a aghụghọ .",Skateboarder
3320154278_c67e01b8d1.jpg,Otu nwa okorobịa nọ n'ịnyịnya ígwè na-acha anụnụ anụnụ na otu nwoke gbagọrọ agbagọ n'elu ime mgbanwe na ịnyịnya ígwè .,grandfather and grandson
3321334180_8f764e0e0f.jpg,Nnụnụ na-acha ọcha nke nwere nku ya weliri elu hovers n'elu mmiri.,Black-capped night heron
3323498985_fd9d2803fd.jpg,Otu nwoke dara n'oké osimiri,Surfer falling off a wave
3325129757_7a1979ac11.jpg,Mmadụ na-ele anya dị ka snowboarder na-eme aghụghọ fancy na ikuku,Snowboarder in the air
3325974730_3ee192e4ff.jpg,A snowboarder jumps elu n'ime ikuku anya nke a snowy ramp .,Snowboarder
3330007895_78303e8a40.jpg,Otu nwoke yi jaket ojii na-ele anya ala .,Man in black jacket
333031366_a0828c540d.jpg,"Black na ọcha nkịta n'èzí na apịtị mmiri, na osisi n'ọnụ.",Dog
3330935489_9cb67ca36b.jpg,Nkịta na-acha ọcha na-adọkpụpụta nnukwu osisi .,Dog
3332467180_d72f9b067d.jpg,Otu nwoke na-enwu sịga n'akụkụ ebe a na-ekpofu ihe n'ebe a na-emekọ ihe ọnụ.,Man in white shirt and blue jeans standing on a step in front of a dumpster
3333675897_0043f992d3.jpg,Nkịta ojii na nke ọcha na-eme aghụghọ na usoro .,dog
3334866049_f5933344aa.jpg,Nwatakịrị na-eje ije na snow.,Skiing
3336211088_4c294a870b.jpg,A ọrụ n'aka plaza na ọtụtụ ndị na-enwe mkparịta ụka .,People
3336759846_5220e27deb.jpg,Otu ìgwè mmadụ na-ese foto .,Kissing
3338217927_3c5cf3f7c6.jpg,Nkịta ojii na-awụlikwa elu n'ikuku iji jide ihe egwuregwu na snow .,Dog playing in the snow
3338474677_7376e426c2.jpg,Otu nwoke nọ n'ịnyịnya ígwè na-anọdụ na ìhè nkwụsị na ekweisi na # 1.,Bicycle
3338590946_f25b76cbc7.jpg,Otu onye na-eteta n'ime mmiri.,Surfer
3340857141_85d97a7466.jpg,Otu obere nkịta ọcha na otu nnukwu nkịta uhie.,Two dogs playing
3341084434_db5e7d1fdc.jpg,A downhill slalom skier leaning site a ntụgharị .,Skiing
3341477531_4e37450f35.jpg,A shirtless nwoke na-agba ịnyịnya a skateboard .,Skateboarder
3349194268_0ee555c9a2.jpg,Ụmụ agbọghọ asia abụọ ahụ na-amụmụ ọnụ ọchị na igwefoto n'ọhịa okooko osisi na-acha odo odo .,two girls in a field of flowers
3349528565_0bc013b70a.jpg,Nwa agbọghọ nwere ntutu isi ya na-efe efe site na isi ya poses na skateboard,Girl on a skateboard
3350671534_2a5d45a961.jpg,Man na-acha odo odo sweta n'elu a skateboard ramp .,skater
3359089834_263e529c71.jpg,Nkịta abụọ ojii na abụọ na-acha ọcha na-egwuri egwu na snow.,Dogs playing in the snow
336551609_1385ab139e.jpg,Mmadụ na-aga n'ụzọ snow na-aga n'ugwu.,Skiing
3365783912_e12c3510d8.jpg,Ndị ikom abụọ na-eje ije n'okporo ámá obodo na-arụsi ọrụ ike na okwu ndị e biri ebi n'akụkụ ụzọ .,men walking
3369258147_03db257f0f.jpg,Otu nwoke na-slouching na a ndina na ndị mmadụ na-eje ije na-anọdụ gburugburu ya.,A man sleeping in a public place.
3371279606_c0d0cddab2.jpg,"Ndị okenye abụọ nọ ọdụ na tebụl , otu na-ejide ikpe guitar",Two men sitting in a room
3381161854_af8b05243c.jpg,Nkịta abụọ na-agba ọsọ n'ebe osisi dị.,two dogs running
3387630781_f421a94d9d.jpg,Nwatakịrị nọ n'uwe elu baseball na-agbagharị site na tube .,baby
3387661249_33e5ba0bc5.jpg,Nkịta na-acha aja aja na-ele ịnyịnya ojii nke na-arapara isi ya site na fence .,Horse and dog
3399312265_9c74378692.jpg,Nkịta abụọ na-alụ ọgụ na snow.,Dogs playing in the snow
3399798295_a452963365.jpg,Ụmụ nwanyị abụọ nwere ogwe aka ha gburugburu ibe ha na-amụmụ ọnụ ọchị n'ime igwefoto .,two women
3399944164_ec24123945.jpg,Nwanyị dina ala na igwefoto na nwoke na-adabere azụ na ya na-ese foto ahụ .,couple
3405942945_f4af2934a6.jpg,Obere nwa nwoke yi uwe elu ojii na nke na-acha uhie uhie na-agbada n'ugwu ahịhịa .,boy
3407357681_5aeaab5b59.jpg,Nkịta na-agba ọsọ site na mmiri.,Dog running in water
3416013671_98b5c75046.jpg,Nwoke nwere afụ ọnụ n'ihu na-egwu bagpipes,Bagpiper
3420469425_2980b4cd30.jpg,Onye ụkọchukwu na-ejide akwụkwọ na-ele nwanyị na nwa ya anya.,Baptism
3425061393_d093edb8da.jpg,Onye na-egwu egwuregwu tennis na-agagharị maka mgbọ .,tennis player
3425662680_41c7c50e8d.jpg,Jockeys racing ịnyịnya ala a ahịhịa track .,Horse race
3434526008_02359881a0.jpg,A nwoke na a sleeveless uwe elu na-arụ ihe ikuku stunt tinyere a graffiti-kpuchie mgbidi .,Skateboarder
3437693401_202afef348.jpg,Nkịta na-acha ọcha na nkịta aja aja na-egwuri egwu ike .,Dogs fighting
3439414478_8038ba9409.jpg,Nkịta na-acha aja aja na-awụlikwa elu n'ikuku,boxer
3441531010_8eebbb507e.jpg,E nwere beige na nkịta ọcha na-agba ọsọ site na mmiri.,Dog
3451523035_b61d79f6a8.jpg,Ọtụtụ greyhounds na ọnụ ọgụgụ chiefs racing gburugburu a track .,Greyhound racing
3458559770_12cf9f134e.jpg,"A biker na a-acha anụnụ anụnụ jaket, nwa ogologo ọkpa, na-acha ọcha okpu agha na-akwọ ụgbọala na unyi mgbe ndị mmadụ na-ekiri.",Bicycle
3459419203_cd7c68ce4d.jpg,A nwaanyị igwu mmiri na a ọdọ mmiri na-akawanye splashed site ya otu igwu mmiri gara aga .,Swimming
3459492423_c881f12c9f.jpg,A nwoke na oroma uwe elu na a ponytail bụ free ịrị a nkume ihu .,Climbing
3460551728_63255cec18.jpg,Ndị mmadụ na nkịta nọ n'ụsọ oké osimiri gbara ugwu gburugburu.,Dog on a beach
3463523977_f2ed231585.jpg,Nwa agbọghọ nwere ntutu isi na-acha uhie uhie na-awụlikwa elu site na swan .,A little girl chasing a swan
3472449219_eb927f05b8.jpg,Onye na-agba ịnyịnya ígwè unyi n'apịtị,motocross
3473320907_3884a7203b.jpg,Ndị egwuregwu hockey ubi na-acha uhie uhie na-acha anụnụ anụnụ na otu onye ọkpụkpọ na-ewere ọdịda,Hurling
3476451861_5b9c9ce191.jpg,Mmadụ na-agba ịnyịnya ígwè n'elu osisi.,Bicycle
3477977145_4df89d69a1.jpg,Abụọ greyhounds agbụrụ gburugburu a track .,Greyhounds racing
3480126681_52cea26bda.jpg,Nkịta ojii na-agba ọsọ gafee ala na-enweghị isi .,Dog
3484841598_e26ee96aab.jpg,"Onye isi ala mbụ na-agba mmiri iji jide ntụpọ , ebe onye na-agba ọsọ na-emetụ ntọala mbụ na egwuregwu softball",Softball
3485425825_c2f3446e73.jpg,Nwa agbọghọ na-eguzo n'azụ ịnyịnya ígwè nwoke mgbe nwoke ahụ na-ere ahịa n'ihu .,Bicycle
3485816074_363cab4bff.jpg,Onye egwuregwu rugby na-agbachitere bọọlụ megide onye otu ndị ọzọ na-anwa idozi ya .,Rugby player
3486154327_8be7c78569.jpg,Ụmụ atọ nọ ọdụ n'elu steepụ.,Three children sitting on a staircase
3487131146_9d3aca387a.jpg,Ndị na-ekiri isii na-ekiri ụgbọ ala na-agba ọsọ unyi na-agafe n'ígwé ojii nke ájá .,Rally car
3491013009_572cf2c18a.jpg,Otu nwa agbọghọ nọ n'uwe elu gbara ọchịchịrị nwere eriri ndị e sere n'okpuru anya ya ebe nwa agbọghọ ọzọ guzo n'ihu .,Girl with face painted
3498354674_b636c7992f.jpg,A skateboarder eji ala a steepụ okporo ígwè .,Skateboarder doing a 50-50 on a ledge
3503624011_733d745d5a.jpg,Nwanyị nwere ihu na-ese ihe na-amụmụ ọnụ ọchị .,English woman
3514194772_43ba471982.jpg,Nkịta na-acha aja aja na-eje ije n'elu ahịhịa.,boxer
3515451715_ac5ac04efa.jpg,Nwanyị na-agbanye ụmụ abụọ na swings .,Mother pushing her children on swings
3523474077_16e14bc54c.jpg,Otu nwoke nọ na uwe elu na-acha anụnụ anụnụ na-ejide igwefoto .,man with camera
3532412342_e0a004b404.jpg,Nwatakịrị nwoke nọ na taya.,Tire
3533451027_b078e4631b.jpg,Nwoke ahụ nọ na uwe ojii na nke na-acha ọcha na-agba ọsọ na bọl .,Rugby player
3533484468_0787830d49.jpg,Otu nwoke nọ na ekwentị guzo na nwanyị .,A young couple
3533922605_a2b1e276f6.jpg,Ụmụ agbọghọ abụọ na-anọdụ ala n'ihu windo ogologo ala na echiche .,two girls sitting on the floor in front of a window with a view of the city
3535879138_9281dc83d5.jpg,"A nnukwu ìgwè mmadụ na-eje ije n'okporo ámá, ụfọdụ na-ebu ọkọlọtọ ma ọ bụ ọkọlọtọ.",Protesters in London
3537520829_aab733e16c.jpg,A skateboarder agafe ala a okporo ígwè .,Skateboarder
3538686658_30afc75f02.jpg,A onye na a biking uwe na-agba ịnyịnya ígwè ala a ugwu.,Mountain bike
3540416981_4e74f08cbb.jpg,A na-acha ọcha nkịta na-achụ a stuffed anụmanụ na-adọkpụpụta na a eriri .,Dog
3541491057_61a49588d9.jpg,Nkịta abụọ na-egwuri egwu n'ọhịa ahịhịa,Dog
3547647914_4dd56a8c1b.jpg,Otu ìgwè mmadụ na-eguzo n'okporo ámá,People playing a game
3552206648_123bf4ac82.jpg,A swan bụ n'elu mmiri .,mute swan
3559781965_d4ec00e506.jpg,Nkịta na-acha aja aja na-eyi muzzle na-acha anụnụ anụnụ ka ọ na-agba ọsọ na ahịhịa.,Dog
3561537309_e271d57492.jpg,Otu nwata nwoke guzo n'oké osimiri na ogwe aka ya na-agbatị agbatị.,boy in the ocean
3565598162_56044bc2f7.jpg,Ụmụ agbọghọ abụọ nọ na puffy skirts na-agba egwú n'ihu ụfọdụ ndị na-egwu egwu n'okporo ámá .,Street performers
3568505408_4e30def669.jpg,A ehi na-agba ịnyịnya mgbe spinning a lasso gburugburu .,Rodeo
3582689770_e57ab56671.jpg,Mmadụ abụọ na-eje ije n'akụkụ ogologo cannon na tank .,Cannon
3584829998_25e59fdef3.jpg,Nkịta na-agba ọsọ ma na-egwu egwu n'ọhịa baseball.,Dogs playing
3587077732_0933f1677b.jpg,Nwa okorobịa na-splashing site a puddle nke mmiri.,Boy running through a puddle
3593538248_dffa1a5ed4.jpg,Ọtụtụ hockey egwuregwu si dị iche iche ìgwè na a referee bụ ọnụ na ice .,Ice hockey
3595643050_d312e4b652.jpg,Nkịta na-acha ọcha na-eguzo n'ụkwụ ya n'azụ ya na bọọlụ n'ọnụ ya.,Dog
3599442049_e448c7c9b2.jpg,A shirtless nwa nwoke punches snow .,Water
3603116579_4a28a932e2.jpg,Otu nwoke na-egwu baseball .,Baseball
3603301825_5817727be2.jpg,A goalie blocks puck na a ubi hockey egwuregwu .,Hockey
3604383863_5e387cb8e6.jpg,"Nwoke na nwanyị na-ele anya na-eju anya, na nwoke na-ejide ekweisi.",man and woman
3605676864_0fb491267e.jpg,Nwa nwoke nwere bọọlụ osimiri n'azụ ya na-egwuri egwu na ọdọ mmiri,Swimming
3606084228_6286a52875.jpg,A nwoke na-eme a midair stunt na a unyi bike mgbe ndị mmadụ na ndabere nche .,Mountain bike
3615730936_23457575e9.jpg,Onye yi okpu agha na-agba ịnyịnya ígwè ruru unyi n'okporo ụzọ ruru unyi n'ọhịa .,Mountain biking
3619806638_7480883039.jpg,A skateboarder mezue a na-awụlikwa elu mgbe nwoke ọzọ na-edekọ ya .,Skateboarder doing a trick
3623331945_df0f51d7dd.jpg,Nwatakịrị na-eyi okpu na-eje ije n'ájá mmiri.,boy running on the beach
3624076529_9793655a21.jpg,Nkịta na-egwu mmiri na mkpara n'ọnụ ya.,Dog swimming
3629492654_619d7b67ee.jpg,A skateboarder na silhouette jumps n'elu ihe oroma okporo ụzọ cone .,Skateboarder doing a trick
3630641436_8f9ac5b9b2.jpg,Nkịta atọ na-agba ọsọ na mmiri n'ụsọ oké osimiri.,Dogs playing in the water
3632258003_6a0a69bf3a.jpg,Men na shọvel shọvel ọcha ájá .,Salt harvesting
3636247381_65ccf8f106.jpg,Nwatakịrị na-atụba baseball n'ime ụgbụ .,Baseball
3637966641_1b108a35ba.jpg,"Ụmụ okorobịa na-egwu baseball , ụgbọala na-adọba ụgbọala na ndabere .",Baseball
3638178504_be1ff246bd.jpg,Ịnyịnya abụọ na-ele obere nwatakịrị anya.,Horse and pony
3638318149_b60450bfbe.jpg,A nwoke na-eme a aghụghọ na a skateboard .,Skateboarder
3638577494_fe55f7b4cb.jpg,"A Pita nkịta, guzo n'ụlọ akụ na-ele ọzọ aja aja nkịta n'ime a ọdọ mmiri.",Dogs
3640104986_5d8c9a9948.jpg,Ọtụtụ ndị na-eguzo gburugburu ihe oyiyi sara mbara nke Jizọs a kpọgidere n'obe n'okporo ámá obodo.,Procession of the Holy Cross
3640417354_b0b3e4aec9.jpg,Nwa agbọghọ na-egwuri egwu n'ogige ntụrụndụ na swing .,Girl on a swing
3647283075_3005333222.jpg,A nwoke yi a red uwe elu na-skateboarding elu a ramp na-kpuchie na graffiti .,Skateboarder
3656151153_b4ed5d94c4.jpg,Nwatakịrị nwanyị guzo n'elu ugwu ájá n'ụsọ oké osimiri .,girl walking on a path to the beach
3677860841_3aa9d8036c.jpg,Nwa agbọghọ na-awụlikwa elu n'ime njedebe miri emi nke ọdọ mmiri mgbe nwa okorobịa nọ nso .,Swimming pool
3694093650_547259731e.jpg,Ndị mmadụ nọ n'uwe ndị agadi na-achọ .,group of pirates
3700554247_9824ae6f3a.jpg,Otu kreenu na-acha ọcha na-achọ nri n'ime mmiri.,Great egret
3701291852_373ea46bb6.jpg,Mmadụ abụọ silhouetted megide a ọdọ mgbe anyanwụ dara .,Two children playing by a lake at dusk
3704995657_e2e114083d.jpg,Otu onye nọ n'elu snowmobile .,Snowmobile
3706356018_28f62290e8.jpg,Ụmụaka ise nọ na ịnya ụgbọ ala a na-akpọ Frog Hopper .,Frog Hopper
3721881082_afe9fc734e.jpg,"Nwanyị na nwa agbọghọ na-eyi uwe ọdịnala, na-anọdụ n'ihu ahịhịa, na-agụ site na akwụkwọ.",Swedish mother and daughter in traditional clothing
3724759125_2dc0e1f4a3.jpg,Nwatakịrị nwoke na-agba ịnyịnya ígwè n'ebe a na-egwu egwuregwu .,Playground
3758787457_1a903ee1e9.jpg,Nwanyị nọ na uwe ịsa ahụ abụọ ojii na-awụlikwa elu n'ime mmiri akwụkwọ ndụ akwụkwọ ndụ .,Girl jumping into the water
386470686_1ae9242878.jpg,Otu nwoke crouched na iferi alaka nke a dara osisi .,Tree
393958545_48c17c66d1.jpg,Nnukwu nkịta ojii na-agba ọsọ site na mpaghara ahịhịa .,Dog
403678611_73978faed7.jpg,Otu nwoke nwere okpu ojii na afụ ọnụ ojii na-agụ magazin nọ ọdụ na bench na-acha anụnụ anụnụ .,man reading a book on a train
405615014_03be7ef618.jpg,Onye uwe ojii yi uwe ojii na-acha akwụkwọ ndụ akwụkwọ ndụ neon nwere mkpọtụ n'ọnụ ya mgbe ọ na-eduzi okporo ụzọ .,Security guard
428485639_a82635d6ee.jpg,Nwatakịrị nwanyị nọ na uwe na-acha anụnụ anụnụ na-arịgo na railings metal n'okporo ámá .,Girl
431410325_f4916b5460.jpg,A ọlaedo haired nkịta na mmiri ntutu na-ata ya imi mgbe na-akpụ akpụ site emighị emi mmiri.,Golden retriever
434938585_fbf913dfb4.jpg,Foto nke nwa agbọghọ na-amụmụ ọnụ ọchị n'ihu tebụl n'okporo ámá .,girl
436015762_8d0bae90c3.jpg,A nwoke na-eje ije gara aga a red ụlọ na a adịgboroja rọketi mmasị na ya .,Rocket
441212506_fcc321ac28.jpg,"Nkịta atọ na-agba ọsọ na ahịhịa, otu na-ebu bọọlụ tennis n'ọnụ.",Dogs playing
444803340_fdcaab86f9.jpg,Nwoke na nwanyị guzo n'okpuru osisi ahụ na-ekwu okwu.,couple
459814265_d48ba48978.jpg,Nkịta shaggy na-egwuri egwu n'ọhịa nke ahịhịa na okooko osisi na-acha odo odo.,Bearded collie
468930779_8008d90e10.jpg,Nkịta na-egwu mmiri na mkpara n'ọnụ ya.,Dog
469969326_4b84073286.jpg,Nwanyị na-anọdụ n'elu oké nkume n'akụkụ mmiri.,Girl sitting on a rock by the sea
470373679_98dceb19e7.jpg,Ndị mmadụ na-ele anya na windo n'ugwu.,Mount Fuji
482830610_13a0a6c924.jpg,Otu nwanyị na-agụ akwụkwọ n'ụgbọ okporo ígwè.,Reading a book on a train
488590040_35a3e96c89.jpg,Ndị ikom abụọ guzo nso na mmiri ahụ na okporo osisi ịkụ azụ ha .,Fly fishing
493542985_c85ad29ebe.jpg,Nwa agbọghọ nọ n'ụgbọ mmiri ụgbọ mmiri dị mkpa na-ahapụ ọdụ ụgbọ mmiri nke ọdọ mmiri .,Rowing
494921598_af73bda568.jpg,Nwatakịrị na-egwu ice hockey,Hockey
495033548_bd320405d8.jpg,Abụọ nwoke bọl egwuregwu na egwuregwu edinam .,Soccer
501520507_c86f805ab8.jpg,Ndị mmadụ na-enyocha ngwá ahịa ahụ n'ụlọikwuu na ngosi nka .,People browsing at a craft fair
508929192_670910fdd2.jpg,Ụmụaka na-egwu badminton n'ogige.,Children playing badminton in the backyard
510510783_b2cf5d57bb.jpg,Nwatakịrị nwanyị na-adọkpụ isi n'ala site na swing agbakwunyere na osisi.,Girl playing on a swing
512101751_05a6d93e19.jpg,Nkịta na-acha ọcha nke nwere muzzle na-agba ọsọ na ahịhịa.,Dog
516998046_1175674fcd.jpg,Nkịta na-agba ọsọ site na mmiri.,Dog running in the water
533713001_2d36e93509.jpg,Ọtụtụ ndị na-anọdụ ala gburugburu tebụl na patio .,People sitting in a cafe
535529555_583d89b7f2.jpg,Nkịta abụọ na-alụ ọgụ maka Frisbee,Dog
537225246_dd0e2158a7.jpg,Mmadụ abụọ yi uwe dị ka ụmụ anụmanụ dị nso na ìgwè mmadụ .,The rat and badger are dressed up in fancy dress and are dancing in the street.
537359971_6e28f5e66e.jpg,Ụmụ nwanyị abụọ nọ na skirts na-agafe n'okporo ámá .,two women walking
539493423_9d7d1b77fa.jpg,Otu nwoke nọ nso n'ebe a na-egwu egwuregwu na-ejide mkpara atọ n'ọkụ .,Fire
539667015_fd0a3bea07.jpg,Otu nwa agbọghọ na - eme ihe ndị a na - eme n' ikuku n' ihu osisi ụfọdụ.,Cheerleader
542648687_adf13c406b.jpg,Nkịta abụọ na-acha ọcha na ndị na-acha ọcha na-agba ọsọ n'ọhịa okooko osisi,Dog
543102698_38e7e38bbc.jpg,A obere nwa nwoke na a red uwe elu na-egwuri na a park telescopic mgbe a girl na a pink skirt elekere .,Children playing with a telescope
543291644_64539956e9.jpg,Nwanyị na-agba egwú na karama mmiri nye ìgwè ahụ na-egwuri egwu n'azụ ya .,A woman in a pirate costume is dancing with a bottle of water in her hand.
54501196_a9ac9d66f2.jpg,A backpacker n'ugwu na-eji ya hiking mkpara na-atụ aka na a glacier .,Hiking
54723805_bcf7af3f16.jpg,Ndị mmadụ nọ n'ugwu snow.,Moon over the summit
549887636_0ea5ae4739.jpg,Otu nwoke na-echere okporo ụzọ ka ọ kwụsị n'okporo ụzọ na-agafe,Pedestrian
561179884_8b6b925ef9.jpg,Otu nwoke yi uwe akwụkwọ ndụ akwụkwọ ndụ nke nwere akpa azụ na-acha anụnụ anụnụ na-ese foto mgbe ọ nọ ọdụ n'elu nkume .,Man with a camera on a tripod in a forest
561940436_64d6fc125d.jpg,Otu agadi nwoke na nwanyị nọ ọdụ n'elu bench ciment na ihu ha .,People
582788646_dc40748639.jpg,Obere nwatakịrị nwere floaties na-acha anụnụ anụnụ na-agbagọ n'elu osimiri .,boy with armbands on the beach
624058168_f1c5e87e59.jpg,Nkịta ojii na nke na-acha ọcha na-awụlikwa elu n'ikuku.,Dog jumping
667626_18933d713e.jpg,Nwa agbọghọ yi bikini na-acha uhie uhie na nke nwere ọtụtụ agba na-edina n'azụ ya na mmiri na-emighị emi .,Swimming
689776124_07f560a920.jpg,Nkịta ojii na-eji obi ụtọ na-agba ọsọ site na ahịhịa.,Dog
693785581_68bec8312a.jpg,Nwa nwoke na-eme ntụgharị mgbe nwata nwoke ọzọ guzo na Matt .,Toddler playing with a friend
743571049_68080e8751.jpg,Nwa okorobịa na-agbagọ sparkler gburugburu na ikuku .,Sparklers
745880539_cd3f948837.jpg,A na-acha ọcha nkịta pụta si a odo tube na ihe mgbochi N'ezie .,Dog
758921886_55a351dd67.jpg,Nwatakịrị nwanyị na-agbadata ọwara na-amụmụ ọnụ ọchị .,girl in a tunnel
765091078_a8a11c6f9e.jpg,Nwa agbọghọ na-eje ije n'elu nkume.,Girl playing on rocks
799486353_f665d7b0f0.jpg,Nwa agbọghọ na-ejide bọọdụ boogie n'ụsọ oké osimiri,Surfer
811662356_f9a632b63c.jpg,A toddler nwa nwoke guzo n'akụkụ a osisi fence .,boy
824782868_a8f532f3a6.jpg,Nwa agbọghọ na-amụmụ ọnụ ọchị n'okpu crouched n'ọhịa,girl
837919879_94e3dacd83.jpg,Ndị ikom abụọ na-egwu akpụkpọ ụkwụ ịnyịnya .,Horseshoe pitching
890734502_a5ae67beac.jpg,Nwa nwoke na-splashing mmiri na ya ịsa uwe .,boy
937559727_ae2613cee5.jpg,Onye ọkụ azụ̀ ahụ guzo n'ime mmiri mgbe ọ na-ele ihe dị ntakịrị n'aka ya.,Fly fisherman
958326692_6210150354.jpg,A tent na a mara ụlọikwuu na a sunlit ọhịa .,Campsite in the redwoods
1030985833_b0902ea560.jpg,Lab ya rangi wa mũhuro na wa ndundu ĩrĩ nja na Lab ya ndundu nĩ ĩracakaya kĩndũ kĩrĩ mũromo-inĩ wayo.,Two dogs playing with a frisbee
1056249424_ef2a2e041c.jpg,Ciana igĩrĩ nĩ irathiĩ na igathaka maaĩ-inĩ.,Two boys playing in a puddle with a beach ball
1057210460_09c6f4c6c1.jpg,Mũndũrũme ũmwe nĩ ahũthagĩra kanjũ yake hakuhĩ na igooti.,Man in a dark room
1075867198_27ca2e7efe.jpg,mũndũ ũrarũaga na ngui igĩrĩ njerũ hũgũrũrũ-inĩ cia iria,Dogs playing on the beach
111537217_082a4ba060.jpg,Mũndũrũme ũmwe nĩ araikarĩra rwaro rwa ihiga.,Rock climbing
1118557877_736f339752.jpg,kamwana gaarĩ na nguo cia kwĩhumba iria rĩarĩ na rangi mũingĩ na gakĩhurutana iria-inĩ,boy playing in the water
1119418776_58e4b93eac.jpg,"Ngui njerũ, njerũ na njerũ ĩrĩa ĩrathiĩ ĩgĩtengʼera gĩthaka-inĩ.",Dog
1164765687_7aca07bbe7.jpg,Mũndũrũme agĩthaka na ngui ndundu arĩ na kĩnanda kĩerũ.,Dog and man playing with toys
1204996216_71d7519d9a.jpg,Kamwana kanini gakomete igũrũ wa gĩtĩ kĩa metha ya gũcakaya.,boy lying on a bench
121971540_0a986ee176.jpg,Andũ erĩ maarĩ nja ya marikabu makĩthereria matara.,Ship
1227655020_b11a1bb112.jpg,Ngui igĩrĩ igĩthaka gĩthaka-inĩ.,2 dogs playing
1253275679_e955fb7304.jpg,"Mwanake warĩ na nguo ndune cia "" ADHD "" akĩnyingataga",boy with down syndrome
1280320287_b2a4b9b7bd.jpg,Andũ erĩ nĩ marathiĩ gũcũnga maaĩ na nĩ marekwo nĩ marikabu.,wakeboarding
1287931016_fb015e2e10.jpg,Ngui njerũ na ngui njerũ marũngiĩ igũrũ rĩa itura.,two dogs
1299459562_ed0e064aee.jpg,Akũrũ atatu makĩhũgũkĩra maaĩ-inĩ.,Boys playing in water
1303727828_d1052ee341.jpg,Mũndũ ũrĩa ũhũthagĩra mahũri nĩ ahũthagĩra ihũri cia ndĩrĩ.,Punk
1363843090_9425d93064.jpg,Ngui ĩrĩa ĩrathiĩ karũũĩ kanini ĩiyũrĩte rũthanju kanua-inĩ kayo.,Dog playing in a river
1388346434_524d0b6dfa.jpg,"Mũndũrũme ũmwe, ũrarũgamĩte igũrũ na moko make akinyĩte rũthingo rwa betoni, nĩ aatarĩirie igũrũ rĩa mũrango.",man
1398606571_f543f7698a.jpg,Mũirĩtu ũrĩ na kĩhingo kĩa maĩ thĩinĩ,girl in inner tube
1420060020_7a6984e2ea.jpg,Mũndũ wĩ na nguo cia kwĩhumba agĩkaga maũndũ ma kũrũa.,Ninja
1425069308_488e5fcf9d.jpg,Ngui njerũ nĩ ĩhĩtaga ĩgũkua mbũri njerũ thĩinĩ wa nyũmba ya gũikara.,Dog playing with a ball
1433397131_8634fa6664.jpg,Mwana ũhithĩtwo nĩ ciĩga,balls
143680966_0010ff8c60.jpg,Mũndũ ũyũ nĩ araikarĩra mahiga.,Rock climbing
1456630952_dd4778a48f.jpg,Kamwana karĩ kũgeria kũnyiita mũriũ mũritũ mũgũnda-inĩ.,boy throwing a rock
1479028910_3dab3448c8.jpg,Mũndũ ũrarutaga mbathi cia gũthondeka mbathi cia gũthondeka mbathi cia gũthondeka mbathi cia gũthondeka mbathi cia gũthondeka mbathi cia gũthondeka mbathi cia,Ollie
1488937076_5baa73fc2a.jpg,Ngui ithatũ nene ciathiaga na ihenya hakuhĩ na nyũmba.,Dogs
1499495021_d295ce577c.jpg,Mũndũrũme na mũtumia magĩthiĩ gũtega iria-inĩ.,Anglers on the beach
1579798212_d30844b4c5.jpg,mwana arĩkaraga thĩinĩ wa thaani ya kũruga na agakĩnyiita mũtaratara wa kũruga mũromo-inĩ wake ta arĩ rwĩmbo rwerĩ kũh,boy in the bath
1622619190_d0b51aff28.jpg,Ngui ya rangi wa mũhuro ĩrathiĩ na njĩra ya mũgũnda ũrĩ mĩrango.,Dog
1685990174_09c4fb7df8.jpg,Ciana ciathiaga gũhiũha mĩgũnda.,children playing
1745110280_0cbff5e273.jpg,Ngui ya rangi wa mũhuro ĩrĩ na mũrango mwerũ ĩrũgamĩte hakuhĩ na gĩthaka.,Dog
1771490732_0ab5f029ac.jpg,Akũrũ atatu makĩinagia mbũri.,Soccer
181103691_fb2f956abd.jpg,Gĩkundi kĩa ciana kĩarĩ kĩrũthaga njĩra-inĩ kũrĩa maaĩ maathũrũkagio.,Firefighters spray water on children playing in the street.
1813266419_08bf66fe98.jpg,Mũndũ wĩ na nguo cia ndemwa nĩ aragia na indo cia kũhũũra.,Girl jumping in water
186890601_8a6b0f1769.jpg,Mũndũrũme ũmwe nĩ aikarĩte igũrũ rĩa maaĩ akĩhũũranaga na thaani.,Man on a rope swing over a lake
1897025969_0c41688fa6.jpg,Ngui njerũ na ngui njerũ irũaga.,Dogs playing
191003287_2915c11d8e.jpg,"Mũndũrũme ũmwe, ũikarĩte thĩ, arutaga kairĩtu irio.",Father and daughter eating ice cream
1917203130_fcaff8b10e.jpg,Mũirĩtu ũmwe mwĩthĩ nĩ eekĩte nguo njerũ na njerũ.,girl pointing
1965278563_8279e408de.jpg,Ngui ya njũũi ya thahabu yarĩ gũkomete thĩinĩ wa marikabu yarĩ gũtherera iria-inĩ.,Dog in a canoe
2021613437_d99731f986.jpg,Kamwana kamwe karĩ gũcakĩra mũbira wa basketball kĩhaaro-inĩ kĩa mathako.,Basketball
2045109977_b00ec93491.jpg,Mũndũ ũcio ehumbĩte nguo njerũ na akĩoya kĩndũ kĩa rangi wa ndũrũme nduma-inĩ.,Window cleaner
2054869561_ff723e9eab.jpg,Ngui njerũ na njerũ nĩ irũmagĩrĩra ngui ya rangi wa rangi wa rangi wa Rosi.,Disc dog
2058124718_89822bc96e.jpg,Ngui igĩrĩ cia Weirmeiner irĩ na ironda itheru igĩthaka na nyoni ya gũcakaya,Two dogs running
2067362863_59577f9d4d.jpg,Ngui igĩrĩ nĩ ciakinyire mũndũ ũmwe thutha-inĩ.,Dogs playing
2071309418_1d7580b0f0.jpg,Ngui njerũ ĩrĩ na mũtwe wa njũũi wa Kĩmerĩ ĩrũthaanaga na ngui njerũ ndĩ nyeki-inĩ gatagatĩ ka nyamũ cia,Two dogs playing
2075041394_0b3ea1822d.jpg,Ngui njerũ nĩ ĩrathiĩ rũũĩ rũrĩ na mathangũ o na gũtuĩka ngui njerũ nĩ ĩgũthiĩ ĩkarĩma.,Dog
2090386465_b6ebb7df2c.jpg,Andũ erĩ mehumbĩte nguo cia hĩndĩ ya heho.,Two women in winter coats
2101808682_0d66ef4a08.jpg,Kamwana kamwe nĩ gakoragwo gakingĩrĩtwo nĩ ndutura.,girl with pigeons
2109370875_05241bdda7.jpg,Mũndũ wĩ na mũromo wa kũhumba mbica nĩ ahũthagĩra mbica ya kũhumba mbica ĩyo rĩrĩa rĩrathi.,Photographer in the snow
2119302248_72493d458c.jpg,Mũtumia ũcio wĩ na macini cia kwĩrorera eekĩte mũtwe wa nduma.,Woman with glasses and a headdress
2127209046_94711c747b.jpg,Andũ amwe arĩa mathiiaga kũndũ kũngĩ magereire rũgendo rũrĩa rũtheragĩra gatagatĩ ka ihiga rĩarĩ na ũgwati wa gũthaka.,Water
2148916767_644ea6a7fa.jpg,Ngui igĩrĩ igĩthakaga karĩ na thumu.,two dogs playing in the snow
2178306830_6af49375b4.jpg,Mũrĩmi wa indo cia kwĩmĩhũra nĩ athambaga thĩ ya maĩ arĩ na mĩguĩ.,Scuba diver
2181846120_3744ca3942.jpg,Ngui ĩikarĩte na magũrũ ĩgĩtambũrũkĩra kompiuta ya kompiuta.,dog
2198511848_311d8a8c2f.jpg,Mũndũ ũraruta snowboard nĩ arũagĩra igũrũ arĩ na snowboard yake.,Snowboarder
2213113526_beeb4f9bdc.jpg,mũtumia akĩoya kaana kanini igũrũ rĩa mbathi ya gũthondeka indo iria-inĩ,Baby and mother on the beach
2216695423_1362cb25f3.jpg,Ngui inya ciakĩhũranaga nja na mĩtĩ.,Dogs playing
2218609886_892dcd6915.jpg,"Mũndũ warĩ na mũromo mwerũ, ndigi, na thuti ciarĩ hau mũrango-inĩ wa nyũmba.",Homeless man smoking
2240539658_dea8db6e55.jpg,Ngui igĩrĩ igĩthakaga karĩ na thumu.,Dogs playing in the snow
2244024374_54d7e88c2b.jpg,Ngui igĩrĩ igĩthakaga na ndũrũme gĩthaka-inĩ kĩrĩa kĩiyũrĩtwo nĩ maaĩ.,Dogs playing
2244613488_4d1f9edb33.jpg,Athuthuria ana a njũng'wa marathiĩ rũgendo-inĩ rũrĩa rwarĩ na mũthanga gatagatĩ ka mĩgarũ ĩĩrĩ ya waya.,Mountain biking
2246717855_c0c08fe5d2.jpg,Andũ atatũ arĩa marĩ gĩikaro-inĩ kĩmwe kĩa rũgendo bũrũri-inĩ wa Asia makoragwo macũthĩrĩirie thimũ ciao cia thĩinĩ.,Japanese people
225699652_53f6fb33cd.jpg,Ndelfini igĩrĩ nĩ ciambatĩte iria-inĩ hamwe.,Dolphins
2265096094_8cc34d669c.jpg,Mũndũ ahurunjagwo na ngaari nĩ ndigiri.,Donkey pulling a cart
2270483627_16fe41b063.jpg,Ngui ya rangi mũceke nĩ ĩrathiũrũrũka maaĩ-inĩ.,Dog
2273038287_3004a72a34.jpg,Ngui njerũ ĩrathaũkaga na ihenya mũno.,Dog running
2274992140_bb9e868bb8.jpg,Mwana ũmwe mũnini aracangaga na mũndũ ũraruta wĩra mũciĩ nake mũrũ wa nyina mũkũrũ aroraga.,boy in red and white plaid shirt holding a spring and a girl in pajamas holding a dinosaur
2276314067_7ee246f859.jpg,Ngui igĩrĩ njerũ igĩthambaga rĩerainĩ ikĩrũa.,Irish wolfhound
2279980395_989d48ae72.jpg,Mwana ũcio nĩ ahumbĩtwo nĩ ciĩga cia rangi mũingĩ.,girl
2281768510_9cc5728c55.jpg,Mũthuuri mwĩthĩ ũte na nguo cia goro na njerũ arũgamĩte igũrũ rĩa ihiga rĩarĩ na heho na akĩrora iria-inĩ.,Swimming in the winter
2282600972_c22d1e03c7.jpg,Andũ erĩ mehumbĩte njora makĩrora kĩrĩma.,Skiers
2289212650_69de7a20b2.jpg,Ngui igĩrĩ igĩthaka na ndũrũme thĩinĩ wa maaĩ,Dogs playing
2300920203_f29260b1db.jpg,Ngui njerũ ĩrĩĩkenagia na indo cia gũthũkia cia ngui.,Dog playing with toy
2301379282_5fbcf230d1.jpg,Mũndũ ahurũkaga mwana igũrũ.,Baby boy being thrown in the air
2307118114_c258e3a47e.jpg,Nĩ harĩ mũndũ wĩ na kanjũ ndundu na mũceke ndundu ũramwenyũranga.,Man holding a light reflector
2310126952_7dc86d88f6.jpg,Gĩkundi kĩa ngui cia gũtengʼeria nĩ kĩrutaga wĩra na kĩyo rũgendo-inĩ rũu rũrĩ na mbura.,Husky dogs pulling a sled
2314722788_6262c3aa40.jpg,Ngui ya rangi wa ndune na ngui ya ndune ya ndune ya mũgũnda nĩ ciaroraga o mũndũ na ũrĩa ũngĩ.,Dogs
2317714088_bcd081f926.jpg,Andũ arĩa matũũraga nja ya nyũmba marĩ na heho.,People shoveling snow
2318659263_c24005a5cb.jpg,Ngui njerũ ĩrũagĩra igũrũ rĩa itura.,Dog
2324979199_4193ef7537.jpg,Ciana igĩrĩ nĩ ciakumbatĩirie.,siblings
2332540384_4cf26406a9.jpg,mũndũ ũrarutaga mbathi cia gũthuthuria andũ agĩkaga maũndũ ma gũcangacanga andũ arĩa angĩ,Skateboarder
2344412916_9a5a9b1c82.jpg,Mũndũrũme ũrarutaga njũng'wa njĩra-inĩ ya andũ arĩa marĩ na mĩtugo mĩega.,Inline skating
2352414953_10f3cd0f1f.jpg,Mwana ũrĩ na nguo njerũ nĩ athekaga nĩ ũndũ wa kĩrĩa arĩ nakĩo guoko-inĩ.,boy
2353102255_67d9d2e40a.jpg,Ngui nene nene nene nene nene nene nene nene nene nene nene nene nene nene nene nene nene nene nene nene nene nene nene nene nene nene nene nene nene nene nene nene nene nene nene nene,Doberman Pinscher
2362481035_a7600875d0.jpg,Kamwana gaacĩrire karĩ na kĩnyararo,boy on a swing
2377460540_8cfb62463a.jpg,Ngui njũru nĩ ĩhĩtũkagĩra kũndũ kũrĩa kũrĩ mĩtĩ.,Dog
2394763838_99d1435b85.jpg,ngui nini ya rangi wa rangi wa rangi wa rangi wa rangi wa rangi wa rangi wa rangi wa rangi wa rangi wa rangi wa rangi wa rangi wa rangi wa rangi wa rangi wa rangi wa,Dog
2394919002_ed7527ff93.jpg,Kamwana kanini karĩ na kanjũ njerũ gakĩambata hakuhĩ na ihingo cia gĩthima.,Lake
241345427_ece0d186c2.jpg,Mũrĩori wa mũbira wĩ na nguo ndune nĩ arageria kũrũa na mũrori ũngĩ ũrĩ na mũbira.,Football
241345905_5826a72da1.jpg,Mũndũũme ũmwe nĩ aroraga mũthaũki wa mũbira wa mũbira ũrĩ na mĩrimũ hĩndĩ ya kĩhĩndĩ.,American football player
2414397449_2ac3b78e0d.jpg,Ngui njerũ na njerũ nĩ ĩrathiũrũrũka ngui nene ya mũrangi mũtwe-inĩ mũgũnda-inĩ wa nyeki.,Two dogs playing frisbee
2420730259_86e7f8a815.jpg,Mũndũrũme nĩ ahumbũraga mwana arĩ na ruo marathon-inĩ.,Father and son at a marathon
2434006663_207a284cec.jpg,Ngui igĩrĩ irathiĩ rũgendo-inĩ rwa mũthanga.,Dogs running on the beach
2444134813_20895c640c.jpg,Ngui nĩ ciĩhĩtaga igĩkinya mũhĩnga-inĩ.,Dog agility
2444339090_bf7b3211f4.jpg,Ngui njerũ na njerũ nĩ ĩhĩtũkagĩra mĩhĩnga ya mĩhingo.,Dog
2445442929_8c81d42460.jpg,Mũndũrũme ũmwe aikarĩte metha-inĩ na agĩthikĩrĩria andũ.,man sitting at a table
2449552677_ee78f01bae.jpg,Mũndũ ũikarĩte gĩtĩ-inĩ kĩa magũrũ nĩ arũgamĩte mũkĩra-inĩ wa njĩra.,Wheelchair user in front of a parking garage
245252561_4f20f1c89e.jpg,Ngui njerũ na ngui njerũ ciakĩhũranaga njĩra-inĩ hamwe.,Two dogs playing
2461616306_3ee7ac1b4b.jpg,Kamwana karĩ kũhũhũragĩra igũrũ karĩ kũhũragĩra gĩthima-inĩ kĩa maaĩ.,Swimming
2464259416_238ef13a2e.jpg,Nĩ kũrĩ ngui igĩrĩ igũthaũkaga thĩ ya thĩ.,two dogs playing
2466171100_5e60cfcc11.jpg,Ngui igĩrĩ igĩthaka gĩthaka-inĩ.,Two dogs playing
2469351714_d72becd21e.jpg,Mũirĩtu gathirange akĩharũrũka mũthanga-inĩ ũrĩ mũthanga-inĩ,Beach
2471447879_6554cefb16.jpg,Mũirĩtu ũmwe warĩ mũnini nĩ aambatire rũthingo rwa kũhaica indo thĩinĩ.,Climbing
2473738924_eca928d12f.jpg,Airĩtu erĩ ethĩ nĩ maahũthagĩra ciĩko cia mbaara.,Karate
247617754_4b1137de8c.jpg,Mũtumia ũmwe wĩ na mũhuko wa mũcango aroraga thimũ yake ya thĩinĩ rĩrĩa aikarĩte igũrũ rĩa rũthingo rũnini rwa betoni.,girl sitting on a bench and using a mobile phone
247691240_3881777ab8.jpg,Mũndũrũme ũmwe nĩ araikarĩra rwaro rwa ihiga.,Climbing
2497608431_8dfefc7a1a.jpg,Mũndũrũme ũmwe akĩgũtha ngundi nĩ ũndũ wa ngui yake ndune na ya rangi wa ndune.,Man and dog on a hike
250406927_a5028a31d4.jpg,Ngui njerũ ĩgũthondeka mũbira wa mũbira na rũhonge rwayo.,Dog playing with a football
2514612680_b0d2d77099.jpg,"Mũndũ ũmwe ũthiaga agĩthoma rũthingo akĩũria atĩrĩ, "" Ũrĩ kũ? """,Where are you?
2519812011_f85c3b5cb5.jpg,Ciana imwe nĩ ciathiaga kũhĩtũkĩra gĩthima-inĩ.,Fountain
2529116152_4331dabf50.jpg,Mũndũ ũcio wĩ ndundu nĩ onekaga ta arerete rũgendo-inĩ rwa njĩra.,B-boy
2544182005_3aa1332bf9.jpg,Mwana ũmwe mũnini aikarĩte ndigiri nini ya rangi wa purple akĩhũthagĩra mũcinga mũtune.,Bicycle
2549452277_873cb80d3e.jpg,Mũndũrũme wĩ na kabati karĩa karĩ na rangi wa rũhuho nĩ ahumbĩte kĩhũri.,cyclist
2550011909_6b95f11330.jpg,Ciana ithatũ ciakĩhũthagĩra tũcũmbĩrĩ tũrĩa tũtarĩ na ũhoti.,Fireworks
255091927_2eb643beb2.jpg,Arũme erĩ a kuuma Asia na mũtumia ũmwe nĩ marekĩraga ũhurũko makĩĩhaarĩria.,Massage chairs
2554531876_5d7f193992.jpg,Mũndũ warĩ na ndũrũme ya mũtaratara.,Isle of Man TT
2567812221_30fb64f5e9.jpg,Atumia erĩ nĩ maathiiaga na ngui irathiĩ irathiĩ irathiĩ irathiĩ irathiĩ irathiĩ irathiĩ irathiĩ irathiĩ,Flat-coated retriever
2586532797_dcf22a5021.jpg,Ngui njerũ nĩ ĩnyiitĩte nyoni kanua-inĩ kayo.,Dog with a bird in its mouth
2589308405_e208b5e745.jpg,Airĩtu erĩ makĩhũũrĩra makũnia-inĩ ma mbũri,Two girls in a sack race
2602258549_7401a3cdae.jpg,Mũndũrũme na mũtumia maikaraga metha-inĩ ya mũciĩ wa iresitoranĩ makĩnyiitanĩra moko.,couple
2602306033_2b3100d36b.jpg,Ngui njerũ ĩrĩ na rũthanju rwererete iria-inĩ.,Dog swimming in the sea
2606433181_f8f9d38579.jpg,ngui igĩrĩ irathiĩ rũgongo,Two dogs running
2612608861_92beaa3d0b.jpg,Ciana ithatũ ciikarĩte thĩ.,Three young girls
2613889835_6f50a3b83b.jpg,Mũndũ warĩ na ndigiri ya rangi wa mũrangi na mũndũ warĩ na ndĩra ya rangi wa karamu ya rangi wa rangi wa karamu gũkuhĩ na iria rĩarĩ rĩega,Kayaking
2632366677_43dee456a5.jpg,Ngui nini ĩrĩ na mũrango wa gũikara ĩikarĩte hakuhĩ na gĩcango kĩa betoni.,Dog
263854883_0f320c1562.jpg,Ngui igĩrĩ nini nĩ irathiĩ rũgongo.,two dogs
2642475077_69d19deb74.jpg,Mũtumia mũrũngĩrĩru wĩ na macini cia kũrora riitho na mũromo wa gũcũrania akwaragia na thimũ.,Woman on a cell phone
2643263887_a32ffb878f.jpg,Kamwana kamwe nĩ gakĩhĩtũkĩra igũrũ rĩa gĩcagi kĩa maaĩ kĩrĩa kĩahurutanaga.,boy on a water slide
2651915425_7a58e862e9.jpg,Kamwana gaĩ gũtheka gakĩhũgũka.,Swimming
2652155912_8ba5426790.jpg,Kũrĩ na ndururumo nene hakuhĩ na ngari ndune hau gĩcukĩro-inĩ kĩa maguta.,Car explosion
2657643451_b9ddb0b58f.jpg,Mũndũ arathaga na ngui.,Dog and runner
2658360285_a0ec74ef48.jpg,Gĩkundi kĩa ciana kĩarĩ nja ya nyũmba ĩmwe na kamwana karĩ kũhĩmbĩria itindiĩ.,Baseball
2659554389_ed3d15093f.jpg,Mũirĩtu warĩ na ngamila.,girl feeding camel
2662845514_8620aaee96.jpg,Mũrũa wa njora wa njora nĩ ahũraga ice na kĩboko.,Ice breaking
2676649969_482caed129.jpg,Mũtumia ũmwe mũkũrũ nĩ aracũthĩrĩirie kamera ĩyo rĩrĩa nyũmba yake ya nyũmba ya kwĩrorera yaarĩ thĩinĩ.,old woman
270724499_107481c88f.jpg,ngui nini ya rangi wa rangi wa rangi wa rangi wa rangi wa rangi wa rangi wa rangi wa rangi wa rangi wa rangi wa rangi wa rangi wa rangi wa rangi wa rangi wa rangi wa,Dog
2715337869_e4fe36db50.jpg,Mũirĩtu akĩharũrũka kuuma gatarũ-inĩ agĩthiĩ iria-inĩ.,Girl jumping into a lake
2734669176_c272b42597.jpg,Mũtumia ũmwe nĩ ahũraga ngui ng'ombe ya Frisbee rĩrĩa mũthaũki wa baseball wĩ na nguo cia kĩhooto amũkinyĩtie thutha.,Baseball player throws frisbee to dog
2735558076_0d7bbc18fc.jpg,Andũ aingĩ arĩa matũũraga thĩ mehumbĩte iraatũ cia magũrũ maiganaine.,Young man wearing a keffiyeh
2738077433_10e6264b6f.jpg,Ngui ĩraringaga kĩrĩma kĩarĩ na mũthanga.,Dog
2752809449_632cd991b3.jpg,Mũtumia ũmwe aikarĩte thĩ hau mũthuri ũmwe arĩ na ngari ya gũthiĩ na andũ othe.,Bus
2755053974_5cc157512e.jpg,Mwana ũyũ mũnini aikarĩte hau thutha wa ngari.,baby
2766765386_4c0beb939d.jpg,Mũndũ wĩ na nguo njerũ ya kwĩhumba nĩ arahiũrania na ndururumo nene.,Surfer
2766926202_4201bf2bf9.jpg,Ciana igĩrĩ igĩthaka na macini cia njora maĩ-inĩ matirĩ na hinya,Fireworks
2768248810_06d543c080.jpg,Mũndũ ũraruta wĩra wa gũikara akĩĩhaarĩria kũharũrũka maaĩ-inĩ.,wakeboarder
27782020_4dab210360.jpg,Andũ arĩa marĩ barabara-inĩ cia taũni marathiĩ magereire nyũmba ya kwĩrorera cionereria cia njano.,Street art
2788628994_61123c03d2.jpg,Mũndũ ũrarĩ na kĩrathi arathiĩ na njĩra ya mĩtĩ.,Mountain biker in the forest
2806632713_edd6f6c893.jpg,Mũndũ nĩ aragarũrũkaga na igũrũ rĩrĩa ahumbĩtwo mĩkanda ya kũhũũra mĩrigo.,Trapeze
2817847072_5eb3bc30ac.jpg,Kamwana kaarĩ na nguo cia mũbira karia karĩraga kĩharo-inĩ hĩndĩ ya kĩhĩndĩ.,Soccer
2818735880_68b3dfe1f5.jpg,Ngʼondu nĩ ciĩhĩtũkagĩra njĩra-inĩ ĩgĩthiũrũrũka mĩmera na mĩmera.,A pack of dogs running in a field
282131366_5f9a39c43c.jpg,Mũtumia ũmwe nĩ aageragia gũthiĩ na njĩra ya rũthingo na andũ arĩa marorete nĩ marorete iria rĩarĩ na mahiga marĩa maacemagia riũa,man doing tai chi
2826769554_85c90864c9.jpg,Ngui ĩmwe ya mũhuro ĩratwaraga ndũrũme ĩiyũrĩte maĩ-inĩ ma iria.,Dog
2830869109_c4e403eae6.jpg,Kamwana na kairĩtu makĩhũgũkĩra na tũtarĩ tũrĩa tũtheragĩtio mũgũnda,girl running in the rain
2839807428_efe42423f2.jpg,Ngui ĩrambatĩte igũrũ nĩguo ĩnyiite mũriũ.,Disc dog
2844846111_8c1cbfc75d.jpg,Mũndũ ahingũkaga rwaro rwa ihiga rĩrĩa andũ angĩ maatwĩroragĩra.,Bouldering
2845691057_d4ab89d889.jpg,Mũtumia ũnyiitaga mũromo wa mbĩrĩra igũrũ rĩa mũndũ ũrĩ ngari-inĩ ya ũhootani.,Girl with a racing car
2848977044_446a31d86e.jpg,Mũndũrũme ũmwe aikarĩte igũrũ na igũrũ arĩ na mbarathi ya gũcakaya.,Rodeo
2862469183_a4334b904a.jpg,Ngui nene ya mũhuro nĩ ĩrathiũrũrũka ngui nene ya ndundu.,Dog
2868324804_5cc8030484.jpg,Airĩtu atatũ nĩ maathiaga makĩhiũha mĩgũnda-inĩ nja.,Girls running
2868668723_0741222b23.jpg,Mwana ũmwe nĩ ahurunjũkĩte na igũrũ na igũrũ kuuma kĩara-inĩ kĩa thaani.,boy on a swing
2871962580_b85ce502ba.jpg,Mũrĩmbo ũmwe wa kũrũa na mũbira nĩ athũkĩtio nĩ mũrori ũngĩ wa kũrũa na mũbira kuuma gĩkundi kĩrĩa kĩrũagĩrĩra mũbira ũcio,Football
2872806249_00bea3c4e7.jpg,Mũtumia wĩ na nguo njerũ arũgamĩte mũkĩra-inĩ wa njĩra.,man in red overalls
2878190821_6e4e03dc5f.jpg,Mwana ũrĩ na nguo njerũ thundu na macini cia riũa arũgamĩte nja,boy
2885382946_f541ea5722.jpg,Kamwana na andũ erĩ makĩhũũra njamba ya maaĩ mũthia-inĩ.,Beach
2887744223_029f2fd5fe.jpg,Mũrĩori wa mũbira wa thĩ nĩ arahiũha kũhiũha kũhiũha kĩheo.,Soccer
2891961886_b7a2f0b0fd.jpg,Mũndũrũme nĩ athambaga igũrũ mũno rũthingo-inĩ rwa betoni.,Skateboarder
2892413015_5ecd9d972a.jpg,Mũirĩtu mũrũngarũ akĩambata kĩrĩma-inĩ.,girl running down a hill
2911245290_b2c79f328a.jpg,Mũndũrũme na mwana marathiĩ kũhĩtũka gĩtuĩ-inĩ kĩa maaĩ.,Water
2913818905_8e4d9aa82a.jpg,Ngui igĩrĩ irathiĩ rũgendo-inĩ rwa mũthanga.,2 dogs playing on the beach
2916009941_34a0013803.jpg,Kamwana kanini ka kuuma Asia gakĩhumbĩra rũrigi rwa kĩhingo rĩrĩa gakĩnyiitwo,Baby
2918653119_f535fc25c4.jpg,Mũndũ wĩ na mũraũ wa kũgũtha nĩ aathiaga na igũrũ.,Skateboarder doing a 50-50 on stairs
2926233397_71e617f3a3.jpg,Ngui nĩ ĩĩhĩte o hakuhĩ gũkinya maaĩinĩ na ĩgĩthaina kĩndũ gĩa kũnyua.,Dog
2926786902_815a99a154.jpg,Mũndũ ũrarĩ na gĩthima kĩa igũrũ akĩrora irĩma.,Ski jumping
2934000107_d2ff15c814.jpg,Ngui njerũ ĩgĩthamba ĩgĩikũrũka ĩgĩikũrũka maaĩ-inĩ ĩgĩte rũthanju kanua-inĩ.,Dog
293881927_ac62900fd4.jpg,"Ngui ĩmwe nĩ ĩrarũgama igũrũ rĩa mũharatĩ, nacio ngui ingĩ igĩrĩ ikĩrora.",Dogs playing
2943384009_c8cf749181.jpg,Mũndũ ũrarĩ na njĩra ya kũhiũha akĩhĩtũkaga na ihenya.,Motorcycle racer
294549892_babb130543.jpg,Andũ atatũ nĩ macũthagĩrĩria irĩma.,Hiking
2964438493_413667c04a.jpg,Ngui igĩrĩ irakinaga gĩthima-inĩ kĩa maaĩ.,two dogs playing in a kiddie pool
2967549094_d32422eb01.jpg,Mũndũrũme ũmwe aikarĩte ndirica-inĩ ya ngari ya mũgithi.,Train
2971478694_79e46ea7e5.jpg,Kĩkundi kĩa atumia marĩ na rangi ngũrani nĩ magĩthiĩ nyũmba ya mahiga.,Women in a temple in Rajasthan
2973272684_4d63cbc241.jpg,Mũrũngi wa mũbira wa magũrũ nĩ agĩtengʼera mũthuri wa wĩra agĩtwarĩra mũbira ũcio.,Football
2984704498_29b53df5df.jpg,Mũtumia ũmwe wĩhumbĩte nguo njerũ na wĩhumbĩte kamera.,Princess Mary
298920219_9a3f80acc5.jpg,Mũrungu ũcio mũrungu arĩ na ngui njerũ agĩthamĩra,Duck
2995461857_dd26188dcf.jpg,Nĩ harĩ nyamũ ĩraringa njĩra mbere ya ngari.,Dog on the road
299676757_571ee47280.jpg,Mũtumia wĩ na nguo ndaaya nene kĩharoinĩ kĩa itũũra.,Woman in a long skirt
3000722396_1ae2e976c2.jpg,Ngui njerũ na njerũ ĩkoragwo na indo cia gũcũrania.,Dog with a ball
300314926_0b2e4b64f5.jpg,Mũndũ ũrarũgamaga nĩ aracemanagia na igũrũ.,wakeboarder
3016741474_72b4355198.jpg,mũingĩ ũrarũgamia na nderi njerũ na rangi wa rangi wa mũrangi,A man and woman at a party with a tiger toy
3028969146_26929ae0e8.jpg,Ngui ya rangi mũrangi ĩhũthagĩra marangi ma mũrangi kũhũũra mĩrango ya mĩrango.,Dog
3033686219_452b172ab0.jpg,Ngui njerũ ĩikarĩte mũthanga-inĩ.,Dog
3038941104_17ee91fc03.jpg,Mũndũ ũrahiũhagia gũthuthuria ngari agĩthuthuria mũtaratara wa ngari.,Skateboarder doing a ollie over a traffic cone
3044500219_778f9f2b71.jpg,Airĩtu 4 marĩ na nguo cia hwaĩ-inĩ nĩ marũgamĩte marĩ na mbica.,four women
3046190891_05c6ecd9b6.jpg,Mũrũri wa ndĩrĩ agĩthiaga na rũhuho.,Surfer
3053415073_5b667230ed.jpg,Mũndũ ũrarĩithia gĩcagi nĩ ahurũkaga thĩ kũgerera rũgendo rwa njithi.,Skiing
3057862887_135c61816a.jpg,Mwana na mũndũ mũgima maroragĩrana.,Mother and child
3061481868_d1e00b1f2e.jpg,Andũ erĩ makĩhaica ndigiri.,Two men on a motorcycle
3069037969_bb7319e0dc.jpg,Ngui njerũ na njerũ nĩ ĩtheragĩra na ĩkahũthĩra mbũri cia tenisi gũtherera gĩthima-inĩ kĩu.,Dog swimming in a pool
3079341641_f65f6b0f8b.jpg,Airĩtu erĩ arĩa maathiaga makĩhĩtũkĩra mũrango-inĩ.,Two little girls running into a room.
3080056515_3013830309.jpg,Mwanake ũmwe nĩ araheanaga ũhoro wa kairĩtu karĩ na mũcango mũtune na mwerũ.,two boys
3097776588_312932e438.jpg,Arũme eerĩ arĩa marathekaga na makĩhutia mĩromo yao,two men
3099091086_f75f0ce09d.jpg,Andũ nĩ marakaragĩria mahiga.,Protest against climate change
3104182973_5bb1c31275.jpg,Andũ nĩ marathiĩ gũcambaga igũrũ makĩrigiicĩria mũtĩ mũnene wa Kĩrisimasi.,Christmas tree
3106026005_473a7b1c8c.jpg,Mũndũrũme ũmwe aikarĩte gĩtĩ-inĩ kĩa watho barabara-inĩ ya San Diego.,Homeless man
3111502208_71e2a414f5.jpg,Atumia erĩ makĩhũũranaga makĩhũũrana na andũ arĩa angĩ hĩndĩ ya kũhaicia ngaari.,Roller derby
3119913014_688d4997d7.jpg,Mũndũrũme ũtarĩ na nguo ya nguo ehumbĩte kĩnanda agereire igweta.,Professional wrestler
3122579598_14841c038a.jpg,Ciana igĩrĩ igĩthaka na ngui.,Dog
3125628091_25a31709df.jpg,Mwana mũnyũrũrũka wĩ na nguo cia rangi wa Kĩrisimasi.,boy with stocking
3126981064_1e803c3d7f.jpg,Mũndũ ũraruta ũikaro wa ũici nĩ araikaraga rũhuho rũnene.,Surfer
3127888173_9a9a8ac3bd.jpg,"Ciana ithatũ ciĩ hau igũrũ rĩa kĩgongona kĩonanagia harĩa harĩ na handũ mbere, harĩa harĩ na harĩa harĩ na harĩa harĩ na handũ kerĩ na",Children receiving prizes
3141293960_74459f0a24.jpg,Mũndũ ũrarutaga mbathi cia gũthondeka mbathi cia gũthondeka mbathi cia gũthondeka mbathi cia gũthondeka mbathi cia gũthondeka mbathi cia gũthondeka mbathi cia,Skateboarder
3141613533_595723208d.jpg,Akũrũ eerĩ marũngiĩ mũgũnda-inĩ wa ngano hĩndĩ ya heho.,two people in a field
314603661_51e05e0e24.jpg,Ngui ĩyo njerũ na njerũ nĩ ĩrateng'era ĩgwatĩre kĩndũ.,Basset hound
315125146_d9a8e60061.jpg,Ngui ĩgũthũkia mũndũ ũrĩ na nguo ya rangi.,Dog biting a leather jacket
3157039116_d82da4e66b.jpg,Kamwana karĩ na nguo cia goro na ihenya karĩ na mbira ya kũhũũra na karĩ na igũrũ karĩ na rũũĩ rũu rwa mbura.,Boy throwing rock at mountain
3163477256_073605e06e.jpg,Mũrori wa kĩhingo arĩ na nguo njerũ nĩ ahũthagĩra mũbira wa kũrũa na mũrori ũrĩ na nguo njerũ.,Soccer
316577571_27a0e0253e.jpg,Ngui njerũ na ngui njerũ irathiĩ rũgongo.,Two dogs running in a field
3165826902_6bf9c4bdb2.jpg,Mũndũ warĩ na nduka ya gũtengʼeria andũ akĩhũũra nduka ya gũthengʼera indo thĩinĩ.,Skateboarder on a rail
3166366760_e43cf66eda.jpg,Mũndũ ũmwe nĩ arathiĩ na kĩrathi njĩra-inĩ ĩgĩtambũrũka mĩtĩ.,Mountain biker in the woods
3170551725_1276644eab.jpg,"Nĩ kũrĩ andũ erĩ arĩa marathiĩ na igũrũ, ũmwe wao ehumbĩte nguo njerũ na nĩarenda kũgeria kũgeria kũgeria kũgeria kũgeria kũgeria kũ",Snowboarder doing a jump
3172283002_3c0fc624de.jpg,Andũ ana marũgamĩte marĩ na mbica,group of friends
3173014908_b3e69594b6.jpg,Mũndũ ũrarĩ na ũgũnda wa mahiga agĩthiĩ na mbere kũharũrũka na mbura nene.,Skiing
3185695861_86152b2755.jpg,Ngui ĩrũgamĩte mũgũnda na mbũri ya tenisi mũromo-inĩ wayo.,Dog
3187492926_8aa85f80c6.jpg,Mũndũ wĩ na nguo cia kwĩhumba cia ndundu nĩ ahurũkaga maaĩ-inĩ.,Swimming
3195188609_01afbe46e6.jpg,Athuri a rugby marathiĩ na mĩtĩ na andũ marathiĩ na mbere gũcũthĩrĩria.,Rugby
3197917064_e679a44b8e.jpg,Ngui njerũ ĩĩ na rũhiũ rũthaka na kĩndũ kanua-inĩ gake,Dog running in the snow
3201594926_cd2009eb13.jpg,Mũtumia ũmwe wĩ na iratũ na mũhuko mũnene wa mĩgũnda agĩthiĩ njĩra-inĩ agereire nĩ mũtumia ũmwe wĩ na nguo njerũ.,Japanese woman in a kimono and a young woman in a modern outfit
3201666946_04fe837aff.jpg,Mũndũrũme ũrĩ riitho rĩaregirũo na mũtumia ũrĩ na mwana agĩtambũrũka nja ya nyũmba ĩyo.,Family
3204686006_88f04547b9.jpg,"Andũ ana marathiĩ na mbere na rũgendo rwa kũhaicia ndigiri kĩrĩma-inĩ kĩarĩ na mbura, na ngui ĩgũthengʼeria ĩmwe ya",sledding
3214237686_6566b8b52f.jpg,mũndũ ũrarutaga snowboard agĩthurumaga kuuma igũrũ.,Snowboarder
3218861747_5c5c547b66.jpg,Mũndũ ũrarutaga mbathi cia gũthondeka mbathi cia gũthondeka mbathi cia gũthondeka mbathi cia gũthondeka mbathi cia gũthondeka mbathi cia gũthondeka mbathi cia,Skateboarder
3221036999_3f7b152d8a.jpg,Mũndũ ũrarutaga mbathi cia gũthondeka mbathi cia gũthondeka mbathi cia gũthondeka mbathi cia gũthondeka mbathi cia gũthondeka mbathi cia gũthondeka mbathi cia,Skateboarder doing a flip over a wall
3222250187_ef610f267e.jpg,Mũndũ ũmwe aathiiaga na igũrũ agĩthiĩ gũtharĩkĩra mũbira wa gũtharĩkĩra andũ.,A young man playing football on the beach.
3223606402_bb2aa6db95.jpg,Mũndũ ũrarutaga mbathi cia gũthuthuria nĩ areka maũndũ ma kĩguũ.,Skateboarder performing a trick
3225037367_a71fa86319.jpg,Andũ aingĩ nĩmagomanĩte.,Crowd of people
3225058391_a12d38d911.jpg,Mũndũrũme wĩ na nguo cia rangi wa rangi wa mũrangi nĩ aambĩrĩirie gũtambũrũkia kĩrathi mbere ya andũ aingĩ.,Bicycle
3228069008_edb2961fc4.jpg,Mũrũ wa ng'ondu wa mũrangi ũrĩa ũragũthambia,puppy
3229730008_63f8ca2de2.jpg,Mwana ũmwe aikarĩte igũrũ wa njora na ariũ atatũ makĩrora.,Skateboarder
3230132205_dccfafa5ee.jpg,Mũndũrũme wĩ na nguo njerũ ya ninja na mũhumba agĩthaka gitarata.,Guitarist of the band
3243588540_b418ac7eda.jpg,Mũirĩtu ũcio arũngiĩ hau rĩrĩa mũirĩtu ũcio ũngĩ wĩ na macini agĩthondeka mbica cia moko make.,henna tattoo
3246991821_750a3097e2.jpg,Mũirĩtu wĩ na nguo njerũ nĩ ahurutanaga tũbũbu tũrĩa tũkoragwo thĩinĩ wa gĩcukĩro kĩa iria.,girl blowing bubbles
3247052319_da8aba1983.jpg,Mũndũrũme ũmwe aathiiaga na ngari ya ngari ya gũcinĩra thĩ na njĩra ĩrĩ na rũthingo rwa kũheaga hinya thutha wake.,Quad biking
3247423890_163f00a2cb.jpg,Mwanake ũmwe nĩ aahũthĩra ihĩtia ithathatũ cia rangi na njerũ.,Juggling
325005410_e1ff5041b5.jpg,Andũ matũũraga thĩ makĩinamĩrĩra nderi cia Amerika.,Crowd of people waving flags
3259579174_30a8a27058.jpg,Mwanake warĩ na mũromo wa hĩndĩ ya heho akĩhũndũka kĩrĩma-inĩ kĩarĩ na heho.,Skiing
3259992164_94600858b3.jpg,Arũme eerĩ makĩinaga mbũri-inĩ cia gũthuthuria andũ,B-boy
3264464625_c711cc40c6.jpg,Andũ arĩa maarĩ gĩthima-inĩ kĩa maaĩ na kĩndũ kĩngĩ nĩ maacokire makĩgĩa na ngarari nene.,Swimming pool
3265162450_5b4e3c5f1b.jpg,Ngui ithatũ irathiĩ na mbere kũhiũrania na itura.,Dogs running in the snow
3271252073_0a1b9525fc.jpg,"Atumia atatũ makĩaria, makĩnyiita ndibei na makĩhumba mbica thutha-inĩ.",Three women in conversation
3275627207_0b41e44597.jpg,Mũndũ warĩ na magũrũ ma njora akĩaria na thimũ yake.,Young man with dreadlocks
3279228339_71deaa3d9b.jpg,Mũndũrũme ũmwe aikarĩte nyũmba-inĩ ya kũrĩa irio.,Diner
3284460070_6805990149.jpg,Mũndũ wĩ na njũng'wa wĩhumbĩte nguo cia rangi mũingĩ akĩhaica njĩra.,Mountain bike
3285993030_87b0f1d202.jpg,Ngui njerũ nĩ irathiĩ njĩra-inĩ.,Dog
3293945284_6a04e477a9.jpg,Andũ aingĩ nĩ matwaragĩra ndege thĩinĩ wa mũthanga.,Kite festival
3299820401_c2589186c5.jpg,Mũndũ wĩhaarĩirie gũcakaya na njũng'wa ya njora ndune agĩtwarĩra mĩtĩ.,Mountain biker
3301811927_a2797339e5.jpg,"Gĩkundi kĩa athomi a hockey, na mũthaũki ũmwe agĩthaitha.",Hockey
3308997740_91765ecdcc.jpg,Mũtumia wĩ na mũromo wa kũhumba nguo nĩ athekaga hakuhĩ na karatathi ka Domino's Pizza.,Girl in front of a Domino's Pizza sign
33108590_d685bfe51c.jpg,Andũ erĩ maroragĩra mũteng'eri wa njĩra.,Street food vendor
3316046339_8e504be038.jpg,Mũndũ warĩ na njinga agereire gĩthaka-inĩ.,Mountain biker in the forest
3322389758_394c990b6a.jpg,Ngui njerũ ĩkuuĩte rũthanju rũu mũromo-inĩ wayo nĩ ĩrathiĩ ĩgĩtengʼera gĩthima kĩnene gĩtagwo nyeki,Dog
3327563443_870a33f748.jpg,Mũirĩtu mwĩthĩ wĩ na mũruki mũruru na mũtumia mũkũrũ wĩ na mũruki mũruru.,two women
3334057289_68ece38a85.jpg,Ngui ĩyo ĩrĩ nja.,boxer
3337046794_296bd2c7e0.jpg,Ngui njerũ nĩ ĩgũthunaga thĩinĩ wa itura.,Dog
3337461409_e4e317853d.jpg,Ngʼondu irĩ kĩrĩma-inĩ kĩarĩ na nyeki.,Lambs
3339916063_63b960ed46.jpg,Akũrũ erĩ marĩ na nguo cia kwĩhumba nĩ mathembũraga mũbira wa magũrũ.,Soccer
3344632789_af90d54746.jpg,Mũndũ ũrarutaga mbathi cia gũthondeka mbathi cia gũthondeka mbathi cia gũthondeka mbathi cia gũthondeka mbathi cia gũthondeka mbathi cia gũthondeka mbathi cia,Skateboarder
3347500603_13670ee6bf.jpg,Arũme erĩ a kuuma Asia makĩambataga barabara-inĩ makĩnyiita tũthũ twa rangi mwerũ.,men carrying shopping bags
3347666612_659e6e2207.jpg,Ciana icio igĩrĩ nĩ ciathambũrũkĩtio nĩ maĩ,Kids playing with water
3353278454_2f3a4d0bbc.jpg,Andũ atatũ nĩ maretagĩrĩra maringe barabara ya taũni na ũmwe wao arĩ na ngui ĩhĩtĩtwo.,"The sign for the Portland Outdoor Company in the Pioneer Square area of Portland, Oregon."
335588286_f67ed8c9f9.jpg,Ngui njerũ ĩrĩ mũthangainĩ ĩkuuĩte rũthanju kanua-inĩ kayo.,Dog
3356748019_2251399314.jpg,Athuri atatũ marĩ na nguo njerũ nĩ maacokire igũrũ na njinga ciao cia BMX.,Bicycle motocross
3359551687_68f2f0212a.jpg,kairĩtu karia karĩ na ngari mbere ya andũ aingĩ,Girl doing a handstand
3364796213_b8948913b5.jpg,Andũ matwaranaga na njinga na makanyua bendera njerũ njĩra-inĩ kũrĩa andũ angĩ moonganĩte.,Students at a university
3366904106_e996320d20.jpg,Mũndũ ũrarutaga mbathi cia gũthondeka mbathi cia gũthondeka mbathi cia gũthondeka mbathi cia gũthondeka mbathi cia gũthondeka mbathi cia gũthondeka mbathi cia,Skateboarder
3370308329_7f2de5bb58.jpg,Ciana inya ciakĩambata kĩrĩma-inĩ kĩiyũrĩtwo nĩ rũhuho.,Children playing in the snow
3374384485_751f719be4.jpg,Mũndũ ahurũkaga na kĩrathi kuuma rũgendo-inĩ rwa gĩthaka gĩtarĩ andũ.,Mountain biker jumping over a wooden obstacle
3382679230_baef3d1eaa.jpg,Mũtumia wĩ na nguo njerũ ya rangi wa rangi wa rangi wa rangi wa rangi wa rangi wa rangi wa rangi wa rangi wa rangi wa rangi wa rangi wa rangi wa rangi wa,Bubble blowing
3385593926_d3e9c21170.jpg,Ngui igĩrĩ igĩthakaga karĩ na thumu.,Doberman
3386375153_20c56d0aae.jpg,Mũndũ ũmwe nĩ aikarĩte igũrũ wa kĩrathi.,Bicycle
3389321512_b11f499dab.jpg,Atumia acio nĩ maakuĩte mĩnyamaro.,two women
3404906655_bc51c69c1e.jpg,Mũndũ ũrarĩ na ng'ombe nĩ ahĩtũkagio nĩ ngui ciake.,Dog sledding
3405113041_4b72c24801.jpg,Nyoni nene nĩ ĩrathira igũrũ rĩa maaĩ.,Bird
3411595210_8e0893b266.jpg,Ngui nĩ ĩraruta rũgendo-inĩ.,Dog shaking water off
3416091866_a96003d652.jpg,Mũndũrũme nĩ aronania mũhiano wake kũrĩ andũ.,The man is telling the story of the car.
3429351964_531de1bf16.jpg,Mũtumia ũrĩ na mũtarakwa mũruru mũruru mũgũnda-inĩ wa indo,woman buying bananas at a market
3430607596_7e4f74e3ff.jpg,Mũrũ wa Ithe witũ ũcio wĩ na nguo njerũ cia goro nĩ aambatire maaĩ-inĩ nĩguo onane na andũ angĩ.,Swimming
3432730942_4dc4685277.jpg,Nĩ tũraarĩ na macindano ma njinga na andũ arĩa marathiĩ.,Two men with motorcycles in front of a wall with a fresco
3436418401_b00ceb27c0.jpg,Kamwana kamwe karĩ kũhĩtũka maaĩ igũrũ rĩa mũthanga hakuhĩ na mĩtĩ.,boy running on the beach
3437147889_4cf26dd525.jpg,Athuri erĩ a motocross marathiĩ o hau hamwe makĩrũgama mũthia-inĩ wa mũthanga.,motocross
3437273677_47d4462974.jpg,Mũtumia ũmwe ũikarĩte hakuhĩ na mũndũ arĩĩaga gĩkombe kĩa friji.,Eating
3441104823_33cdae5a56.jpg,Gĩkundi kĩnene kĩa andũ nĩ kĩarũgamĩte nja.,Crowd
3442242092_e579538d82.jpg,Andũ erĩ marathiĩ njĩra-inĩ magĩtambũrũka makĩnyiitanĩra moko.,two young women
3448855727_f16dea7b03.jpg,Gĩkundi kĩa ciana kĩrathoma marũa na kĩrathi gĩa nduma thutha-inĩ wa mũrata wao ũmwe.,Back
3457210101_3533edebc8.jpg,Mũtumia ũmwe wĩ na maikrofoni kuuma CBS nĩ orĩtie mũndũ ũmwe kĩũria.,Tennis player
3459362347_c412ef9901.jpg,Mũtumia ũmwe na athuri angĩ erĩ arĩa maarĩ akũrũ mũno o nao maarĩ na tũhũ.,Three people
3461049169_e068ae4f25.jpg,Mũirĩtu ũmwe mũthĩni arĩĩga gĩthima-inĩ o na mũtumia mũkũrũ arĩrĩgĩrĩire.,Mother and daughter playing in a fountain
3461437556_cc5e97f3ac.jpg,Ngui ithatũ nĩ irathiĩ rũgendo-inĩ.,Dogs running
3465791729_5bf9bd8635.jpg,Athuri eerĩ a ngari cia gũkuua andũ maikarĩte mũkĩra-inĩ wa barabara ĩmwe ya Italy.,Bridge over a canal in Venice
3474912569_7165dc1d06.jpg,"Mũirĩtu wĩ na nguo njerũ arathiĩ njĩra-inĩ akĩoya karatathi karĩa karĩ na ciugo ici: "" Ũhonokio. """,Girl with a sign
3474985382_26e1560338.jpg,Mũndũ warĩ na gĩcũhĩro kĩa mũthiithũ akĩhaica njera arĩ na rwaro rwa ihiga.,Mountain biker
3484070900_3e76d7fd30.jpg,Mũndũrũme wĩ na kĩonje gĩtheru kĩa rangi wa ndune nĩ aambatĩte igũrũ rĩa gĩcamba gĩake kĩa igũrũ.,Snowboarder
3485599424_94de8ede51.jpg,Ngui ĩrĩ na mĩkanda ĩrĩ nja ya nyũmba ya mũndũ ũngĩ.,Dog
3497237366_366997495d.jpg,Mũthaũki wa basketball nĩ ageragia gũikara kĩhaaro-inĩ kĩa mathako.,Basketball
3498417123_3eae6bbde6.jpg,Gĩkundi kĩa arũme nĩ kĩahũthagĩra rugby.,Rugby
349889354_4b2889a9bd.jpg,Mũndũ ũrarutaga ũhoro wa mabũrũri-inĩ marĩa marĩ kũraya nĩ arĩ mũthingi-inĩ wa rũhuho hakuhĩ na hũgũrũrũ cia iria.,Surfer in the waves
3498997518_c2b16f0a0e.jpg,Mũrĩori ũmwe wa mũbira nĩ aracemania na gĩkundi kĩu kĩa mũhĩnga.,Football
3503623999_bbd5dcfb18.jpg,Mũtumia ũmwe warĩ na mũruki mwerũ na bendana mwerũ agĩcoka agĩtwarwo nĩ mũndũ warĩ na bendana mwerũ.,A woman wearing a red bandana and hat
3514297698_0512623955.jpg,Ngui ĩmwe nĩ ĩracakaya ihĩtia rĩa tenisi mũthanga-inĩ.,Dog playing with a ball on the beach
3518443604_6da641f07d.jpg,"Andũ erĩ mehumbĩte njini makĩhumbĩra hau hau mũrango wa mbaũ, makĩhumbĩra ũthiũ wao kuuma kamera-inĩ.","A couple kissing on the doorstep of a house in the city of Glasgow, Scotland."
3523559027_a65619a34b.jpg,Andũ aingĩ marĩ kĩama-inĩ.,School
3533922605_a2b1e276f6.jpg,Airĩtu erĩ maikaraga thĩ mbere ya matara ma igũrũ marĩ na ũtheri.,two girls sitting on the floor in front of a window with a view of the city
3537520829_aab733e16c.jpg,Mũndũ ũrarutaga mbathi cia gũthondeka mbathi cia gũthondeka mbathi cia gũthondeka mbathi cia gũthondeka mbathi cia gũthondeka mbathi cia gũthondeka mbathi cia,Skateboarder
3540515072_8c951b738b.jpg,Ngui ĩrarutaga igũrũ rĩa njĩra.,Dog
3541474181_489f19fae7.jpg,Mũndũ ũrahiũhagia snowboard nĩ araikaraga igũrũ.,Snowboarder
3544803461_a418ca611e.jpg,Arũme eerĩ makĩrũa ndĩrĩ.,Boxing
354642192_3b7666a2dd.jpg,Mũndũ ahithaga thĩinĩ wa maĩ marĩ na gĩthima kĩa maaĩ.,Swimming in the pool
3547368652_0d85c665d3.jpg,Mwana ũmwe aikarĩte igũrũ wa mbarĩki agĩthiĩ na mbere kũharũrũka.,Skateboarder doing a kickflip on a stair rail
3549006919_3604bc813e.jpg,Mũndũ warĩ na gĩcũhĩ kĩa mũtune nĩ aambatire rwaro rwa ihiga.,Climbing
3549583146_3e8bb2f7e9.jpg,Kamwana kamwe karĩ na kĩrathi.,boy on a bicycle
3550253365_27d4c303cf.jpg,Andũ ana maikaraga thĩ igũrũ rĩa mũtararĩko wa bethi.,group of people
3556571710_19cee6f5bd.jpg,"Rĩu nĩ riri rĩa andũ atatũ ethĩ mehumbĩte nguo cia kwĩhumba na ũmwe wao arĩ njera-inĩ, na mũtumia mwĩthĩ ehumbĩte nguo njerũ.",Dutch wedding
3556792157_d09d42bef7.jpg,Gĩkundi kĩa ciana ciikarĩte icunjĩ-inĩ ciakinyĩte rũthingo.,Children playing
3560726559_4c4bed9f2d.jpg,Mũthuri na mũtumia wake marĩ na nguo cia mũingĩ makĩnyiitanĩra moko,Prom
3560977956_e08d2cd531.jpg,Andũ erĩ marĩ na nguo cia kũhonokia arĩa maraakũrũkĩra gatarũ-inĩ ka gũikia makũnia,Rowing
3566111626_9a35a7b2c0.jpg,Mũndũ ũrĩ na kĩrathi nĩ ahurũkaga rĩera-inĩ.,Bicycle
3568065409_1c381aa854.jpg,Kamwana karĩ na rũthanju karĩ kũharũrũka gatarũ-inĩ.,Boy running
3569979711_6507841268.jpg,Kamwana karĩ gũtherera igũrũ gatagatĩ ka iria.,Flip
3576259024_9c05b163aa.jpg,Mũndũ warĩ na nguo cia rangi wa bulu akĩharũrũka na kĩrathi kĩa goro.,Motocross
3582742297_1daa29968e.jpg,Ngui ithatũ nĩ irakinaga na kĩara kĩarĩ mũthanga.,Two dogs playing
3587596696_9c5964c94d.jpg,Gĩkundi kĩa andũ kĩnyiitaga mũbira wa Frisbee na moko mao.,Flying disc
3588417747_b152a51c52.jpg,Mũndũ ũrarutaga mbathi cia gũthondeka mbathi cia gũthondeka mbathi cia gũthondeka mbathi cia gũthondeka mbathi cia gũthondeka mbathi cia gũthondeka mbathi cia,Skateboarder
3595643050_d312e4b652.jpg,Ngui njerũ ĩrũgamĩte igũrũ rĩa magũrũ mayo ma thutha ĩiyũrĩte ndĩrĩ mũromo-inĩ wayo.,Dog
3597326009_3678a98a43.jpg,Andũ atatũ maikaraga metha-inĩ ya gũcakaya hamwe na kamera igĩrĩ na ngoma.,Bench
3608663656_9192a21eeb.jpg,Mũndũrũme ũmwe nĩ araikarĩra mahiga igũrũ hakuhĩ na maaĩ.,Climber on a rock
3613375729_d0b3c41556.jpg,Mũndũ ũmwe nĩ aikarĩte njinga-inĩ njerũ ya njora agereire njĩra.,Motorcycle racer
3616525288_9c19223de6.jpg,Athakĩrĩria arĩa marathiĩ na mbarathi hĩndĩ ya ngathĩti.,Horse race
3616771728_2c16bf8d85.jpg,"Arũme eerĩ arĩa marutaga wĩra wa kũgemia mbarathi, ũmwe arĩ na rangi wa njerũ, na ũrĩa ũngĩ arĩ na rangi wa rangi wa rangi wa rangi wa rangi",Horse race
3621652774_fd9634bd5b.jpg,Kaana kanini gacagaga maĩ rĩrĩa gakomete gĩthima-inĩ kĩa maaĩ.,Baby in a pool
3628017876_4ac27e687b.jpg,Kamwana kanini karĩ kũhũũra ngũkũ igĩrĩ cia thabuni.,A young boy playing with a toy bird.
3629664676_36bcefe6b7.jpg,Ngui ndundu ĩgũthuthuria mũkanda mwerũ,Dog
3630332976_fdba22c50b.jpg,Mũrũ wa kahĩĩ ũcio akĩgũtha mũriũ ũngĩ mwena wa thutha.,Two boys playing
3639684919_cb6fbf5638.jpg,Mũthuri na mũtumia wake marĩ na nguo cia kĩhiko magĩkora mbica.,Bride and groom
3640329164_20cb245fd5.jpg,Mũrutani wa gĩkũyũ nĩ arathiĩ na rũhuho.,Surfer
3646820231_2abc736840.jpg,Mũtwe wa ngui ũgĩikũrũka thutha wa nyamũ njerũ.,Shepherd dog
3652764505_87139e71f8.jpg,Nyũmba ĩmwe yarĩ na mwaki na rũkũngũ rwa nduma rwarĩ rũgĩte na ngari ya kũhonokia mwaki.,"Firefighters battle a large fire at a warehouse in the city of Anchorage, Alaska."
3653484549_f316590b0f.jpg,Mũirĩtu mũnini nĩ ahurutanaga macandũkũ make.,Birthday
3655326478_4472c5c630.jpg,Mũtumia ũmwe agĩthaka na ngui yake njĩra-inĩ ya kũhĩnga.,A woman and her dog in agility
3662871327_b128d25f04.jpg,Arata atatũ makĩhaarĩria ũthiũ wa kamera.,three friends
3662909101_21b9e59a3e.jpg,Ngui njerũ nĩ ĩrarũgamĩra kĩhĩtahĩtano kĩa kũhĩta.,Dog
3667404919_b273df57e4.jpg,Nĩ aikarĩte igũrũ rĩa mĩtĩ ya gĩthaka.,Mountain biker
3669069522_555c97fbfb.jpg,Arũme eerĩ na mũtumia ũmwe maikarĩte gĩtĩ-inĩ kĩa watho.,Family
3671777903_6fbf643980.jpg,mwanake warĩ na ndĩra cia kũgũrũ agereire iria-inĩ,Kitesurfing
3674565156_14d3b41450.jpg,Atumia erĩ marũngiĩ makĩhumbĩte macini cia kwĩrorera riũa.,two women
3675825945_96b2916959.jpg,Mũrĩmbi wa mbura ya igũrũ arĩ gĩthima-inĩ kĩa maaĩ.,Skateboarder
3677302645_8cd3fac70d.jpg,Mũrutani wa maũndũ ma ndini akĩambĩrĩria kwĩruta mbere ya andũ aingĩ.,Man dancing in front of a crowd
3687996279_05b5a2a706.jpg,Mũndũ warĩ na nguo cia kwĩhumba agĩcũngaga mũcango na agĩthaka mũcango.,Toronto Police Service officer
3690425778_3b390b3ea5.jpg,Mũndũ ũraruta mũthiũrũrũko kuuma gĩtuĩ-inĩ agĩthiĩ maaĩ-inĩ.,Man jumping from a diving board into a lake
3691670743_0ed111bcf3.jpg,Mũndũ ũrarutaga mbathi cia gũthondeka mbathi cia gũthondeka mbathi cia gũthondeka mbathi cia gũthondeka mbathi cia gũthondeka mbathi cia gũthondeka mbathi cia,Skateboarder on a bridge
3693961165_9d6c333d5b.jpg,Ngui ĩmwe ĩrĩ mũrurumo mũruru nĩ ĩrathagathaga o nja.,Dog
3694064560_467683205b.jpg,Mũndũrũme mũkũrũ araaria na kamwana akĩraria nao marĩ thĩ.,The Tempest
3696698390_989f1488e7.jpg,Mũndũ ũrarĩ na kĩrathi nĩ ahũthagĩra rĩera hakuhĩ na rũgendo.,Mountain biker
3700322513_50f0d45bfa.jpg,Mũndũ ũmwe ũratwarĩra njinga yake akĩharũrũka akĩũra rĩera-inĩ rĩrĩa mũndũ ũngĩ amũkuhĩrĩria mbica yake,Bicycle
3702038926_966fdaa311.jpg,Arũme ana na kairĩtu marĩ njĩra-inĩ na nyeki-inĩ.,A game of kickball
3702436188_2c26192fd0.jpg,kamwana kaarĩ na nguo njerũ na mĩkanda ya bata ya rangi wa ndune gakĩharũrũkaga igũrũ rĩa kĩara kĩa goro,Skateboarder doing a 50-50 on a rail
3710971182_cb01c97d15.jpg,Arũme nĩ mathambaga hockey.,Hockey
3711826708_bba64fb1e1.jpg,Ngui ĩmwe ya rangi wa mũhuro nĩ ĩrathiĩ njĩra-inĩ ĩrĩ na mĩtĩ mĩruru na mĩruru mĩruru.,Dog running through a forest
3717309680_e5105afa6d.jpg,Athuri 4 a njũng'wa marĩ rũgendo-inĩ rwa gũcakaya.,motocross
3717531382_e1e05e22c5.jpg,Nĩ harĩ mũndũ ũraruta thamaki rũũĩ-inĩ na mĩtĩ ĩrĩ thutha wake.,Fly fishing
3725353555_75c346d7ec.jpg,Ngui njerũ na njerũ nĩ ĩrathiũrũrũka ĩgĩtherera mũtararĩko.,Dog
3726076549_0efb38854b.jpg,Mũndũ ũcio nĩ aiguithĩrĩirie kĩrathi gĩake na njĩra ya kũrũgamĩrĩra.,Bicycle
3726629271_7639634703.jpg,"Ngui inya nĩ cionaga kĩndũ gĩtarĩ kĩoneki, nacio igĩrĩ ciarũgamaga igũrũ.",Dogs playing
377872672_d499aae449.jpg,"Ngui ithatũ igĩthakaga na rũũĩ rwa mbura, na itũũra rĩarĩ mũthia-inĩ.",Two dogs playing in the snow
381052465_722e00807b.jpg,Andũ nĩ maacinaga mwaki.,Fire
391723162_3bdeb7ea33.jpg,Ngui njerũ nĩ ĩgũthunaga thĩinĩ wa itura.,Dog
394161692_2576920777.jpg,Mũndũrũme ũcio nĩ ahumbĩte mũtumia ũcio mwena-inĩ wa thoko ya mĩromo.,people
399679638_d3036da331.jpg,Ngui igĩrĩ igĩthakaga karĩ na thumu.,Dogs playing in the snow
410422753_de506155fa.jpg,Ngui nĩ ĩrathiũrũrũka gatagatĩ ka rũhuho.,Dog
411011549_1298d2b4d2.jpg,ngui nini ya rangi wa rangi wa rangi wa rangi wa rangi wa rangi wa rangi wa rangi wa rangi wa rangi wa rangi wa rangi wa rangi wa rangi wa rangi wa rangi wa rangi wa,Dog jumping over a wall
413737417_b0a8b445e9.jpg,Andũ arĩa marĩ na indo cia kũhaama hema mabũrũri-inĩ ma mahiga.,Campsite
418357172_bdddf71d32.jpg,Ngui ĩrĩa ĩrathiĩ mũthia-inĩ ũrĩ na maĩ.,Dog on the beach
427683329_95d510a087.jpg,Mũtumia mũkũrũ wĩ na macini cia kũrora riũa aikarĩte thutha wa mũndũ wĩ na nguo njerũ.,ear
430964917_022995afb6.jpg,Mũndũ ũrarĩ na kĩrathi kĩa njinga njĩra-inĩ arĩ na mũhuko wa mũcango.,Bicycle
439049388_3dcee2d30b.jpg,Arũme eerĩ marũngiĩ hũgũrũrũ-inĩ cia iria rĩrĩa inene hakuhĩ na ngaari ciao cia kayak rĩrĩa hwaĩ-inĩ wakinya.,Kayaking
442220883_ff3d6e507f.jpg,Ngui ĩyo ĩrĩ na kĩndũ kĩiyũrĩtwo na kĩhĩndĩ mũromo-inĩ wayo.,Dog
453756106_711c20471a.jpg,ngui nene ĩrarũithia ngui nini thĩinĩ wa rũkũngũ.,Dogs playing
463978865_c87c6ca84c.jpg,Mũndũrũme ũmwe aikarĩte mwena wa ũmotho hakuhĩ na mũndũ ũmwe wathiiaga mũkĩra-inĩ wa barabara ĩrĩ na mĩako mĩega.,Street scene
468141298_3154d717e1.jpg,Ngari ciĩhaarĩirio hakuhĩ na nduka nini thĩinĩ wa barabara ya Rũraya.,Street in the city of Gouda
469021173_aa31c07108.jpg,Mũndũ ũmwe wĩ na mũbira wa mũtararĩko agereire gĩthaka-inĩ kĩnene.,Hiking
472661386_723aae880b.jpg,"gĩkundi kĩa ciana ciĩ na marũa ma gũkenia,",group of students
479807465_cf42f39d00.jpg,Andũ ethĩ arĩa marathiĩ na njinga cia gũtherera mageragia kũgeria njinga ya gũtherera igũrũ rĩa kĩrĩma kĩa mũthanga.,Trial
482830610_13a0a6c924.jpg,Mũtumia ũmwe athomaga ibuku thĩinĩ wa ndereti.,Reading a book on a train
484896012_7787d04f41.jpg,Kamwana kanini gaakĩhũũra mũbira mũtune na mwerũ mũgũnda-inĩ ũrĩ mĩmera,Soccer
488416045_1c6d903fe0.jpg,Ngui ĩmwe ya rangi wa mũhuro nĩ ĩrathagathaga gatarũ-inĩ ka iria.,Dog
490044494_d2d546be8d.jpg,Ngui ithatũ nĩ irathiĩ rũgendo-inĩ.,Dogs running
492341908_1ef53be265.jpg,Airĩtu erĩ makĩhaica ngari ya gũkuua.,Quad
493542985_c85ad29ebe.jpg,Mũirĩtu warĩ thĩinĩ wa marikabu ya gũikia ndigithũ akiuma harĩa cĩgĩrĩra iria.,Rowing
494329594_6e751372a0.jpg,Mũtumia wĩ na nguo njerũ ya rangi wa rangi wa rangi wa rangi wa rangi wa rangi wa rangi wa rangi wa rangi wa rangi wa rangi wa rangi wa rangi wa rangi wa,Sunbathing
50030244_02cd4de372.jpg,ngui nyingĩ iruhĩte mũgũnda-inĩ wa nyeki,cats
502115726_927dd684d3.jpg,Kamwana karĩ na nguo cia ndemwa nĩ gakoragwo na mĩrango ĩĩrĩ.,boy
505062117_a70b4e10ab.jpg,Ngui njerũ nĩ ĩratamba ĩrĩ na mbũri ya tenisi kanua-inĩ kayo.,Dog
508432819_3d055f395d.jpg,Ngari ya gũkuua nĩ ĩraikarĩra kĩrĩma-inĩ kĩa gĩthaka.,Off-road vehicle
510197538_0a11b94460.jpg,Mũirĩtu mũrungu waambĩte nguo njerũ agĩtheka na akĩhiũha.,girl running
510531976_90bbee22a2.jpg,Kamwana karĩ na nguo njerũ cia kwĩhumba nĩ gakũraga gakĩina thĩ mbere ya rũthingo rũrĩa rũarĩ na rangi mũingĩ.,B-boy
511844627_0ec78e01e9.jpg,mũndũ ũrarũgamaga igũrũ wa irĩma irĩ na heho,Skiing
512991147_dc48e6839c.jpg,Mũndũ ũraringaga gĩthima kĩnene kĩa maaĩ thĩinĩ wa gĩthaka.,Water
53043785_c468d6f931.jpg,Mũndũrũme ũmwe arũgamĩte igũrũ rĩa njogu thĩinĩ wa maaĩ.,Elephant bathing
532457586_bddfc5251d.jpg,Mũtumia ũmwe aikarĩte gĩtĩ-inĩ akĩaragia na mũndũ ũtarĩ na nguo.,Two men and a dog
533713007_bf9f3e25b4.jpg,Kamwana kamwe gaikarĩte metha-inĩ ya gũcakaya na gakanyua gĩkombe-inĩ kĩnini.,Picnic
538825260_a4a8784b75.jpg,Mũirĩtu ũcio nĩ arĩĩnyuĩra gĩthima kĩa maaĩ.,Girl drinking water from a fountain
539676201_c8f1f04952.jpg,Mũndũ warĩ na mũcinga agĩtwarithia maaĩ igũrũ.,person in water
54723805_bcf7af3f16.jpg,Andũ arĩa marĩ kĩrĩma-inĩ kĩiyũirũo nĩ rũhuho.,Moon over the summit
609681901_66809d2dc1.jpg,Airĩtu erĩ ethĩ nĩ maragia na gĩcamba kĩa magũrũ.,Two girls playing with chalk
632608471_a70461f123.jpg,Ciana cia ndigiri iria ciarĩ na nguo njerũ cia kwĩhumba ciarĩ igweta igĩũka igĩũka igĩũka igĩũka igĩũka igĩ,Dance
697490420_67d8d2a859.jpg,Mũndũ warĩ na nguo cia gũthambira aathiiaga na mbere na gũthiĩ na ngaari cia rangi wa ndune na cia rangi wa rangi wa rangi wa rangi wa rangi wa rangi wa rangi wa,man walking on rocks
745966757_6d16dfad8f.jpg,Mũirĩtu warĩ na wĩra wa kũruta wĩra wa gũcokia mĩrigo.,girl on roller skates
760180310_3c6bd4fd1f.jpg,Ngui nene ĩkomete hakuhĩ na kaana kanini karĩ na kaarĩ na karĩ na kanyua ga kũheana kanyua.,Baby and dog
804087017_330bcc8c56.jpg,Andũ erĩ maikaraga mbĩnĩ thĩinĩ wa barabara ya taũni.,Easy Street
811662356_f9a632b63c.jpg,Kamwana kanini karĩ hakuhĩ na mũtabarĩre wa mbaũ.,boy
812196663_0c969970b5.jpg,Kamwana ga kĩrungu na ka njerũ karĩ na nguo cia gũthambĩra makĩnyiitanaga mũthia-inĩ kana iria-inĩ.,two boys
86542183_5e312ae4d4.jpg,Ciana igĩrĩ ciakĩhũthagĩra hoki thĩinĩ wa itura.,Hockey
892340814_bdd61e10a4.jpg,Mũndũ warĩ na nguo ndune akĩambata igũrũ rĩa mũtĩ.,Climbing
937559727_ae2613cee5.jpg,Mũgĩkũyũ ũcio arũgamĩte maaĩ-inĩ akĩrora kĩndũ kĩnini moko-inĩ make.,Fly fisherman
96973080_783e375945.jpg,Ngui nĩ ĩrathiũrũrũka gatagatĩ ka rũhuho.,Dog running in the snow
985067019_705fe4a4cc.jpg,Kamwana kamwe gakĩgũa karĩ na gĩcamba.,boy on a slide
989754491_7e53fb4586.jpg,Mũirĩtu ũrĩ gĩthima-inĩ kĩa maaĩ ekĩĩte macani na akĩrĩrigiicĩirio nĩ ciana ingĩ,Swimming
1009434119_febe49276a.jpg,Boston Terrier yettɛeddi ɣef uẓekka yeččuren i d-yettwaṭṭfen zdat n yiwen n uḥric amellal.,Dog
1012212859_01547e3f17.jpg,"Aqjun yettḥudder aqerruy-is ɣer teftist, d tabutt tazeggazt ɣer tama-s.",Dog
1022454332_6af2c1449a.jpg,"D tafekka meqqren s yiwet n ttejra i d-yettεumm deg-s, d kra n medden deg tebrit-is.",Lake
1052358063_eae6744153.jpg,Yiwen n umcic n umeskar n uḍar yettxeddem yiwen n uḍar deg uḍar-is mi ara d-yettmuqul yiwen n umes,Two young boys with skateboards
105342180_4d4a40b47f.jpg,Tameṭṭut tettḥewweṣ taflukt deg wasif.,Kayaking
1057089366_ca83da0877.jpg,Aqcic yeṭṭef-d seg uḍar n tmeslayt d ameqqran ɣer tferka.,Diving
112243673_fd68255217.jpg,Tlata n medden ttḥewwṣent s tmacint n lxir deg yiwen n uḥric yettwaḥerqen s iẓekwan.,Off-roading
1130401779_8c30182e3e.jpg,Sin iqjan imeẓyanen i d-yettneddun deg waman.,Dogs playing in water
1131800850_89c7ffd477.jpg,Aqjun d azeggaɣ d azeggaɣ yettḥeǧǧeǧen iman-is.,Dog shaking water off
114051287_dd85625a04.jpg,Aqcic yeṭṭef taqendurt n ddabex d isebbaḍen-is yettwaḥesben seg tkeṛṛust.,Soccer player getting ready to play
1167669558_87a8a467d6.jpg,"Yella yiwen wergaz, yesɛa taqemcemt tazeggazt, yettxemmim.",man
121800200_bef08fae5f.jpg,Aṭas n imerḍan i d-yettbeddlen s wudem n lɣaṛ.,Climbers at the base of the cliff
1222322358_225067636e.jpg,Aqcic meẓẓi yetturar ɣef uselway.,boy on a swing
1280147517_98767ca3b3.jpg,Ameslay n waman yettɣibb ɣer deffir n teflukt.,Wakeboarding
1287475186_2dee85f1a5.jpg,Aqcic yettɣimi deg aman.,Boy spitting water out of his mouth
1289142574_2bd6a082dd.jpg,Aqcic yettḍebber seg ṭṭabla n tnezzayt ɣer tin nniḍen.,boy running
1330645772_24f831ff8f.jpg,yiwen uqjun aberkan yettɛeddi deg yiwen n uɣerbaz.,Dog
1358089136_976e3d2e30.jpg,Yiwen wergaz yettnadi ad yezzi deg yiwen n udrar yettwaxedmen s uẓekka deg wass yesɛan tafukt.,Sandboarding
1388346434_524d0b6dfa.jpg,"Yiwen wergaz, yeṭṭef ɣef lḥiḍ n bennemt s iɣallen-is i d-yettwaṭṭfen ɣef ufella, yettmuqul ɣef yiwen n u",man
1389323170_d1c81d6b51.jpg,tameṭṭut i d-yeqqim ɣef uḍar yeẓẓiyen i d-yeqqimen s ufus-is,Woman sitting on a seat in the shape of a mussel
1408958345_68eea9a4e4.jpg,Taqcict-nni tamecṭuḥt deg usemmiḍ n tferḥit i d-yettwazzin deg teftist,girl running on the beach
141755290_4b954529f3.jpg,Tamɣart-nni tettnuz lemunad yeččuṛen d tiḥersiwin.,woman making fresh juice
1425013325_bff69bc9da.jpg,Sin iḍan yetturar deg waman deg teftist,Two dogs playing in the water
1429723917_6af585e4c0.jpg,argaz n uḥezzil s uqerruy yettettatuɣ yettbedded ger argaz s t-shirt taẓwarant zdat n tmes d taḥezz,bald man with a ponytail
143552697_af27e9acf5.jpg,Argaz yesɛan asekkil d tbexciṭ yettwaṭṭef ɣef tkerrart deg yiwet n temɣart i d-yettunefken l,Enduro
143680442_2f03f76944.jpg,Yella win yettekker deg uẓru yerna yeṭṭef ddaw n uẓekka.,Climbing
143680966_0010ff8c60.jpg,Amdan-a yettmelli s lqaεa.,Rock climbing
1446053356_a924b4893f.jpg,Sin teqcicin s tmes n ddabex n uḍar tturarent deg yiwen n uḍar n tmedyazt.,Soccer
1454841725_4b6e6199e2.jpg,Ɛer teqcicin i d-yettwaṭṭfen i tkamra.,Girls
1464120327_d90279ca3a.jpg,Aqcic amecṭuḥ yettḍeggeṛ udem-is ɣef ṭṭaq.,Toddler looking at a window display
1472882567_33dc14c8b6.jpg,Ɛer n yifellaḥen yettɛeddun ɣef udrar yeččuṛen d afellaḥ.,Ski touring
1475046848_831245fc64.jpg,Tamart s tmes d azegzaw tettarra isebbaḍen-is mi tḍelḥent deg teftist ger lqaɛa.,woman walking on the beach
1478268555_7e301fc510.jpg,argaz ur nesɛi akerru ɣef yiẓuran,Rock climbing
1510078253_96e9ec50e7.jpg,"Aqjun azeggaɣ yettnadi ad yeɣḍeṛ tabutt tamellalt s yiɣallen n wuccen azeggaɣ, azeggaɣ d azegga",Dog
1536774449_e16b1b6382.jpg,Aṭas n medden i d-yekcem s yiwet n tmeslayt n igenni deg uḍar.,Crowd
1584315962_5b0b45d02d.jpg,"S uḍar d uḍar n usizeg deg wakal, argaz yesɛan taḍalt n tegrest yettṭṭef yiwen n uḍar mi ara d-",Campsite
1663751778_90501966f0.jpg,Yiwen n wemdan yettmelṭeq ɣef uẓru.,Climbing
1674612291_7154c5ab61.jpg,Aqjun yeṭṭef-d amur.,Dog
169490297_b6ff13632a.jpg,"Aqcic yesɛan taqendurt azegzaw, azeggaɣ d tazeɣt yettarra ifassen-is s yiɣil-is.",Boy
173020287_230bfc4ffc.jpg,Yiwen wergaz yettṭṭef yiwen n uḥric ger uqjun yettḍummi.,Dog training
1772859261_236c09b861.jpg,Aqjun d aberkan yetturar deg waman.,Dog
1785138090_76a56aaabc.jpg,Tamart-nni tesεa tafunast tetteddu deg ubrid zdat tlata n yiẓekwan.,Bare
1858963639_4588cd4be9.jpg,"Tamart yesɛan taɛemzart d azeggaɣ tettṭṭef taḥawsa, tettusmimeḍ.",Climbing
186346360_541047336f.jpg,Taqcict-nni yesɛan tabrut d tfaska tettili-d i yiwet n tmucuha ɣef udrar i d-yettban adrem,Hiking
1884065356_c6c34b4568.jpg,Aqjun aberkan yettɛeddi deg waman s uḍar deg yimi-s.,Dog
1884727806_d84f209868.jpg,argaz d tmeṭṭut yesɛan iẓẓuɣen n Mickey Mouse deg waṭas n medden.,couple
2052202553_373dad145b.jpg,Aqjun yettarra-d yiwen n uḍar ameqqran mliḥ deg waman.,Dog in the water
2084217208_7bd9bc85e5.jpg,Tamart s uḍebsi yettwalin tamsulta.,Bicycle rider
2085255128_61224cc47f.jpg,yiwen n umẓi yeṭṭef taqemcart tazeggazt d tcelḥit yezzan yettḍebber ɣer wasif.,Jumping off a cliff into the river
2085400856_ae09df33a7.jpg,Aqjun deg wedfel.,Dog
2095007523_591f255708.jpg,Arrac yettmuqul deg tmes n tmes.,baby
2097403787_77a154f5b9.jpg,Argaz yeṣfan zdat adrar n lqayed.,Glacier
2107837987_ffecfc367a.jpg,Aqcic yeṣṣebb ɣef waman s yiwen n uẓru deg ufus-is.,boy
2131762850_5293a288d9.jpg,Aqcic yettḥessun deg wedfel yessa-d asfel d takart n LL Bean tazeɣt.,Snow
2148916767_644ea6a7fa.jpg,Sin iqjun yetturaren deg wedfel.,two dogs playing in the snow
2157173498_2eea42ee38.jpg,Yiwen n win yesɛan taǧakt taberkant yettnadi deg usemmiḍ.,Snowboarding
2176147758_9a8deba576.jpg,Yiwen wergaz yesɛan taǧakt tameggazt yezga-d zdat n tkerrart d tkerrart deg yiwen n ubrid n temdint.,Bicycle messenger
2181724497_dbb7fcb0a9.jpg,Taqcict-nni tamecṭuḥt deg usseḍuf ameqqran tettett s lbaṭel.,messy eater
2187222896_c206d63396.jpg,Aqcic-nni s tqecṭit tameggazt yezga-d ɣer lḥiḍ azegzaw.,Boy in red shirt
2196107384_361d73a170.jpg,Argaz-nni yetteddu ɣer yiwet n tɣiwant taẓwarant.,Man walking in front of a building
2199793371_343809ff70.jpg,Aqjun amellal amellal yetturar s uḍar n ddabex deg wedfel,Dog playing with a soccer ball in the snow
2204695848_3d1b140212.jpg,"Taqcict tazeggazt s uberrur d azegzaw yettmesmeḥ, ma yella tesseḍha tiṭ n tceṭṭiwin d ime",girl with funny glasses
2205336881_d9ee4179d3.jpg,Taqcict-nni tamecṭuḥt yesɛan tafyirt n pijama d azegzaw yettnadi ad t-tessuffu yiwet n tkam,girl with camera
2217728745_92b6779016.jpg,Aṭas n lbiru i d-yettɣebben deg yiwen n lbar s tafat n Lḥulfu ɣef ssqef.,bar
2218519240_cac5aab53c.jpg,Argaz yesɛan tafat n ucebbub ɣef uqerruy d udem,Worker wearing a hair net and face mask
2229177914_3308fe7d20.jpg,Aqjun azeggaɣ yettḍebber ɣef usemmiḍ yesεan tafat deg yal tama.,Dog jumping over a fire
2240539658_dea8db6e55.jpg,Sin iqjun yetturaren deg wedfel.,Dogs playing in the snow
2245348304_08bc5642f1.jpg,"Yiwen wergaz yettɣimi ɣef tkebbust, yetturar tagitra deg ubrid.",Homeless man playing guitar
2252123185_487f21e336.jpg,Lḥala yeččur d medden yettmuqulen yiwet n temsalt.,Crowd
2268601066_b018b124fd.jpg,Argaz yeṭṭef aqerru yettɛessas aqerru-s.,man kneeling
2271667421_7b21fc23b8.jpg,Aṭas n imseggwasen n tnezzayt i d-yettnadin deg yiwen n ubrid.,Skiers
2271890493_da441718ba.jpg,Aqjun ameqqran yettɛeddi aqjun amecṭuḥ deg uẓekka.,Two dogs playing
2274602044_b3d55df235.jpg,Argaz deg tkerḍit yettḥerri aqjun.,Dog and man sitting on a bench
2275253272_00f941366e.jpg,Taqcict-nni tamecṭuḥt tetteddu deg yiwen n ubrid.,girl running up the stairs
2282522980_45cfa8e0cf.jpg,Sin iqjun yetturaren deg wedfel.,Dogs playing in the snow
2288530008_4ebcee2174.jpg,Yiwen wergaz yesɛan aqrab d azeggaɣ yettmuqul s tidet ɣer tmacint tamellalt i d-yettunefken asefki.,Train
2293149170_38fb2257ea.jpg,Aqcic meẓẓi yettwaṭṭef deg uḍar n yiɣersiwen i d-yettwaḥesben.,Toddler
2303016989_0deb96c8d9.jpg,Aqjun d aberkan yettwaṭṭef yiwet n tɣawsa tazegzazt d tazegzazt deg imi-s.,Dog catching a frisbee
2306186887_0bd8ed3792.jpg,"Sin n yeqjun yeqjunen yetturar ɣef tẓani, yiwen deg-sen yettarra-d tabutt tazeggazt.",2 dogs playing
2312731013_1a3a8e25c6.jpg,Yiwen wergaz yettɣimi di beṛṛa deg wedfel s aqjun-is d tafunast azegzaw.,Homeless man and his dog
2316097768_ef662f444b.jpg,Yiwen n wergaz d aberkan yettkeyyif d aseggas zdat n yiwen n usensu n ugellid.,man
2322327298_7948338390.jpg,Aqjun yettɛeddi deg wedfel.,Dog
2324779494_5e72d29171.jpg,Yiwen n weqcic yesɛa asfel d tmeslayt ur neǧhid ara.,child
2324979199_4193ef7537.jpg,sin n warrac ttḥebben.,siblings
2325816912_b3bb41cdbb.jpg,Aqjun aberkan yesɛan taḥerḍit azeggaɣ yettɛeddi deg wedfel.,Greyhound
2326730558_75c20e5033.jpg,Sin iqjun yetturaren deg wedfel.,two dogs
2330062180_355ccbceb5.jpg,Aqjun yettɛeddi deg wedfel.,Dog running in the snow
233242340_09963100a3.jpg,Aqjun yettɛeddi deg yiwet n tferka tazeggazt d tazeggazt deg yiwen n ubrid n tneṣlit.,Dog
2337809114_899ba61330.jpg,Taqcict yettwaṭṭef allen s yiwen n uḥeẓẓi d teqcict.,family
2344412916_9a5a9b1c82.jpg,Argaz yettɛeddi deg yiwet n tmeslayt deg yiwet n tmetti tceɣlin.,Inline skating
2353119813_685bace18e.jpg,Aqjun yettḍebber ad d-yettunefḍeb tabutt deg yiwen n uḥric ameqqran.,Dog playing with a ball
2362377137_9528692825.jpg,D taḥbirt n lɣaci deg yiwet n temnaḍt n temdint.,Times Square
2363540508_9dd1ccf7c7.jpg,Taqcict meẓẓiyit deg uselway n tnewla,girl on slide
2370221025_be4d9a4431.jpg,Aqcic meẓẓiyit yesɛan taḥezzamt n tegrest yettwaṭṭef deg yiwen n umɣar.,Baby girl
2372763106_ddea79d36e.jpg,Aqjun aberkan yettɛedday deg ttɛuri.,Greyhound racing
2391812384_7429b5e567.jpg,"Aqcic yesɛan taẓarant yettɛeddi deg waman yettɛessun, ma d argaz yesɛan azeggaɣ yettmuqul.",Fountain
2394824046_51cec8e5e7.jpg,Amɛennay yettẓall zdat n tmucuha n Budda.,Buddhist monk praying in front of a Buddha statue
2399219552_bbba0a9a59.jpg,Aqcic yetturar tasututut.,Basketball
2407470303_6fd5e3600d.jpg,aqjun amellal d aberkan yettɛedday ɣef teftist akked kra n medden deg umḍal,Dog running on the beach
2410618963_fb78307d18.jpg,Yiwen n umecṭuḥ yesεan tabrut azegzaw d tqeccet tazegzawt yettɛeddi deg tẓawit.,boy running
241346215_037e18403a.jpg,Aḥersi n uɛewdi yettak-d isefka i kra n yimɣaren n ddabex n ddabex.,Mascot
241347823_6b25c3e58e.jpg,Amur n ddabex n ddabex s tkerḍit tazeggazt n Sooners.,Football player
241374292_11e3198daa.jpg,Aṭas n medden i d-yettwaṭṭfen s kra n tmucuha.,People
2419797375_553f867472.jpg,Taqcict tettɛedday deg tkeṛṛust tesseḍḍ-d tiṭ n yiṭij d akerḍum.,girl in sunglasses
2426215757_e008a91fcb.jpg,Yiwen n win yellan deg usekki n waman.,Water skiing
2432061076_0955d52854.jpg,Aqjun yettɛeddi deg lxir.,boxer
2439384468_58934deab6.jpg,Sin n yiɣil d yiɣil d azeggaɣ i d-yettbibbun deg yiwen n uḍar yetturar d uḍar.,Doberman
2444741900_5cb3ef3e1d.jpg,Llan kra n medden i d-iḥerren deg wedfel.,Skiers and snowboarders on a mountain slope
2449446913_28fa5b7c75.jpg,"Timda n imurar n baseball s tmeɣra azeggaɣ, ttḥewwṣen deg lbaḍan.",Baseball
2450299735_62c095f40e.jpg,Taqcict-nni tettuzzal ɣer tiddist.,girl on water slide
245895500_a4eb97af02.jpg,Argaz yettferrḥ ad yeṭṭef lḥut deg wasif amecṭuḥ s uḥeṭṭil deg ugur.,Fly fisherman
246231741_882b45c4e1.jpg,Yiwen n umeksa n Tlemant yettban-d tiɣmas-is mi d-tettḥerru ɣef yiwen n umeksa nniḍen n Tlemant.,Two dogs
2465691083_894fc48af6.jpg,Aqjun aberkan s uḥeṭṭi d azegzaw yettḥewwiḍ deg waman.,Dog
2467821766_0510c9a2d1.jpg,Aṭas n medden i d-yettḥewwin deg yiwet n temnaḍt yesɛan taẓart.,Hiking
2472634822_7d5d2858c0.jpg,Aqcic d aqjun i d-rren deg uẓekka.,boy running with dog
2473738924_eca928d12f.jpg,Sin teqcicin i d-tesselmedin n tmedyazt.,Karate
2474047296_fd9179d438.jpg,"Yiwen n wergaz ameqqran yesɛan taqemcelt tamellalt d tcelḥit taberkant taberkant, yeqqim ɣef tkerḍist deg ufella n yiwen",man
2482629385_f370b290d1.jpg,Aqjun yesɛan taḥeṭṭa n zzur yeṭṭef-it yetteddu ɣer waman.,Dog
2500826039_165e75b20c.jpg,Kra n tmeslayin deg ubrid yeṭṭfen aṭas n medden.,Kiss
2507312812_768b53b023.jpg,Sin iḍan i d-yettɛeddun ɣef teftist ɣef waman.,Dogs playing on the beach
2518508760_68d8df7365.jpg,Aqjun n tnezzayt yetteddu,Greyhound racing
2519594430_551225e5bd.jpg,Aqjun aberkan yesɛa amur ɣef tẓani.,Dog
2527303359_6c3dc3f282.jpg,"Taqcict yesɛan taqendurt tamellalt tetteddu ɣer waman, teffeɣ-d seg isebbaḍen amellal deg teftist.",girl on the beach
2532262109_87429a2cae.jpg,Aṭas n teqcicin n uɣerbaz i d-iqqimen gar-asen mi ara d-tessemmim yiwet.,School children
2538423833_d1f492d1fb.jpg,Aqcic amecṭuḥ yeẓẓel akken ad d-yeḥbes aqjun amellal.,Dog
254295381_d98fa049f4.jpg,Yettɣab aqjun ɣef ssqef d azeggaɣ n tmes.,Dog
2553188198_da1123a723.jpg,Aqjun aberkan yettɛessay d aman s uḍar deg yimi-s ma d aqjun azeggaɣ yettmuqul s tama nniḍen.,2 dogs playing in a puddle
2553619107_d382a820f9.jpg,Yella win yettḥewwiṣen s tkeččit tazeggazt ɣef waman yeṭṭfen.,kayak
2555622234_3e531e4014.jpg,Aqjun yettɛeddi deg teftist.,Dog
2559114800_17310f3015.jpg,Tlata n yiqjun i d-yetteddu deg yiwet n tferka n tnezzayt.,Greyhounds
256292144_b53aadae27.jpg,Aqjun azeggaɣ d azeggaɣ yettɛeddi deg uẓekka.,Dog
2567035103_3511020c8f.jpg,Aqjun aberkan d aberkan yetturar neɣ yettnaɣ d aqjun azeggaɣ deg tzeqqa.,Dogs playing
2568417021_afa68423e5.jpg,yiwen n weqcic yettarra-d tasutut n basketball zdat n uxxam amellal.,A boy holding a basketball
2587106431_1cc0e719c6.jpg,Tlata n warrac meẓẓiyeḍ ttḥessisen s ifassen-nsen d tiṭucin.,Three boys
2587846523_b177c9a3e3.jpg,argaz yettḥeṣṣṣeb ad yeqbel taqbaylit i uqjun-is.,man playing with dog
2588625139_fdf6610218.jpg,Sin warrac i yetturaren s hula-hoops.,Hula hoop
2591603141_33d6397e0a.jpg,aqjun azeggaɣ d aberkan yettɛedday ɣef teftist,Dog
2593695271_4d9cc9bd6f.jpg,Arrac meẓẓiyen s tbeqquṭin yettɛeddun deg ubrid.,School children in Bali
2596474836_79468f23a0.jpg,Tamart yesɛan taḥezzart taḍellat tesɛu aqcic amecṭuḥ deg tgerra.,Swimming instructor with a child
2599444370_9e40103027.jpg,Sin iqjan imecṭuḥen yettεumm deg tferka.,Dog and otter swimming together in a pool
2628331789_c7f7d90e5d.jpg,Tameṭṭut tesɛa aqcic amecṭuḥ yettḍebber ɣer tferka.,Swimming
2629346153_155ba73ae9.jpg,Aqjun yettwaɣalen argaz yesɛan taɛebsa.,dog training
2649406158_ded6be38de.jpg,yiwen n weqjun n tmes d-yeṭṭef uḍar n 5 yettɛeddi deg uḍar n yiḍan.,Greyhound racing
2656749876_e32495bd8c.jpg,Yiwen n lmuqedmin yesɛan aqerru-nni azzur amecṭuḥ yetteddu deg ubrid yettmeslay s tilifun.,A man in a priest's cassock walking down the street with a phone in his hand.
2658360285_a0ec74ef48.jpg,"Yiwen n yimẓiyen yellan zdat n yiwen n weɣṛas, deg-sen yiwen n umecṭuḥ yettḍumḍun deg tẓani.",Baseball
2664102751_d5a737a566.jpg,Amdan yettwaḥebber s uḍebsi yettwaḥebber ad d-yettwakkes.,Kitesurfing
2678798732_2998f9969c.jpg,Amaruz yettḍeggu ɣer tama n tmesṭit s tkamra-s.,Photographer
2707873672_15e6b5d54b.jpg,"Sin n warrac d imecṭuḥen i d-yettwarran s tqecṭit taẓwarant qqimen ɣef ṭṭabla, ttnaɣen s",Two boys fighting with swords
2707933554_f6dc5e0e3c.jpg,Taqcict-nni yesɛan taqemṭit d taḥezzant i d-yettɣimi ɣef ufus-is.,Butterfly
2709359730_13bca100af.jpg,Llan kra n yeqjun i d-yetteddu deg wakal.,puppies
2718024196_3ff660416a.jpg,Aqcic amecṭuḥ yettḍebber ɣer tmeska n warrac deg uḥezzam-nni.,boy jumping over a water sprinkler
272940778_a184dbea42.jpg,Sin iḍan i d-yettedduḍ.,Dogs
2735290454_1bd8bc5eac.jpg,Aqjun aberkan yesɛa yiwen n usemmiḍ deg yimi-s.,Dog
2737759676_4bc9be2daf.jpg,argaz yesɛan tiṭij n yiṭij d akerḍaf.,man in hat and sunglasses
2752175795_c9def67895.jpg,Sin yergazen qqimen deg yifassen n tmeslayt deg yiwen n wemkan n lbaṭus.,Bus stop
2766291711_4e13a2b594.jpg,Aḥerḍan amellal amellal meqqren s uḍar d azegzaw n tkerḍant.,Standard poodle
278105206_df987b0ca0.jpg,Aqjun yettɛeddi deg wedfel.,Dog
2788628994_61123c03d2.jpg,Yiwen n win i d-yeddun s tkeṛya yettɛeddi deg yiwet n temẓi.,Mountain biker in the forest
2790909995_8b7a03d9d1.jpg,Aqjun yettɛeddi deg uẓekka.,Greyhound
2805101709_1c8916f63a.jpg,Taqcict yesɛan taqendurt tettṭṭef ɣef sin n tferwin n usekcem n usekcem.,girl playing on a playground
2805822564_6dee48e506.jpg,yiwen n weqcic amecṭuḥ yettɛeddi deg teftist deg teftist,girl running on the beach
2807177340_bc85291df5.jpg,Aqcic yetturar deg unnar n urar,Playground
2812125355_5e11a76533.jpg,Aqcic yečča s tfeṭṭin.,boy eating
2813992915_f732cf8539.jpg,Yiwen n wergaz ɣef tkeṛya yettxeddem ad d-yeqqes deg yiwet n tmeɣra mi ara d-tḥulfu tban-t lɣaci,BMX
281754914_bc8119a0ed.jpg,Aqcic-nni amecṭuḥ yesεan taqemcemt tazeggazt d tazeggazt yettbedd deg yiwet n tzewt tameqqrant.,boy in tall grass
2827964381_408a310809.jpg,Sin iqjun yettḍebberen ɣef wa.,Dogs
2830869109_c4e403eae6.jpg,Aqcic d teqcict yetturar s tferkas deg usefru n tẓuri,girl running in the rain
2832033116_1677ea1e2e.jpg,Tameṭṭut tameẓyant yesɛan taɛemzalt tettas-d taḥezzart ɣer yiwen n uḥric.,Girl in a helmet with a safety harness
2833582518_074bef3ed6.jpg,Aqjun n uḍar n tẓellift n usebter n sin yettɛeddi deg yiwet n tferka.,Greyhound racing
2834103050_512e5b330a.jpg,Tamurt d wid i d-yeddun ɣef uẓekka,Burning Man 2018
2839890871_4b7c7dbd96.jpg,Sin igerdan i yessen i uselmed n tmusni ttnaɣen ɣef yiwen n uḍar azzur.,Two young boys sparring in a karate tournament.
284279868_2ca98e3dcd.jpg,Sin iḍan yetturar deg wakal n wedfel,Two dogs playing in the snow
2843695880_eeea6c67db.jpg,sin n medden i d-yettεumm deg waman deg usemmiḍ.,Sunset
284441196_8ebb216d0d.jpg,Aqjun azeggaɣ d azeggaɣ yettɛeddi deg uẓekka.,Dog
2847859796_4d9cb0d31f.jpg,Taqcict yesɛan tiɣriwin deg tferka,Swimming
2848266893_9693c66275.jpg,argaz yesɛan taqendurt tamellalt yesɛan aɣmis yettɛedday deg iberdan.,A man in a white suit walking down a street
2851931813_eaf8ed7be3.jpg,Tella yiwet n teqcict i yeqqim deg tẓani.,Girl playing with a butterfly
2857558098_98e9249284.jpg,Aqjun amecṭuḥ yettḥerceb ɣef uḍar ameqqran.,Dog
2863349041_5eba6e3e21.jpg,Sin warrac i yetturaren s lkaɣeḍ n tmes.,Laundry
2879241506_b421536330.jpg,Argaz d tmeṭṭut qqimen zdat n tewwurt azegzaw d iselman yerna ttxemmimen ad rnun.,couple
2883950737_3b67d24af4.jpg,Sin n tlawin i yessen bikiniyen ttḥezzin ɣef uẓekka.,Beach volleyball players
2888702775_0939a6680e.jpg,Yiwen wergaz ixeddem yiwen n uḥric n skateboard deg yiwen wemkan ameqqran.,Skateboarder
2891617125_f939f604c7.jpg,Yiwen n win i d-yettɣimi s tkerrart n tkerrart.,motocross
2906802485_dfebf09173.jpg,4 n yimerḍan n kayaker ttḥewwin deg waman.,Canoeists on the St. Croix River
2923891109_ea0cc932ed.jpg,Aqjun d azeggaɣ yettṭṭef tabutt n tennis deg yimi-s deg yiwen n uḥric.,Dog
2938747424_64e64784f0.jpg,Aqjun-nni d azeggaɣ i yettɛeddi deg uḥeṛs.,Dog
2942094037_f6b36fd3db.jpg,Taqcict-nni tamecṭuḥt tettɣelli deg yiwet n tmeslayt n tmeslayt i d-yettuneffuɣen.,Girl on a bouncy castle
2968216482_ede65b20a8.jpg,Sin n medden s uḍar aberkan ttḥewwin timuturin.,Drag racing
2979914158_5906470b8f.jpg,taqcict tameẓyant yesɛan taqendurt n tzemmar d azeggaɣ d aberkan tettḥewwiṣ ɣef tzeṭṭa,Girl on a swing
2982928615_06db40f4cd.jpg,Aqjun yettɛeddi deg uẓekka.,Dog
2987328689_96a2d814f1.jpg,Aqcic deg yiwen n usegzaw yettḍeggeṛ aɣerruy.,boy throwing rocks in a stream
2991993027_36ac04e9a0.jpg,D timdukelt n medden i d-yebdan am zumbiyen.,Halloween
2993388841_6746140656.jpg,"Amur n basketball s uẓar n uẓar yesɛa tabut, ma d wayeḍ s uẓar n azegzaw yettnadi ad t-",Basketball player
2995935078_beedfe463a.jpg,"Amurar n cricket deg lbaṭel, yettwalin.",Cricket player
3006093003_c211737232.jpg,Yiwen wergaz yettmeslay ɣef tilifun-is mi yesɛa yiwen n usefru n tmeslayt n Obama.,A man holding a sign and a cell phone
3016708786_3591106cca.jpg,"Tlata n yergazen s yimi yeffɣen, yiwen deg-sen yesɛa ajenwi n lekdeb",A man is being held by two other men with a knife in his mouth.
3029472296_d429b1586c.jpg,Sin yergazen s tqecṭiwin tiɣellalin ttḥewwin ɣef yiẓekkan n yiwen n weɣṛas amellal.,Parkour
3036641436_d6594fc45f.jpg,"Sin teqcicin ttεeddin d yiwen uqcic, tlata-nsen llan s tqecṭin azzur n yiwen umezgun d tjeans azzur.",three children on a swing
3042381160_ffe2b16808.jpg,Yiwen n win ixeddmen deg uselkim s uselkim nniḍen akked tlata n medden nniḍen deg umḍal yettmeslayen.,A group of people working on a computer
3048821353_83d4c0cbb9.jpg,Yiwen wergaz yettεawin yiwen wergaz ad yexdem aḍar deg tzeqqa.,Acrobatics
3053916979_848d32261b.jpg,Argaz yesɛan tafunast taberkant yettḥerriḥ gar imurar n tmes.,fencing
3066429707_842e50b8f7.jpg,Taqcict-nni yellan s azegzaw tettḍebber tabutt n ddabex n ddabex.,Soccer
3066491113_86569e15be.jpg,"Sin iqjun, yiwen yesɛa yiwen n uḍar ameqqran deg yimi-s.",Dog
3070031806_3d587c2a66.jpg,Yiwen wergaz yeqqim zdat n 4 n yiḍan deg teftist.,Dogs on the beach
3076928208_5763e9eb8c.jpg,Aqjun yettɛeddi s kra deg yimi-s deg uẓekka.,Dog
3086810882_94036f4475.jpg,Aqjun yettɛeddi deg uẓekka.,Dog on the beach
3092370204_029b6bc10a.jpg,Aṭas n medden s llebsa d azegzaw yettḍancen ɣef usefru n usɣar.,Punk rock
3093970461_825b0cac2f.jpg,Sin n temẓiyin tt-tḥebben deg ubrid ɣef tama n teftist.,Two women hug on the beach
3099504809_565e17e49d.jpg,D taḥezzamt n yiwen wergaz ur nesɛi akerḍaf n lqaεa.,rock climbing
3106223494_52d4d2d75d.jpg,Argaz yesɛan tafaska d yiwen n usemmiḍ n Santa Claus.,Santa
311267421_e204e643cf.jpg,Sin iḍan i d-yettedduent deg yiwen n uḥeṛṛi n lfeṛḥ.,Dogs
3116011063_f4071ccce6.jpg,Amur n uselmed d aberkan yettwaḍeggen seg uḍar-is ɣer waman.,Surfer
3119076670_64b5340530.jpg,Ameskar n lberr deg lehwa yettxeddem yiwen n usemmiḍ.,Snowboarder
3119903318_d032141839.jpg,Yiwen wergaz ur yesɛi akerru yettbedd ɣef tzeqqa s tmes deg umḍal.,Professional wrestler
3123463486_f5b36a3624.jpg,"Aqjun-nni azeggaɣ, d aberkan d aberkan yettɛeddi ɣef lqaεa n tẓaṭit.",Dog
312427606_defa0dfaa8.jpg,Taqcict-nni yesεa taberrant.,girl eating a peach
3124549928_10904a5a83.jpg,Aqcic meẓẓiyit yesɛan taqendurt taẓwarant yetturar s wedfel.,boy holding snowball
3124838157_7ef96745b7.jpg,Sin yergazen d yiwet n tmeṭṭut meqqren qqimen zdat n yiwen n tḥanut i d-yettunefk afellaḥ,Last day of the store
3125158798_0743dae56e.jpg,Argaz d tmeṭṭut qqimen yid-sen deg yiwen n ubrid yettwaḥezzan yettwaṭṭfen afaru-nsen.,couple
3130093622_362f32f2bb.jpg,Aqjun yettɛeddi deg wedfel.,Dog
3132832452_c354c6396c.jpg,"Argaz yeqqim ɣef usensu yettwaṭṭef tarwa, yettwaḥerqen-it tlata teqcicin.",Family
313326614_b2adbe59e0.jpg,Yiwen wergaz yesɛan taǧakt tameggazt yezga-d deg uḍar n tnezzayt n tnaḍt.,Man in red jacket standing on stairs
3139895886_5a6d495b13.jpg,Aqjun d aberkan yettḍebber deg yiwen n uḥeṛṛi n tẓani.,Dog
3143155555_32b6d24f34.jpg,Sin warrac meẓẓiyeḍ i yetturaren yid-sen.,baby
3147217787_ed21cd4990.jpg,Yiwen n wergaz yesɛan tkersi 23 yettḍeggeḍ tabutt deg tmeɣra n basketball.,Basketball player dunking a ball
3151365121_e2a685a666.jpg,Aqjun yettɛedday deg teftist.,Dog
3166578139_33500f7e8a.jpg,Ameskar n usizeg deg udrar d ameqqran.,Skiing
3170802797_3c851bb475.jpg,Ameskar n lberryu s tqeḍya tazeggazt yettwaḥesben kra n waḍu.,Snowboarding
3173014908_b3e69594b6.jpg,Ameskar n usizeg yettɛedday deg useglu amehḍan.,Skiing
318070878_92ead85868.jpg,Tameṭṭut tameẓyant tesɛa aṭas n tmeskiwin imecṭuḥen deg teftist.,Girl selling bracelets on the beach
3182996527_70d9c323d5.jpg,"Yiwen n win i d-yeddun ɣef tkeṛya, yettḥerru deg tfekka-s γer tneṣlit, s lgrafiti deg deffir",Bicycle
3185645793_49de805194.jpg,Ameskar n tkerrust yettḍebber ɣef udrar s uḍar-is.,Mountain biking
3189251454_03b76c2e92.jpg,Aqjun yeṣṣan deg wedfel yettḥeǧǧu.,dog
3200120942_59cfbb3437.jpg,"Yiwen deg-sen yella deg usekker n usekker, wayeḍ deg-s d iceṭṭiḍen.",Skiers on a chairlift
320093980_5388cb3733.jpg,"Tamart s tmes, tettḍess, tettwaḥesben-itt uqjun.",girl with afro hair laughing
3203453897_6317aac6ff.jpg,Argaz d yiwen n uqcic ttmuqulen adrar.,Bus stop
3211581957_df2f7e2236.jpg,Amesrebbi ɣef uɛewdiw yettḍebber.,Horse jumping
3212465975_b657f40eed.jpg,Ameskar n skateboard yettḍumm s skateboard-is,Skateboarder
3214237686_6566b8b52f.jpg,yiwen n umeskar n usneɣ yettḍebber seg usneɣ.,Snowboarder
3218889785_86cb64014f.jpg,Ameskar n skateboard yettwaḥebbar ɣef tneqquṭ n useklu deg texxamt d amḍell.,Skateboarder
322103537_184367bf88.jpg,Taqcict meẓẓiyit yesɛan bikini yettḍumm ɣef teftist.,Jumping off a sand dune
3222496967_45d468ee66.jpg,Tamart tazeggazt tesseṭṭef aɣmis tettusmimeḍ ɣer wergaz-nni yesɛan taqeḍɛit.,Man and woman
3229821595_77ace81c6b.jpg,Llan medden i d-yettbanen deg tebrit n usrid yettwaṭṭef s wedfel i d-yettban ɣef yiɣallen n wedrar.,Sunset
3232030272_b2480a5fe7.jpg,Tamart s tajerbut taḍellat d tcelḥit taberkant d azeggaɣ yetteddu deg usebter zdat n yiwen n usebter yettmeslayen,Fast food
3239021459_a6b71bb400.jpg,Aqcic yettɛedday s tnezzayt seg yiwet n tnezzayt n wedfel.,Snow
3241965735_8742782a70.jpg,Ameskar n usizer yettḍebber s iskiyen-is i d-yettwaɣalen.,Skiing
3243588540_b418ac7eda.jpg,Taqcict-nni tettwaḥdem akken taqcict-nniḍen s tmucuha tettxeddem ɣef uḍar-is n tceṭṭa.,henna tattoo
3249278583_95cd8206da.jpg,Sin n medden deg yiwen n uḥric i d-yessers yiwen n terbaɛt n yiḍan.,Dog sledding
3258394043_a0b6a94dce.jpg,Sin warrac d imecṭuḥen deg uselmed n uselmed akked sebɛa imeqqranen.,Children's television
3261666285_86fceb762d.jpg,Amur amellal yettnadi ad d-yefk aɣrum i umurar amellal deg uḍar n basketball.,Basketball
3262075846_5695021d84.jpg,Aṭas n yergazen i yetturaren rugby.,Rugby
3265578645_4044a7049a.jpg,Yiwen n wemdan yeqqim zdat n tkeṛṛust tazeggazt d azeggaɣ.,Bus
3280052365_c4644bf0a5.jpg,Sin tlawin d yiwen n uḍar yettḥemmimen deg yiwet n tmeɣra deg yiḍ.,People having a pillow fight
3285993030_87b0f1d202.jpg,Aqjun aberkan yettɛeddi deg yiwen n ubrid.,Dog
3288274849_07ff76ee93.jpg,Ameskar n usneɣ yettekker deg yiwen n udrar amecṭuḥ ɣer tama n yizfan.,Snow removal
3290465391_258429e2f9.jpg,Argaz ɣef skateboard ɣef uḍar n tmes d taḥezzant deg yiwet n temnaḍt yesɛan taḍellift.,Skateboarder
3310551665_15b79ef4ea.jpg,Aqcic s tqeccet tazegzawt s uqerruy deg yiwet n tbubbit tameqqrant.,Boy looking into a giant bubble
3314180199_2121e80368.jpg,Aqcic meẓẓiyit yetteddu ɣer tferka tazeggazt.,Soccer
3324375078_9441f72898.jpg,Tlata n yiqjun llan deg wedfel.,Dogs playing in the snow
3325157569_8084ab3293.jpg,Yeggeḍ yiwen n umurar n basketball ɣer lqaεa akken ad d-yessekcem.,Basketball player
3328247381_a9f7fb4898.jpg,Sin warrac meẓẓiyen deg waman s yiɣallen n ssurf amecṭuḥen.,Surfers
3330102093_1d6e35e78d.jpg,Yiwen yesɛedda-d taḍebsiwt-is ɣer lqaεa.,Mountain bike
3335885203_a3fe8e541f.jpg,Ilemẓiyen s uḍar yetturar deg tmeɣra n rrugbi.,Rugby
3337332770_5eda5cceb7.jpg,Sin iqjun yetturaren deg wedfel.,Dogs playing in the snow
3338291921_fe7ae0c8f8.jpg,Aqjun azeggaɣ deg wedfel yesɛa kra n tzeqqa n tzeqqa deg yimi-s.,boxer
3341489212_a879e1544a.jpg,Taqcict tettwaṭṭef aman seg ucebbub-is mi tella deg tiddist.,girl playing in a pool
3342271377_446ffc34c0.jpg,Aṭas n medden i d-yekksen s tmeslayin i d-yeffɣen d tiɣriwin.,Mardi Gras
3342272425_804316cb3d.jpg,Sin n medden s tmeslayin n lxiṛ i d-iḥeddren deg ubrid.,Two women in costume
3347500603_13670ee6bf.jpg,Sin n yergazen n Asya yettɛeddun deg ubrid s tbeṭṭun tiɣafin tiɣellalin.,men carrying shopping bags
3347798761_5c5260b000.jpg,Yiwen n win i d-yeddun deg yiwet n tkerrart n tkerrart yettḍeggen deg lehwa ɣer tama.,Dirt bike
3353962769_ba48691bc6.jpg,Yiwen n wergaz deg tmacint yettwaḥesben s tkerrart deg wakal.,Wheelie
3354414391_a3908bd4ff.jpg,Sin iqjan n tlata yiɣillen yetturaren deg tẓani.,Dogs playing
3356748019_2251399314.jpg,Tlata n imeḍrisen yesɛan tmeskiḍin taberkantin d azeggaɣ n BMX-nsen.,Bicycle motocross
3359089834_263e529c71.jpg,Sin iqjun d sin iqjun d irden yetturaren deg wedfel.,Dogs playing in the snow
3359563671_35b67898e7.jpg,Yiwen n win yettḍebber ɣef usneɣ.,Snowboarder
3368819708_0bfa0808f8.jpg,Ameskar n usneɣ yettḍummi.,Snowboarder
3373870185_f79163fa51.jpg,Yella yiwen n uḍuf d aberkan yettferrgen ɣef aman.,Black-crowned night heron
3375920709_ef7370fa09.jpg,Aqjun yettɛeddi deg wedfel.,Collie
3385593926_d3e9c21170.jpg,Sin iqjun yetturaren deg wedfel.,Doberman
3388836914_c267cf3a59.jpg,yiwet n taɣart n tennis tettwaṭṭef ad t-tessukkes s tferka-s.,Tennis player
3391924827_53b31542ce.jpg,Yiwen n win yettwaṭṭfen ɣef uḍar.,Bicycle rider doing a flip
3392019836_c7aeebca1c.jpg,Sin n medden qqimen zdat n tneqqimt deg yiwen n tmeslayt.,Wheel of fortune
3398788809_25c71ba018.jpg,Aṭas n medden i yetturaren iẓuran deg teẓgi.,A group of people playing music in a forest
3399944164_ec24123945.jpg,"Tameṭṭut tettḍerri s tkamera, argaz yettak-itt ɣef tmucuha-s.",couple
340425915_490293058f.jpg,Aqjun d aberkan d azegzaw yesεan aqerru n uẓar yettwaṭṭef deg wedfel.,Dog in snow
3405759441_fb31c80240.jpg,Amsennay deg tmeskiḍt yettɛedday ɣef yiwen n weɣyul.,Rodeo
341430859_4519802e8f.jpg,Aqjun deg wedfel.,Snow
3415178926_909db9400b.jpg,Yiwen wergaz yeṭṭef i usemmiḍ iceṭṭiḍen yetturar s uḍar akked uqjun-is d azeggaɣ d azeggaɣ.,Dog training
3419634480_c390f62a6e.jpg,Aqjun aberkan yettɛedday deg uẓekka.,Dog
3425127583_611200619a.jpg,Amur n tennis yettɛeddi ɣer tbabla.,tennis player
3425846980_912943b4f9.jpg,"Amur n tennis yettḍebber adbal s uḍar-is, ma d wiyaḍ ttmuqulen adbal-nni.",tennis player
3427852996_d383abd819.jpg,Argaz ɣef tkecṭit n tkecṭit yettxeddem yiwen n uḥric ɣef lḥiḍ yeččuren d afraḥ.,Bicycle
3429465163_fb8ac7ce7f.jpg,Aqcic-nni amecṭuḥ s tqeccet tazeggazt yettwaferru d tazegga.,shadow
3430782104_34da558eba.jpg,Aqerruy n umellal yettnadi ad yeṭṭef yiwen n weɣyul akken yella ɣef uɛewdiw,Rodeo
3432495898_a5859f06b6.jpg,Aqjun azeggaɣ yettwaṭṭef ɣef uḍar-is.,Dog
3437273677_47d4462974.jpg,Tamart tettɣimi ɣer tama n wergaz yettett usefru n tfaska.,Eating
3440724965_03d6ca5399.jpg,Yiwen wergaz yettɛerḍeb aqerruy-is deg temlilit mi d-yettmeslay yiwen.,The logo of the summit is seen in the background.
3440952969_608eb5e42b.jpg,Yiwen n win i d-yettɣimi s skateboard yettḍumm ɣef yixef n tneẓru.,Skateboarder doing a 50-50 on a rail
3447007090_08d997833a.jpg,Aṭas n imecṭuḥen i yettrajun ad ɛeddun abrid.,Water fight
3450776690_38605c667d.jpg,Taqcict-nni tamecṭuḥt tesseḥel taqcict tamecṭuḥt deg uḍar.,Two little girls playing
3455920874_6fbec43194.jpg,Aqjun-nni yeṭṭef-d yiwen n uḥeṭṭil.,Dog agility
3465396606_5ba1574128.jpg,Argaz yettḥewwiṣ aqjun azeggaɣ ma d tmeṭṭut tettḥewwiṣen taḥerrit.,A couple with a baby and a dog
3467073304_aefe553c4d.jpg,Tamart tetturar taḍabt n volley.,Beach volleyball player
3469711377_bc29d48737.jpg,Aqcic deg tkuzint yesɛan iferkan.,Kitchen
3470303255_fbb41b8dd0.jpg,taqcict-nni tamecṭuḥt i d-yettḥemmim afellaḥ,girl smelling flowers
347186933_880caaf53b.jpg,"Tamart tettwaṭṭef ɣef yiwen n ttejṛa, taggaṭ-is teččur d lbaṭel.",Tree climbing
3472364264_dbde5a8d0a.jpg,Aqjun yettɛeddi deg teftist.,Dog running on the beach
3474985008_0a827cd340.jpg,Yiwen wergaz yesɛan asekkil azegzaw d akerḍan d azeggaɣ d azeggaɣ yettwaḥewwiḍ s taḍelt deg te,Mountain biker
3474985382_26e1560338.jpg,Argaz-nni yesɛan asekkil deg tkeṛya deg usikel deg usebter n wedrar.,Mountain biker
3475552729_a3abd81ee6.jpg,Aqcic amecṭuḥ yettarra-d taḍbut n ddabex n ddabex n ddabex.,Soccer
3479050296_65bcea69a0.jpg,"Tlata n warrac i yeddren akken ilaq qqimen ɣef tkerḍist, ttḍessimen.",three children
3482314155_bd1e668b4e.jpg,Argaz yettɣimi seg yiwen n uɛebbuḍ yettɣimi.,Bullfighting
3484820303_7be0e914b4.jpg,"Aqcic yella deg uḍar, d taqcict deg uḍar-is s tceṭṭa.",Bicycle
3486538055_bcf4d3dfda.jpg,Aḍan amellal d aqjun aberkan yettnaɣen deg yiwen n lḥiḍ yeṭṭfen taḥezzart.,Dogs playing
3487015378_2e90a79f4b.jpg,Tamart i d-yebɣan d azegzaw tettḍelliḍ deg yiwet n tmeɣra.,Roller skating
3491013009_572cf2c18a.jpg,Taqcict-nni yesɛan taqcict tamellalt yesɛa tiɣriwin i d-yeḍran ddaw wallen-is mi ara d-teqqim taq,Girl with face painted
3497502407_ec566442c9.jpg,Amdan yeṣfan ɣef yiwet n tmeslayt yettwaṭṭef ɣef yiwen n ttejra.,Treetop challenge
3498417123_3eae6bbde6.jpg,Aṭas n yergazen i yetturaren rugby.,Rugby
3500136982_bf7a85531e.jpg,Aṭas n imeḥḍaren n tferrunt i d-yettwaṭṭfen deg ubrid.,Inline skating
3500505549_d848209837.jpg,Yiwen n medden yettɛedday ɣef tferka n tferka s medden.,Street art
3501936223_6122a13d27.jpg,Ameskar n uski yettḍeggeḍ deg udrar ameqqran,Skiing
3512033659_7e8a0c2ffa.jpg,Aṭas n medden i d-yeffɣen s lsas.,Crowd of people waiting in line
3517466790_17c7753a1a.jpg,"Aṭas n imeẓyanen i d-yeṭṭfen llebsa n lḥal i d-yezziɣen, ttmuqulent.",Prom
3518118675_5053b3f738.jpg,Yiwen wergaz yettwaḥewwiṣen s yiwen n uḥric deg yiwet n tneṭṭa n yisweṭṭan.,Man sitting on steps
3518675890_2f65e23ff9.jpg,Aqjun d azegzaw yeffɣen deg tẓani d ameqqran.,Dog
3519942322_b37d088aae.jpg,Aqjun yettɛeddi aqjun n lurar deg uẓekka.,Dog
3521374954_37371b49a4.jpg,Sin warrac meẓẓiyen yetturarent s uḍar.,girl
3523471597_87e0bf3b21.jpg,Sin n medden ɣran yiwen n usekkil zdat n umezgun.,The Domain
3527682660_c5e9fa644a.jpg,Ɛerḍan medden i d-yekcem γer ṭṭabla,Business meeting
3527715826_ea5b4e8de4.jpg,Taqcict yesɛan taqemcelt taberkant d tfaska d azegzaw yetturar tensi deg tmes.,Tennis
3528105511_12ff45dc9c.jpg,Yiwen n win i d-yeddun deg tkerrart n tkerrart deg lehwa.,motocross
3532412342_e0a004b404.jpg,Aqcic amecṭuḥ yella deg yiwen n tferka,Tire
3544673666_ffc7483c96.jpg,Aqjun-nni azeggaɣ yettḍebber ad d-yettwaṭṭef tabutt.,Dog
3546027589_253553252a.jpg,Aḍar n warrac yetturaren aqerru n ddabex d imeslayen zdat n yiwen n usensu.,Street football
354642192_3b7666a2dd.jpg,Yiwen n wemdan yettḥumm deg waman s waman n waman.,Swimming in the pool
3558796959_fc4450be56.jpg,Amur n tennis yettɛeddi ɣer tbabla.,Tennis player
3559993787_c49644dcc5.jpg,yiwen n wergaz ɣef tkeṛya yettḍumm seg yiwen uẓru ameqqran ɣer wayeḍ,Mountain biker doing a jump
3560125106_691c292893.jpg,Aqjun yettḍebber deg yiwen n uḥric n tmes.,Dog jumping through fire
3562050678_4196a7fff3.jpg,Aṭas n medden deg yiwen n ubrid.,The summit of Mount Fuji
3562302012_0cbcd01ff9.jpg,Aqcic yesɛan taqemcelt taberkant d amecṭuḥ yettekker deg uḍar n usekker n tmeskinit.,boy climbing on a truck
3568605391_54ec367d88.jpg,"Sin n imeḥbasen i d-iḥeddren, yiwen n imeḥbas i yeqqim ɣef tmacint-is.",Police officers
3571147934_d1c8af1d6e.jpg,Ilemẓiyen ttemlilin zdat n yiwen n weɣmis,People
3571675421_7e07ac07c5.jpg,Aqjun azeggaɣ yettɛeddi deg waman deg teftist.,Dog
3576840040_9356b5b10a.jpg,Win yesɛan taẓayt tazeggaɣt yessexdem-d taḍalt deg ubrid s tmacint.,Freestyle motocross
3581538034_783b7d0d09.jpg,Ameskar n waman yettwaḥewweṣ deg umeslay.,Kitesurfing
3582465732_78f77f34ae.jpg,Tamart i d-teqqim ɣef yiwen n trampolin amecṭuḥ yettḍegger taflukt n waman deg lehwa.,girl with a water bottle
3582914739_bef2828a06.jpg,Tamart yesɛan asekkil tetteddu deg tmeɣra n usekker n tferrunt.,Roller derby
3586239953_da4fb3f775.jpg,sin n medden yettḍeggan deg yiwen n udrar yeččuṛen d lxiṛ,two kids playing
358875403_f357f03713.jpg,Tameɣra tettwaṭṭef tiferra-s ɣer waman.,Canada goose
3590593467_be497a6139.jpg,Yella yiwen deg yiwet n tmacint n tferraḥt d yiwen deg lqaεa.,Motorcycle racer
359173181_a75c950aeb.jpg,"Aqjun yettɛeddi deg wakal yeččuren d afellaq, ger yiwen n ttejra.",Dog running in the snow
3592992234_6d3fe58a70.jpg,Argaz yesɛan taqecct taḍellat yettɛedday deg tzeẓẓit d ameqqran yesɛan aqerru.,Golf
3596428453_8cfdec4869.jpg,Argaz ur nesɛi akerru d aqerruy n wergaz yettɛeddi deg tkeṛṛust.,Running
3600403707_527aa0596e.jpg,Yiwen wergaz yettwaḥeǧǧu ɣer tkamra seg daxel n tneqma n tneqma n tneqma n uguren.,A woman and a man selling plants at a farmers market
3601803640_5f3cb05acf.jpg,Argaz d tmeṭṭut ttcebbilen zdat n medden.,Kissing
3606084228_6286a52875.jpg,Yiwen n wergaz yettxeddem yiwet n tmeslayt deg lgaz deg yiwet n tkerrust n tkerrust mi ara ttwalin medden deg umkan-nni,Mountain bike
360723732_23199af4bf.jpg,Aqjun s unnar d azeggaɣ deg yimi-s.,Dog with a toy
3612485097_b706d950ed.jpg,Argaz deg ubrid n lfuṛḥ s uḍar-is yettmedday d win n wayeḍ yeqqem,Two men lifting each other
3613800013_5a54968ab0.jpg,Aqjun azeggaɣ d azeggaɣ yettɛedday deg yiwen n uḥeṛṛu yeččuren d tiɣlin tizzart.,Dog running in a field
3629492654_619d7b67ee.jpg,Ameskar n skateboard s tmeslayt yettḍebber ɣef unẓul n ubrid n tferka n uṛuzan.,Skateboarder doing a trick
3632572264_577703b384.jpg,Sin timedyazen tṣebḥen deg yiwet n tferka deg yiwen n uḍar.,Soccer
3636126441_5617c89aaa.jpg,Ameskar n skateboard yettḍumm s yizdiwen.,Street workout
3636247381_65ccf8f106.jpg,Aqcic yettḍeggeṛ taḍar n baseball ɣer tferka.,Baseball
3640407952_bb38fb9d55.jpg,Argaz yettxeddem amsadar n skateboard deg yiwet n tmeska n skateboard,Skateboarder
3642220260_3aa8a52670.jpg,Aqjun aberkan yettɛedday ɣef teftist ger idurar.,Dog on the beach
3654869593_c8599a8e20.jpg,tlata warrac tturarent s uḍar n ddabex n uḍar ger uḍar n tferraḥt deg teftist.,Beach volleyball
3665549027_d7fb05d157.jpg,"Sin iqjun n uḍar yetturar gar-asen deg tẓani, yiwen n uqjun yeṭṭef ɣef yidis-is.",Two dogs playing
3668984985_b60ceb2ae9.jpg,Imdanen qqimen ɣef tkerḍit ɣer teḥna.,Family
3669069522_555c97fbfb.jpg,Sin yergazen d yiwet n tmeṭṭut i yeqqimen ɣef tkerḍawt.,Family
3677964239_6406ed096f.jpg,Tameṭṭut tameẓyant tesεa ice cream akked snat n tmeṭṭut meqqren deg yiwen n wemkan am tmes.,three women and a child on a boardwalk
3681414069_71ba164f71.jpg,"Yiwen n weqjun d aberkan yettru, ma d sin-nniḍen n weqjun d aberkan yetturar s tkarit n lbaṭel.",puppies
3684562647_28dc325522.jpg,Aṭas n medden deg tkeṛṛust s yifellawen yeǧǧan taḍna i wid yellan ddaw-a.,People waving flags and cheering on a parade float
3687995245_624b54090d.jpg,Tamart s tqecṭit azegzaw d tmeslayin n yiṭij.,Girl in sunglasses and a tank top
368954110_821ccf005c.jpg,Tlata n teqcicin i gganen ɣef tẓegwa.,three girls playing on the grass
3691592651_6e4e7f1da9.jpg,Sin teqcicin ttmelkiyen ɣef yiwet n lḥiḍ n tmelkiḍ i d-yettɣemmimen deg unẓul.,Girl climbing the iceberg
369244499_752f0c1018.jpg,Argaz yetturar piano,Street artist
3694064560_467683205b.jpg,Yiwen n wergaz ameqqran yettmeslay d yiwen n umecṭuḥ mi qqimen akk.,The Tempest
3697153626_90fb177731.jpg,Aqcic yettṭṭef aḥric.,boy with a rope
3703413486_3c682732a0.jpg,Sin n warrac i d-yettwakksen s ṭṭaq n yiwen n tmeskaḍt taḍellalt s uceṭṭi-nsen n tceṭṭi,Freelander
3704431444_f337ec2b90.jpg,Aqjun-nni yettɛeddi ɣer yiri n lqaεa.,Dog
3706356018_28f62290e8.jpg,"D xemsa n warrac i d-yettεeddin deg yiwet n tmeslayt i yettusemman "" Tameqqart n Tẓaṭit "".",Frog Hopper
3708172446_4034ddc5f6.jpg,"Sin yergazen qqimen ɣef tkerḍawt, ttmuqulen ɣer yiwen n usemmiḍ n waman",Fountain
374103842_17873ce505.jpg,Argaz yeṭṭef azegzaw yettkeyyif taṭuba.,Smoking
3757598567_739b7da835.jpg,Aqcic-nni amecṭuḥ yettṭṭef yiwet n tfesni deg ufus-is mi d-yessusem yiwen n wallen-is.,boy
3758787457_1a903ee1e9.jpg,"Tamart s tmeɣra n tmeɣra d tamezwarut, tettḍebber ɣer waman yeččuren.",Girl jumping into the water
380034515_4fbdfa6b26.jpg,Aqjun yesɛan taɛrabt yettɛeddi deg tewwurt i d-yewwin ɣer tɣiwant.,Dog
382701159_f98c1988cd.jpg,Argaz yettferrḥ deg ugaraw.,Surf fishing
387974450_bcd205daac.jpg,Aqjun yezzur ɣer yiɣerfan i d-yettɣimien,Dog chasing birds
390992102_67fa31b22f.jpg,Amdan yettɛedday deg udrar yeččuren d afellaḥ.,Snow
391106734_d374bc3080.jpg,Aqjun d aberkan yettḍebber ɣef tballa.,Dog playing with a ball
399679638_d3036da331.jpg,Sin iqjun yetturaren deg wedfel.,Dogs playing in the snow
400851260_5911898657.jpg,Yiwen wergaz yeqqim deg wedfel mi ara yeɣli yiṭij.,Sunrise
405534893_2d0f3b0147.jpg,argaz yettmel adrar.,Climbing
410422753_de506155fa.jpg,Aqjun yettɛeddi deg wedfel.,Dog
416650559_cd08d3cd96.jpg,argaz yesbeddayen amzun d Batman.,Batman
416788726_5b4eb1466e.jpg,Aṭas n medden i d-yettwalien yiwen n wergaz yeṣfan ɣef tmeslayt yesbeddlen taḥezzart.,A man in a costume standing on a chair in the street
424506167_01f365726b.jpg,"Aqjun amecṭuḥ yeqqim ger aqjun ameqqran, deg lexla.",Two dogs
44129946_9eeb385d77.jpg,"Argaz d tmeṭṭut qqimen ɣef tkerḍa, ttmuqulen adlis yettɛeddi.",Sunset over Lake Washington
467960888_6943257534.jpg,Aqjun aberkan yettɛeddi deg usefru deg teftist n uẓekka.,Dog on the beach
478750151_e0adb5030a.jpg,Yiwen n uqjun azeggaɣ d yiwen n uqjun azeggaɣ yettɛeddun deg yiwen n uḥric.,Two dogs playing
486720042_b785e7f88c.jpg,Aqjun yettɣelliben deg uḍar n baseball d aqjun nniḍen.,Two dogs playing
491564019_1ca68d16c1.jpg,Taqcict meẓẓiyit s tqeccet tazegzawt tettḍellib ɣer uselway tazegzawt,Playground
497579819_f91b26f7d3.jpg,Aqjun yettḥulfu ɣef uẓekka d tiɣilt izegzazen.,Dog
500308355_f0c19067c0.jpg,"Tamart deg tzeqqa tesɛa aqjun, ma d aqjun nniḍen yettḍebber",Dog
506738508_327efdf9c3.jpg,Sin yergazen s isura d tceṭṭiwin d usekṛu.,two men in white suits
508261758_78fb8ae067.jpg,"Tlata n teqcicin n tmeẓyanin ttḍelsan ɣef lqaɛa, ttḍessant",Girls playing
512306469_1392697d32.jpg,Aqcic s usemmiḍ d azegzaw yettḥessay uḍar-is.,Toddler with face paint
514431934_9cf78f05a9.jpg,Taṭabant tazegzaɣt tetteddu deg ubrid akken ttmuqulen snat n medden.,Ambulance
515755283_8f890b3207.jpg,Tlata n imḍebbren n temsulta ttwaṭṭfen s tmacint.,Police officers on a motorcycle
518789868_8895ef8792.jpg,Aqcic s tqecṭit tamellalt yeqqim deg yiwet n tkebbanit s tmes n usefru n useklu.,The man is walking in the pavilion.
522063319_33827f1627.jpg,Sin igerdan i d-yebdan d imarran.,two boys dressed as pirates
523327429_af093fc7cf.jpg,Yiwen wergaz yesɛa yiwen n usekkil i d-yettunefk ad yerr asefru ɣef tikti n Yiɣillan.,man holding a sign
524105255_b346f288be.jpg,Tamɣart tazeggazt tettwala ɣef tmeslayt n Seattle Space Needle.,Seattle
524282699_71e678a6bd.jpg,Aqjun aberkan d aqjun azeggaɣ i d-yetteddu gar-asen deg teftist.,Dogs playing in the water
525863257_053333e612.jpg,Argaz-nni yettnadi deg teflukt n waman.,Fly fishing
525887861_4cc7a1beca.jpg,Taqcict tazeggazt tettwaḥdem ɣef tneqquṭt n tneqquṭt.,Girl on a skateboard
526661994_21838fc72c.jpg,Aqjun yettɛeddi deg uẓekka.,Dog
533602654_9edc74385d.jpg,Sin igerdan i gganen ddaw n uḥeṭṭa n uɛezzeb n uɛewweṛ n temẓi.,fun
535309053_ec737abde8.jpg,Aṭas n medden i d-yettwakalen deg tdaxxamen ger yiẓeẓlan.,Camping
537230454_1f09199476.jpg,"Aqcic yettbedd ɣef wakal yeččuṛen d lɣerba, yesɛan ifassen-is d ijennaḍen yettbeddalen deffir-s.",Boy with arms raised in excitement
537758332_8beb9cf522.jpg,Sin n warrac ttḥewwin ɣer yiwet n tmeslayt tamɣart.,Inflatable slide
539751252_2bd88c456b.jpg,Aqcic s tmes d azegzaw yettwaḥesben deg tmes n warrac azegzaw,Toddler playing in a kiddie pool
541046380_513e295384.jpg,Sin teqcicin meẓẓiyit zdat n tmeslayt n Build a Bear.,two girls playing
549520317_af3d5c32eb.jpg,Aqcic meẓẓiyit yesεan tacekkaḍt tazeggazt d tfaskaḍt n khaki deg uḍar n uselkim s uḥ,Toddler on a slide
576920249_df1bdc2068.jpg,Aqcic s tqeccet taḍellalt yettxemmim ifassen-is.,Girl in white t-shirt and grey pants
599366440_a238e805cf.jpg,Aqjun yeṭṭfen tiɣriwin d taḍarant yetturar d aqjun azeggaɣ ɣef tzeqqa tazeggazt.,Dog
619169586_0a13ee7c21.jpg,Tamart tettwaṭṭef di tama n yiwen n usemmiḍ,me on top of a mountain
636503038_17ca82b50f.jpg,Tlata n medden ttuɣaent ɣef yidurar ɣer unẓul.,Fishing
661755629_602ea4cf09.jpg,Aqjun amecṭuḥ yettnadi ad d-yettwakkes tabutt tazeggazt.,Dog playing with a ball
661757041_61e131e913.jpg,Aqjun amecṭuḥ yettnadi ad d-yettwakkes tabutt tazeggazt.,Dog playing with a ball
664341930_bd5c8b60ea.jpg,"Aqcic yettɣelliṣen s karaté, yeffud seg ssana tazeggazt.",jumping on the couch
697778778_b52090709d.jpg,Tlata n medden tt-id-yettmenniben ɣef yidurar n waman i d-yeffɣen ɣer yiwet n tewwurt n waman.,Two men climbing a waterfall
707941195_4386109029.jpg,Aqjun aberkan s yiɣallen tiberranin yeṣṣfa ɣef yiwen n wedrar ameqqran deg lexla.,Dog
724702877_f2a938766b.jpg,Aqjun amellal amellal yettḍebber ad d-yettwaṭṭef tabutt n tennis.,Dog playing with a ball
753285176_f21a2b984d.jpg,Amɣar d agrud ttwaṭṭfen afus-nsen mi d-teddun deg yiwen n udrar yeččuṛen d lxiṛ.,children
765298136_7805fbb079.jpg,Yiwen n wergaz yesɛan azeggaɣ yettmerri deg yiwen n usemmiḍ s uḥric azeggaɣ.,Canyoning
783353797_fdf91bdf4c.jpg,"Tamart i d-yeqqimen zdat n wawalen "" Muqel s lḥeqq "" yettwarran deg yiwen n ubrid.",Look right
798343627_7492fe0c12.jpg,Tella yiwet n teqcict i d-tessuffuɣen tazewwaṭ meqqren.,Bubble blowing
818340833_7b963c0ee3.jpg,Aqjun-nni yettɛeddi deg uẓekka s uṭuḍ deg yimi-s.,Dog
824782868_a8f532f3a6.jpg,taqcict tameẓẓiyit tettmesmiḥ s uḍebsi yettwaḥesben deg lexla,girl
836768303_d748df5546.jpg,Sin igerdan deg yiwen n uḍar n wuccen i d-yettwaṭṭfen d uqjun-nni.,Dog and two boys
929679367_ff8c7df2ee.jpg,Aqjun yetturar s uḍar n tennis deg ubrid n wemẓi.,Beagle
940973925_a2e6d7951c.jpg,Tlata n warrac tturarent ɣef lḥiḍ s uḍar d azegzaw.,Children playing with a ball
96973080_783e375945.jpg,Aqjun yettɛeddi deg wedfel.,Dog running in the snow
1015584366_dfcec3c85a.jpg,Ngũkũ nene ndune nĩyĩkitaa ĩvia yĩvalũkĩte.,Dog
1067675215_7336a694d6.jpg,Mũndũũme ũmwe wĩ na ngũa nini sya kũkũna ngũa ekalĩte lelũnĩ.,man sleeping in parking lot
109202756_b97fcdc62c.jpg,Mũndũ mũka ũmwe wĩ na ngũa sya langi wa bulu na sya langi wa langi wa langi wa langi wa langi wa langi wa langi wa langi wa langi wa kalulu ekalĩte na mbalasi,Horse and rider on a frozen lake
1105959054_9c3a738096.jpg,Mwanae wa mũika ailyĩ ta mũndũ ũkũsola visa.,Girl painting
111537222_07e56d5a30.jpg,Mũndũ wĩ na kĩkũtha kya langi wa langi wa langi wa langi wa langi wa langi wa langi wa langi wa langi wa langi wa langi wa langi wa langi wa langi wa langi wa langi,Climbing
1160441615_fe6b3c5277.jpg,Eĩtu atatũ maendaa vandũ ve mũũnda wĩ na mĩsingi.,The entrance to the garden
1164131282_b30926f332.jpg,Ngui ilĩ syĩkalaa ĩĩng'ang'ana kĩwanzanĩ kya nyeki.,Dogs playing
1215334959_b1970965f7.jpg,Andũ ma mũsyĩ ũsu maĩ vakuvĩ na ũtee wa ũkanga.,A family of four sitting on a wall with a beach in the background.
121971540_0a986ee176.jpg,Andũ elĩ maũngamĩte nza wa ndĩlĩsyanĩ sya ĩsiwa maimũthesya.,Ship
1248940539_46d33ed487.jpg,Syana itatũ syĩthaũka kĩthimanĩ,children playing on the beach
1271960365_e54033f883.jpg,Mbũi ilĩ ndune syathingitha,Two dogs running
1308472581_9961782889.jpg,Mũndũ mũka ũsu wĩ na kĩkavũ kya langi mweũ nũkwataa kĩw'ũ kya kĩw'ũ kya kĩw'ũ kya ũkanga.,Girl running through the water
1308617539_54e1a3dfbe.jpg,Kamwana kau nĩkookĩte ũkanganĩ.,Surfer
1317292658_ba29330a0b.jpg,Kamwana kaĩ na ngũa sya kũthambĩa na katiele kĩw'ũnĩ.,Boy in a water fountain
1347519824_e402241e4f.jpg,Andũ elĩ ma mũika mekĩĩte iatũ sya Liberty Statue nĩmavũny'e visa masyaĩĩsye ngalĩnĩ ya mwaki.,Statue of Liberty
1357724865_4faf4e1418.jpg,Mũndũũme ũmwe aũngye kĩw'ũnĩ vakuvĩ na mũtavo.,Swimming in the waterfall
136644885_f7d2bbf546.jpg,Mũndũ mũka ũmwe nũvĩta ũsĩnĩ wa mĩtĩ na andũ angĩ meteele ngalĩ ĩmwe.,Rope bridge
1378557186_4bd1da6834.jpg,Mũndũũme oaa mũio wa kaũ e na mbwaũ.,Man and dog at a training session
1402640441_81978e32a9.jpg,Kamwana kavikĩtye ngũa ndune na ndune nĩkatataa kũkwatya mũvĩla wa mũvĩla wa mũvĩla ĩla katembete mũthanganĩ.,Soccer
1410193619_13fff6c875.jpg,"Syana syĩkalaa nza, syĩkalaa kĩvĩlanĩ kya kĩtanda kĩthithu, na syĩkalaa syendete syoni.",Toddler reaching for a mirror
1429546659_44cb09cbe2.jpg,"Asu nĩ asu elĩ maũngeme ĩmwe, na ũla ũsũanĩĩte nĩ ũla ũũngamĩte mũvakanĩ.",Two dogs playing
1430154945_71bbaa094a.jpg,Inyia nũtetheeasya kamwana kake kakĩe lĩu kwa kũkamũnenga kwa kw'oko.,Mother and son eating
1433142189_cda8652603.jpg,Mũndũ aendete kũasa na kĩĩma kĩnene.,Hill
1433577867_39a1510c43.jpg,Katĩ kau nĩ kala katatũ kaĩ na ũvyũvu na katatũ.,Dog
1470132731_fa416b7504.jpg,Katĩ ũsu nĩ katĩ ka langi wĩ mũvyũ katembũaa kĩw'ũnĩ.,Dog
1472249944_d887c3aeda.jpg,Mũndũ mũka wĩ na kĩkavũ kĩthithu aũngye ĩvianĩ.,People in a park
1476241331_2f43b67aed.jpg,Syana ilĩ syathyũmũĩte kĩthimanĩ kya kĩw'ũ.,two boys at a water fountain
1479857177_9d4a6f38fd.jpg,Mũndũ ũsu wĩsĩ kũlika kĩw'ũnĩ e ungu wa kĩw'ũ.,Scuba diver with a case of fish
1523800748_a59e980eee.jpg,Syana ilĩ nini syathamaa ũtee wa ũsĩ.,children running on the beach
1526181215_c1a94325ae.jpg,Katĩ kanini kathyũũkaa kĩw'ũnĩ.,Dog jumping into water
1550772959_9ca9fa625f.jpg,Mũndũ mũka ũmwe e na syĩndũ sya kũthesya nthĩ na e na kamwana kake nĩ kana asisye ĩvia.,Girl digging for fossils
1564614124_0ee6799935.jpg,Mũndũ mũka wĩ na syũa e na syĩndũ sya kwĩyanakavya.,girl
1600208439_e94527b80f.jpg,Katĩ kathũkũmaa kĩw'ũnĩ.,Dog
166654939_80ea4ddbcc.jpg,Makalĩ masembete kĩsesenĩ kya kĩsesenĩ kya kĩsese kya nthĩ,Dirt track racing
1801663973_5ad393caeb.jpg,Mũndũ mũka ũmwe mũasa na wĩ na nzw'ĩĩ ndune na wĩ na ngũa ndune ekalĩte kĩthimanĩ kya mũtĩ aineena na mũndũ ũmwe ũkwĩvw'ĩka,A couple of young people in a park
1865794069_6e3a1e57bb.jpg,Kamwana kavikĩtye ngũa sya langi mweũ nĩkatatie kũkũna mũvĩla wa mũvĩla wa mũvĩla wa nduuthĩ vandũ ve nyeki.,Soccer
190638179_be9da86589.jpg,Mũndũũme ũmwe wĩ na ĩkoani e vakuvĩ na ngalĩ yake ya Jeep.,Jeep
1918573100_d31cbb6b77.jpg,Ngũkũ yĩendaa kĩthekanĩ kĩthithu yĩilyĩ ta ĩvia yĩ na langi wa langi wa bulu.,Dog
1965278563_8279e408de.jpg,Katĩ ka ĩlondu yĩ na w'ia wa thaavu kakomaa ĩsiwanĩ yĩendete ũkanganĩ.,Dog in a canoe
2040941056_7f5fd50794.jpg,Mbũi ilĩ mbuluu syĩkalaa ĩmwe vakuvĩ na mũtĩ.,Golden retriever
2057305043_952b8dc82c.jpg,Kaũ ũmwe wa langi wa langi wa langi wa mũkũyũ wĩ ĩũlũ wa ũkanga.,Paragliding
2064417101_3b9d817f4a.jpg,Mbũi itatũ sya mbwa sya ngundi syendaa kũsemba vandũ ve kĩvindu.,Greyhound racing
207930963_af3a2f1784.jpg,Mũndũ wĩ na kĩsululu na nguthu ya kĩsululu aũngye na iĩma ĩtina.,Mountain
2081679622_6f1442367d.jpg,Kamwana kaĩ na ngũa sya kwĩnũka na katoloka kĩvĩlanĩ kĩthithu.,jumping on the couch
2094323311_27d58b1513.jpg,Ngũkũ yĩ na kĩng'ee kya langi mweũ yĩsembete mũndũ wĩ na inanda nene sya syũa.,Dog licking a man's face
2097489021_ca1b9f5c3b.jpg,"Kavĩsĩ kau kaĩ na ngũa sya kũsũnga sya mbathi sya ndata, na kaĩ na kĩti kya kũkũna vakuvĩ na mũvw'ano wa mũsumaa",little girl in fairy costume
2158247955_484f0a1f11.jpg,Asu ma mbwa atatũ masembete na maendete na maendete na maendete na maendete na maendete na maendete na maendete na maendete na maendete na maendete na,dogs
215876547_fa584c5ec3.jpg,Mũndũũme ũmwe e ũkanganĩ e na ĩsiwa yĩ na ĩsiwa yĩ mũongo.,Canoe on a lake
2161799386_27aa938421.jpg,Kamwana kamwe kaĩ kasyaĩĩsye kasyaĩĩsye kasyaĩĩsye kasyaĩĩsye kasyaĩĩsye kasyaĩĩsye kasyaĩĩsye kasyaĩĩsye kasyaĩĩsye kasyaĩĩsye kasyaĩĩsye,boy on toilet
2165677531_e1d5e086f7.jpg,Masinĩ ya ũsindi yĩ na andũ aingĩ.,Rally
2169067981_cc19268f23.jpg,"Syana ilĩ iendeee kũkita, na ũmwe aimũkũlya aũngamĩe ngalĩ ya kw'oko kwa aka",Dance
2172493537_128bc8b187.jpg,Syana itatũ nĩsyũthaũaa vandũ vetawa water park.,Children playing in a water fountain
2180886307_5156460b2c.jpg,Katĩ ũsu nĩ mbwa yĩ na langi mũkwatu yĩithaũka kĩw'ũnĩ.,Dog swimming
2187222896_c206d63396.jpg,Kamwana kala kaĩ na ngũa ndune kakwete ũkũta wa langi wa bulu.,Boy in red shirt
219301555_17883a51bd.jpg,Mũndũ mũka ũmwe waĩ mũnyuve aendete kĩw'ũnĩ vakuvĩ na mũtavo mũnene.,Waterfall
2194494220_bb2178832c.jpg,Mũndũ mũka ũmwe e na mbwaũ yĩ na langi mũkwatu.,Skiing with a dog
219730733_6a55382dd2.jpg,Mũndũũme ũmwe akũlasya mwana wake kyalo aendete kũthyũlũlũka ĩvenanĩ.,Fair
2206403470_8c25aa3cf8.jpg,Kamwana kanini nĩkoonaa mũtumĩa ayũkita kĩnanda nthĩnĩ wa mũũnda.,Street musician
2208067635_39a03834ca.jpg,Kamwĩlĩtu kanini keĩsĩle ĩvianĩ o na kau kalũa kau nĩkoonekie nĩ kyuu kya inyia wako.,Girl climbing a rock wall
2211593099_4a4f1c85d2.jpg,Andũ amwe masyaanĩw'e nĩ ũndũ ũmwe.,Boys in a refugee camp in Afghanistan
2220612655_030413b787.jpg,Ngũkũ yĩ na langi mũkwatu na nzaũ yĩ mathaũkaa mũũndanĩ wa nyeki.,Dog
2226587791_66e29dd01d.jpg,Mwana e kĩw'ũnĩ akwete moko ma mũndũ mũima.,Baby swimming
2228022180_9597b2a458.jpg,Andũ amwe masyaĩtwe na ngũa sya langi mweũ mekalaa ĩũlũ wa ila iĩma.,Kindergarten children
2241768909_3d96d48417.jpg,Mũndũũme wĩ na ioo na mũndũ mũka wĩ na mũsumaa ũilyĩ ta mbwaĩ me nza ũtee wa kĩthimanĩ.,Two people walking in the snow
2243904502_2d265fed80.jpg,Ngũkũ yĩ na ĩng 'ei kanyw'anĩ.,Dog
2245618207_fa486ba2b7.jpg,"Mwana wĩ ngũa ndune nũvalũka ĩũlũ wa kĩndũ kĩ ndune, namo angĩ maseka.",Carnival
2255266906_8222af18b9.jpg,Nyũnyi ndune yĩilyĩ mũtĩ ũte na mathangũ.,Bird in a tree
2261962622_e9318a95eb.jpg,Mũndũ mũka ũmwe e kĩsesenĩ kya televiseni e na mũvĩla wa kũkita ndanzi.,Dance
2266142543_b2de18c081.jpg,Mũndũũme wĩ na iatũ sya metho sya langi mweũ aisyoka aisye kĩndũ kya kũnyw'a.,man in a hat and glasses
2272489996_95b0a62d15.jpg,Asue elĩ masembete vandũ ve mũnyũ.,Two dogs running
2273871383_1ddb3562ea.jpg,Mũndũũme mũkũũ aũngeme vakuvĩ na mũndũ wa mũika.,Caption:
2277081067_d2b4c98bce.jpg,Eĩtu elĩ maĩ ũtee wa ũkanga mayĩũkita ũkanganĩ.,children playing in the waves
2281006675_fde04e93dd.jpg,Katĩ kau nĩkakũendaa ũtee wa ũkanga syũa yathũa.,Dog on the beach at sunset
2295750198_6d152d7ceb.jpg,Mũndũ mũka wĩ ngũa nzeo nũkwataa ũtee wa nyũmba na aimũsukuma aũngye nza.,girl kicking a ball
2296166785_292a4e9f4c.jpg,Syana ilĩ syatelemete syasemba ĩĩnĩ nene ya mũthanga syatelemete nginya ũtee wa ũkanga.,Sandboarding
2297744130_f571f3a239.jpg,Mwana ũmwe wĩ na kĩkavũ kĩkũyũ ekĩte kũsemba kuma ĩvianĩ.,Boy in a yellow jacket
229862312_1a0ba19dab.jpg,Ngitĩ yĩkomete ĩĩsanĩ yĩ na ũnyungaa mũvyũ.,Dog
2300229745_af7a20c959.jpg,Katĩ wa asu nĩ katĩ kala kaĩ na langi mũkwatu na katũlĩku.,English Springer Spaniel
2313230479_13f87c6bf3.jpg,Katĩ wa mbwa isu nĩ mbulu na mbulu nene na mbulu nene.,Two dogs playing
2339106348_2df90aa6a9.jpg,Eĩtu elĩ ma mavũĩ mavũthĩĩisye andũ aingĩ.,Two young women in a crowd
2343525685_3eba3b6686.jpg,Mũndũũme ũmwe aendie kũĩva ũkũta wa mavia.,Climbing
2353088412_5e5804c6f5.jpg,Ngũkũ nziũ yĩ na nyũnyi yĩ na kĩtuu kanyw'anĩ na ĩyũkitĩa.,Dog retrieving a toy
2354456107_bf5c766a05.jpg,Mũndũũme ũmwe waĩ na mbesa na aũngye mbee wa ĩkomano ya andũ na nduka.,man in green jacket
2355880294_8f78a6fea6.jpg,Andũ elĩ maendie kũĩva kĩw'ũ na matũmĩĩte ũsea na maivw'ĩka ngũa nini na iivw'ĩte mũio mũmũ.,Canyoning
2367318629_b60cf4c4b3.jpg,Syana itano syĩ na ngũa sya langi mweũ na iivw'ĩte mũsumaa.,The traditional costume of the Basque people
2367816288_7c2d11d3c5.jpg,Kamwana kau nĩkatindĩaa kũkũna kĩwanza kya nyeki.,Flip
241345522_c3c266a02a.jpg,Mũndũ ũmwe wa University of Wyoming atũmĩaa mũvĩla ũsu kũsemba.,Football
241345770_9f8aa6723c.jpg,Mũndũũme wa kĩsio kya kelĩ wĩyũmbanĩtye kũvĩta mũvĩla katĩ wa ĩthaũ.,Football
2423292784_166ee54e0b.jpg,Kamwana kaĩ na kĩkonde kya kyũma mũtwe.,boy with a sieve on his head
2431120202_b24fe2333a.jpg,Mũndũ mũka ũmwe waĩ na ĩvu yĩ na mbua.,Skiing
2431470169_0eeba7d602.jpg,mũndũ ũte mũtwae ũilyĩ mesanĩ yĩ ngulungulu aisoma nza wa nduka,Man eating popcorn
2447972568_1e9b287691.jpg,Mũndũũme ũmwe aumya mwana na aimũkwĩa.,Father and son
2460159430_71ab1aacfa.jpg,ĩlondu yĩ na langi mũkwatu yĩithingũkanga ĩĩma.,Dog
2461631708_decc5b8c87.jpg,Syana syakwete koti sya mũuke mũaani syĩkalĩte kĩw'ũnĩ,Water
2464259416_238ef13a2e.jpg,Ve ngitĩ ilĩ syĩkalaa nthĩ.,two dogs playing
2471447879_6554cefb16.jpg,Mũndũ mũka ũmwe wa mũika nĩwaendie kũĩva ũkũta wa kũĩva.,Climbing
2471974379_a4a4d2b389.jpg,Andũ ala maendaa na isululu nĩmaendaa lelũnĩ me na kĩvendela kya Amelika.,bikers
2480820830_bdec1f5b76.jpg,Mbũi ilĩ sya langi mweũ syathaũkaa ũtee wa ũkanga.,Dogs playing in the surf
2482629385_f370b290d1.jpg,Ngũkũ yĩ na mũio wa langi wa bulu yĩlika kĩw'ũnĩ.,Dog
2483993772_f64e9e4724.jpg,Ngũkũ nziũ na mbuluu syendaa kũkita ĩthaũ ya langi wa langi wa langi wa langi wa langi wa langi wa langi wa langi wa langi wa langi wa langi wa,Dog playing with a ball
2486364531_b482d7f521.jpg,Kamwana kaĩ na koti mũtune kathaũka na kamwĩlĩtu ka kamwĩlĩtu ka kamwĩlĩtu ka kamwĩlĩtu kaĩ vandũ ve nyeki,boy playing with water gun
2488795251_c108c77b13.jpg,Na ĩndĩ eĩtu atatũ ma Africa na Amelika masyaĩĩsye makatheka.,Girls in the Medina
2495394666_2ef6c37519.jpg,Katĩ ũsu nĩ mbwa yĩ na langi mũkwatu yĩendeee kũasa na ũsĩ.,Dog in the water
2500567791_101d5ddee3.jpg,ng'ombe nziũ na ng'ombe mbuluu ikũlanĩlwa nĩ ngitĩ,Cattle dog chasing cows
2502007071_82a8c639cf.jpg,"Mũndũũme wĩ na mĩvaka, mũndũ mũka wĩ na inanda sya syũa, na mwana wĩ na ĩkoani ya langi wa bulu mbee wa nyũmba ya mavia.",Mullet
2502935765_a0ae1fa7be.jpg,Mwana-a-asa ũmwe e kĩwanzanĩ kya mathaũ e mũthanganĩ.,Playground
2506892928_7e79bec613.jpg,"Syana itatũ, ĩmwe yĩ na kasũe ka kĩtheka, kaĩ mũũndanĩ wa malaa.",children
2509824208_247aca3ea3.jpg,Katĩ wa ĩia yĩu ve mbwaũ yĩ na langi mũkwatu.,Dog
2512682478_b67cc525c7.jpg,Kamwana kamwe nĩkatindĩaa kũthing'ĩĩsya kamwana kangĩ.,Boys on a swing
2527303359_6c3dc3f282.jpg,Mũndũ mũka ũmwe wĩ na ngũa nzaũ aendete kĩw'ũnĩ na avoa na iatũ mbũanĩ.,girl on the beach
2537119659_fa01dd5de5.jpg,Kamwana kamwe nĩkakũsembete kakĩsembete kakwa ke na ngalĩ yĩ na mavisa mavũvu.,boy and girl playing
2538423833_d1f492d1fb.jpg,Kamwana kanini nĩkakwatĩte ĩlondu nzaũ.,Dog
2541901399_0a57f4cc76.jpg,Mũndũ mũka ũmwe wĩ kĩvĩla kya andũ ala makwatĩtwe nĩ mathĩna na wĩ na suti ya mũaani akũlanĩlaa kamwana kaĩ pulikinĩ.,Woman in a wheelchair with a child
254527963_3f5824b0e8.jpg,Ngui nziũ yĩithama ũtee wa ũkanga,Dog
255266148_7ba7df1a88.jpg,Ngũkũ yĩ na ĩvia ĩlĩ mũtwe wayo.,Dog
2561295656_4f21fba209.jpg,"Mũndũ wĩsĩ kũkita aĩkĩĩte ioo, na e kĩw'ũnĩ.",Swimming
2568656919_6e49d2a82b.jpg,Asu elĩ masembete kĩw'ũnĩ vakuvĩ na ũtee wa ũkanga.,Beach
2569643552_23696a9ba5.jpg,Mbwa ilĩ mbuluu syũkĩlanasya nũndũ wa kũthooa kĩndũ kĩthũku.,Dogs playing tug of war
2576878141_87f25a10f0.jpg,Syana syĩ na ngũa sya langi mweũ syĩthĩawa ĩũlũ wa kĩkavũ kya langi mũtune kya vundi.,Baby
2596475173_58f11fc583.jpg,Ngũkũ yĩ na langi mũkwatu na ngũkũ ndune nĩyĩkalaa ĩyĩkaana ũthyũ.,Dogs fighting
2600883097_aca38cc146.jpg,Mbwa ilĩ mbuluu syathaũkaa kĩw'ũnĩ kĩte kĩliku,Dogs
2602258549_7401a3cdae.jpg,Mũndũũme na mũndũ mũka mekalaa mesanĩ ya mũkaawanĩ makwatene moko.,couple
2604305843_ebe3e8a328.jpg,Mwana e vandũ va kũtembea.,Person on a swing
2619454551_c4bb726a85.jpg,Katĩ kau nĩ kala katatũ katonya kũka kũka kwa mũndũ ũendete kũka kũka kwa mũndũ ũendete kũka kwa mũndũ ũendete kũka kwa mũndũ ũngĩ.,Dog and parrot
2640153227_57cf1a3d92.jpg,Kavĩsĩ kamwe kaĩ na nzw'ĩĩ ndune na metho ma bulu keĩya iithĩ.,girl eating a cookie
2641770481_c98465ff35.jpg,Mũndũũme wĩ na kĩkavũ kĩthithu aũngye vakuvĩ na kayaki mũtune.,Kayaker on a rock
2653552905_4301449235.jpg,aũme elĩ maũngeme mbee wa nyũmba nene.,Vacation
2658360285_a0ec74ef48.jpg,Andũ ala maĩ nza wa nyũmba ĩmwe maĩ na kamwana kaĩ kasembete ĩianĩ.,Baseball
2663794355_e726ec7e05.jpg,Aka elĩ maĩ vakuvĩ na kĩw'ũ.,Sunbathing
2665586311_9a5f4e3fbe.jpg,Eĩtu elĩ ma mũika masembete vakuvĩ na nyũmba ĩmwe ya tene.,Ruins of the old church
2671602981_4edde92658.jpg,Mũndũ mũka ũmwe wĩ na ngũa sya kũthambĩa nĩwasembie kĩw'ũnĩ.,girl jumping into water
267162122_c3437414ec.jpg,Katĩ ũsu nĩ katĩ ka langi mweũ na katĩ ka langi mweũ.,Dog
2679926555_b11cf45595.jpg,Kavĩsĩ kanini ke na ngũa nzeo sya langi wa kalai.,girl twirling in a purple tutu
2680990587_eee6bd04fb.jpg,Kamwana kamwe nĩkatindĩaa kũthing'ĩĩsya kamwana kangĩ.,Playground
2683985894_167d267dcb.jpg,Mũndũ mũka wĩ na ngũa sya mũaani na wĩ na ngũa sya kũseũvya e mũũndanĩ wa mĩtĩ andũ masyaĩĩsye.,clown
2689163361_4939875be5.jpg,Mũndũ mũka ũsu wĩ na ngũa ndune e na kĩnyunyu kya kũkũna.,Girl twirling ribbons
2696636252_91ef1491ea.jpg,Mũndũ wa kũkũna mavalũa na mavalũa wa kũkũna mavalũa na kũkũna mavalũa na kũkũna mavalũa.,Skateboarder
2699125097_c6801d80ed.jpg,"Mũndũũme ũmwe waĩ na kĩthũi kĩte na ngũa, na kĩng'ee na metho.",Man with a mohawk and a beard
2699733386_c346c87ea6.jpg,Katĩ ũsu nĩ katĩ ka langi wĩ mũvyũ katembũaa kĩw'ũnĩ.,Dog
2705947033_5999147842.jpg,Syana itatũ nitũmĩaa mĩio ya kaũ.,The koala enclosure
2712787899_d85048eb6a.jpg,Mũndũ mũka ũmwe wa mũika ekalĩte kĩalanĩ e na kasandũkũ kanini ka ndune na aisisya ngusunĩ sya moko make.,young woman
2728276857_3f83757ef2.jpg,Kĩkundi kya aka me ũthyũ mũtanu.,group of women
2745663684_650f84e1e6.jpg,Mwana ũmwe wĩ na kĩsululu kĩ na mavalũa ma kũthaũka na kũthaũka,Skateboarder
2752329719_868545b7d2.jpg,Andũ elĩ mekalaa kĩwanzanĩ na manengawe ũkanga.,two people sitting on chairs looking at the sea
2752809449_632cd991b3.jpg,Mũndũ mũka ũmwe e kĩthũinĩ kya mũndũũme ũendete ngalĩnĩ ya andũ onthe.,Bus
2759211664_d21393b668.jpg,Kamwana ke na ngũa ndune kathuthĩkaa mũthanganĩ.,boy running on the beach
2762301555_48a0d0aa24.jpg,Mwana ũmwe wĩ na kĩw'ũ kya kũnyw'a e na kĩthuma kĩũngye mbee wa kĩthima.,Baby
2762702644_2aa3bf9680.jpg,Mũndũ mũka ũmwe wĩ na ngũa ndune na ndune e mbee wa nyũmba ya mavia akũnaa kĩng'ola.,Violinist
2766854400_640e2abe08.jpg,Kamwana kamwe kaĩ na ngũa sya mũaani na kaĩ na nzw'ĩĩ sya kĩthũi ĩtina wa kũvalũka.,boy on slide
2775249812_f4db95e818.jpg,Mũndũ mũka ũmwe wĩ na ngũa nzaũ aũngye kĩthimanĩ.,girl playing in a fountain
2775744946_1ab5d500a2.jpg,Mwana wĩ na ngũa sya kũthambĩa sya langi wa langi wa langi wa langi wa langi wa langi wa langi wa langi wa langi wa mũkũyũ e kĩw'ũnĩ.,Swimming
2782433864_5a0c311d87.jpg,Asu tũswii twĩ atatũ tũũngye mũthanganĩ tũyĩkalanasya metho.,Dogs
2788945468_74a9618cfa.jpg,Visa wa mũndũ mũsmĩku ũũngamĩte ũtee wa ũkũta.,Man in front of religious pictures
2822891602_ff61df2ece.jpg,Kamwana kau nĩkasemba kĩw'ũnĩ na kaĩkĩĩe mũvw'ano wa mũaani.,Swimming
2831314869_5025300133.jpg,Mũndũũme ũmwe wĩ na iatũ nene sya mavũĩ na sya mavũĩ ekalĩte nthĩ na masinĩ nene syĩ na mĩnyololo.,man on a boat
2837799692_2f1c50722a.jpg,Mũndũ wĩ mũvĩla wa mũvĩla e na namba ya 25.,American football player
2849194983_2968c72832.jpg,Kelĩtu kau kaĩ na w'ia wa langi mũkwatu nĩkookĩlile kĩw'ũnĩ.,girl in the pool
2855727603_e917ded363.jpg,Ve ĩlondu ĩnene yĩ na langi mũkwatu yĩũngeme kĩw'ũnĩ.,Dog
2860202109_97b2b22652.jpg,Mũndũũme wĩ na ĩvu yĩ ndune na ngengele sya syũa na ngũa ndune,Smile
2866529477_7e0c053ebc.jpg,Syana ilĩ syĩ na iivũ sya kũthambĩa syathĩtwe kĩw'ũnĩ kĩthũku.,Swimming
2866686547_0a67eb899d.jpg,Eĩtu elĩ me na ngũa ndune sya mũvĩla maendete kũkita mũvĩla.,Soccer
2867699650_e6ddb540de.jpg,Mbwa nzaũ ĩsembanĩte nyeki,Dog
2881441125_b580e3dd4b.jpg,Syana ilĩ syĩ nza vakuvĩ na kĩkavũ kya kĩw'ũ na kĩkavũ kya kũnyw'a kĩw'ũ,children playing with water
2884252132_5d8e776893.jpg,Mũndũ mũka ũmwe e na kĩmanyĩo kya kũkũna visa,Girl on a swing
2895700779_fac1d9d278.jpg,Mũndũ mũka wĩ na nzw'ĩĩ ndune na ngengele.,Girl with red hair
2898810636_84fb5c0b63.jpg,Mwana ũmwe wĩ na ngũa sya langi mweũ nũsembaa yayayanĩ.,Girl jumping for joy
2922222717_12195af92d.jpg,Katĩ kanini ka ngitĩ ndune kaĩ kaumaalaa na kaumaala na ngundi sya mũndũ mũka.,Dog biting finger
2922981282_203f04bf9b.jpg,andũ elĩ ma mũika makomie kĩtandanĩ,couple
2925577165_b83d31a7f6.jpg,Ĩsandũkũ yĩu yĩthĩawa yĩ na andũ aingĩ mũno.,Car driving through a flooded street at night
2931950813_93145c4746.jpg,Mwana-a-asa ũmwe e vakuvĩ na kamota kake.,Boy on a scooter
2933643390_1c6086684b.jpg,Aĩ na athani atatũ ma mũvĩla wa kũkita.,Football player
2943023421_e297f05e11.jpg,"Ĩla mũndũ wavingũa ngalĩ ya langi mweũ na ayĩyĩsukuma aithi kĩthimanĩ, ĩ ngalĩ ĩsu nĩyavũĩte kĩthimo kya nthĩ.",Mitsubishi
294709836_87126898fb.jpg,Mũndũũme ũmwe wĩ na ũsũe mũsũngũ na mbalasi nziũ nĩ mũsũngũ.,Rabbits
2949497756_be8e58e6bd.jpg,"Ngũkũ ilĩ syendaa kũkita, ĩndĩ ngũkũ ya katatũ nĩyĩkalaa vakuvĩ nasyo.",Dogs
2957071266_1b40ec7d96.jpg,Asu nĩ asu elĩ ma mbwa masembete mũũndanĩ wa mĩũnda.,Dogs playing
2959500257_3621429a37.jpg,Mũndũ mũka ũmwe wa mũika aendete na mbalasi vandũ ve kĩsese.,Girl riding a horse
2960033435_c20cc7399a.jpg,"Mũndũ mũka ũmwe ekĩte kũkua ndata ĩũngamĩte yayayanĩ, nake ngũkũ yĩyĩkya ũtee wa ndata ĩsu.",Dog jumping to catch a toy
2976537455_f3988c2d46.jpg,Aĩ ana-a-asa elĩ ma hockey makomanĩte na kaũ ĩũlũ wa ĩvia ya ndeke.,Hockey player
2990563425_2f7246f458.jpg,Mũndũ ũkuĩtwe nĩ kĩsululu kya nthĩ ekwatasya nzeve kuma kĩĩmanĩ kĩnene,Enduro
2993049054_611f900644.jpg,Mũndũũme wĩ na ngũa sya langi mweũ na wĩ na kĩthũi kya langi mweũ,Man in a mask
2994104606_bc2df6c1f4.jpg,Mbwa yĩ na langi mũkwatu yĩ na langi mweũ yĩithingithanga ĩĩsanzamĩlaa nyeki,Dog
3019857541_3de3e24f54.jpg,Katĩ katindĩaa kũsemba ĩũlũ wa mathangũ.,Dog
3030294889_78b2ccbe51.jpg,"Kwa ngelekany'o, andũ aingĩ nĩmaseng 'ete mũno moona makũyũ atatũ maũngye ĩtunĩ.",Killer whales
3033741581_136889ac73.jpg,Kamwana kamwe nĩ kalaĩ kaĩ kasũanĩie kĩw'ũnĩ kya kĩthimanĩ kĩte kĩliku.,Swimming pool
3034585889_388d6ffcc0.jpg,Mũndũ ũmwe e na kĩsululu na mũndũ wĩ na kĩkavũ kĩkũyũ kĩkũyũ nĩwonaa mũndũ ũkwĩw'a avalũka kuma kĩsululunĩ kyake.,Beach racing
3035118753_69287079dc.jpg,Mũndũ mũka wĩ na moko na ũsũvĩe kamwana na ũivw'ĩka ũthyũ.,siblings
3046286572_d2050ab0d9.jpg,Mũndũũme ũmwe e na kĩsululu e na kĩsululu e nza.,Bicycle
3054989420_3e755ca352.jpg,Syana nitũmĩaa mathangũ masinĩ sya kũseũvya syĩndũ sya kwĩtanĩthya.,children playing in the leaves
3061481868_d1e00b1f2e.jpg,Andũ elĩ maendete na kamota.,Two men on a motorcycle
3067885047_f69d90c35b.jpg,Syana inya nĩsyĩkalaa nthĩ syĩsĩlaa.,four girls doing a handstand
3082474922_9c3533eaf6.jpg,Kamwana kaĩ na kĩkavũ kĩthithu na katindĩaa kũthing'ĩĩsya kĩkavũ kya kũkũna mbua kĩthithu,Skiing
3084149186_4bc08b0752.jpg,Mũndũ ũmwe wĩ na ngũa sya langi mũkwatu e na mũndũ ũkwĩsilya e na wia.,Bouldering
3085357792_efcf297c71.jpg,Mũndũũme wĩ na ngũa ndune e na kĩsululu kya langi wa langi wa langi wa langi wa langi wa langi wa langi wa langi wa langi wa langi wa langi wa langi wa langi,Running
3089742441_d42531c14f.jpg,Mũndũũme na mũndũ mũka me na ngũa sya ĩvinda ya mbevo.,Christmas
3091580843_178042c50b.jpg,Mũndũũme ũmwe aendete lelũnĩ aendete vakuvĩ na nduka.,sign
3091962081_194f2f3bd4.jpg,Mũndũũme wĩ na inzi sya metho na wĩ na langi mweũ ekalaa nyũmbanĩ yĩ nyeki na akovanĩtw'e nĩ andũ angĩ.,Magic
3097776588_312932e438.jpg,Andũ elĩ me mũtanu na mathilĩkĩte,two men
3099091086_f75f0ce09d.jpg,Andũ nĩmaleanile na mwaki.,Protest against climate change
3099965396_2a0018cb9e.jpg,Mũndũũme mũkũũ wĩ na ngũa ndune ndune aũngye lelũnĩ.,The man in the green coat
3111402233_6285bcba7a.jpg,"Katĩ kau nĩ ka langi mũkwatu, na nĩ kaanyw'a.",Dog shaking off water
311146855_0b65fdb169.jpg,Mũndũũme na mũndũ mũka meekĩĩte ngũa sya kwĩyanakavya na masembete me na andũ aingĩ.,Carnival
3119076670_64b5340530.jpg,Mũndũ ũendete kũkũna visa wa ĩia ya ũtee wa ũkanga e kũũ nthĩ.,Snowboarder
3122888809_9ae9b4b9b2.jpg,Katĩ ka langi mũkwatu nĩkasũaa nzw'ĩĩ na katĩ ka langi mũkwatu.,Dogs
3126795109_73920ed5dc.jpg,Mũthaũki wa basketball wa Miami e na mũvĩla wa basketball kw'okonĩ kwa aũme e kĩwanzanĩ.,Basketball player
3127614086_9f1d3cf73d.jpg,mũthaũki wa basketball atataa kũvena mũthaũki ũngĩ mũvĩla ũsu.,Basketball player
3135504530_0f4130d8f8.jpg,Eĩtu elĩ me na nzw'ĩĩ ndune na ngũa nzaũ.,two girls
3143980056_7a64a94b58.jpg,Syana syakwata mũndũ mũka.,Baby girl playing with her grandmother
315021440_122d56ebd7.jpg,Asu elĩ masembete maendete nthĩ.,Two dogs running on a trail
3164415865_612f9fd8bc.jpg,Syana itano syendete na kĩkũtha kĩĩmanĩ kĩ na ũtee wa lelũ.,Snow
3165123595_8db9f918bf.jpg,Ve andũ ana maendaa ĩng'endilĩ ĩte mbũĩ.,Ski patrol
3168123064_d1983b8f92.jpg,Mũndũ wĩ na ngũa sya kũthambĩa sya langi wĩ mũvyũ nũendeee kũthambĩa ũkanganĩ e na kĩseve kingĩ.,Surfer
3171188674_717eee0183.jpg,Mũndũ mũka ũmwe wĩ na kĩkavũ na mũsumaa mũtune e lelũnĩ wĩ na andũ aingĩ.,Crowd of people walking on a sidewalk
3172280520_e7655fb596.jpg,Mũndũũme ũmwe mũtulu e na eĩtu elĩ me ũthyũ mũtanu.,friends
3180806542_49b6de312d.jpg,mũndũ ũendete kũkũna visa wa snowboard nũsembaa kuma kĩthimanĩ.,Snowboarding
3181322965_ce9da15271.jpg,Kamwana kaendete na ngalĩ sya mĩtũkĩ kaendete kũasa na ĩsiwa.,The beach at the festival
3185695861_86152b2755.jpg,Ngũkũ yĩ mũvĩanĩ yĩ na mũvĩla wa tenisi kanyw'anĩ.,Dog
3187924573_203223e6c0.jpg,Nyũnyi ĩmwe yĩ na kĩndũ kĩkwete kĩkavũ.,Seagull
3190677999_60bbd330fd.jpg,Syana itatũ syonw'e ĩĩanĩ.,Snow
3195969533_98f5de0fab.jpg,Asu nĩ asu atatũ me na mbua.,Dogs playing in the snow
3197247245_9c93b60b8a.jpg,Kamwana kamwe kaendete na kĩsululu katheeie kĩalanĩ kya mathaũ.,Bicycle
319869052_08b000e4af.jpg,Mũndũũme ũmwe ũsyaasya ĩvia yĩ na mavia.,Summit of the mountain
3203908917_53e53c03d1.jpg,Andũ nĩmavĩvĩasya kĩvendela kya Isilaeli.,Burning of a flag
3209564153_077ed4d246.jpg,Mũndũ ũmwe wĩ na ĩkoti na ngo sya langi wa bulu e kĩwanzanĩ.,Skiing
3209966887_5b744bd050.jpg,Mũndũũme ũmwe nũsola mavisa ma kĩthyomo kya China.,Chinese calligraphy
3210705660_2b14b7fb36.jpg,Andũ atatũ masembete na mũsinga mũsingi.,Skipping
3212085754_35fdc9ccaa.jpg,Mũtwawa nũtetheeaw'a kwĩkĩa iatũ,Bride and her mother
3212456649_40a3052682.jpg,Katĩ ka mbwa yĩ na langi mũkwatu nĩkasindeaa ĩia ĩte na mbua.,Dog
3215315009_47577bf8f7.jpg,Mũndũũme ũmwe aendaa na kĩsululu ũtukũ.,Bicycle rider in the night
3215695965_69fbeba3d5.jpg,Mwana-a-asa ũmwe waĩ nthĩnĩ wa kakalĩ ka kũthooa syĩndũ.,Shopping cart
3220126881_b0a4f7cccb.jpg,Aũme elĩ na mũndũ mũka ũmwe nĩmavangĩthasya ũndũ mekwĩka.,Three people
3228517564_74b00a923b.jpg,Kamwana kamwe kaendete na kĩsululu kya nthĩ kathyũlũlũkĩte ĩlaa.,Trial
3247500085_c4f641aa84.jpg,Mũndũũme ũmwe aendeee kũkũna mbathi na maikinĩ.,Jazz musician
3251976937_20625dc2b8.jpg,Ngũkũ yĩ na ũvya mũnene mũkunĩ wayo yĩithingithangale ĩteũthingithĩka.,Dog
3259694057_fae7484b0a.jpg,Ngũkũ yĩ na langi wa mũthanga yĩendete vala vaĩ kamela yĩ na mũio wayo wa kũkua syĩndũ na ĩyĩkya nthĩ.,Dog
3260214530_7179346407.jpg,Mũndũ mũka na kelĩtu kamwe mekalaa kĩthimanĩ kya mĩtĩ vakuvĩ na nduva.,Welcome
326334188_8850b7bfd4.jpg,Mũndũũme ũmwe wĩ na ĩkoani ya langi wa bulu na mũvĩanĩ wake wĩ na kyeni kya kũvĩvya aũngeme ngunganĩ.,Cave
327415627_6313d32a64.jpg,Asu elĩ masembete ũnyũ vakuvĩ na kĩw'ũ.,2 dogs running
3278811919_d5a3432af6.jpg,Andũ elĩ maendaa kĩĩmanĩ kĩ na mbua.,Skiers on a mountain
3285180819_a9712fd2bc.jpg,Andũ elĩ maumĩte timũnĩ syĩ kĩvathũkany'o nĩmatanĩaa kũthaũka basketball ĩmwe.,Basketball player
3287904625_f68ca5cea7.jpg,Andũ me elĩ nĩmekumbatĩanaa na maisyoka kũsisya kamela mbee wa ĩia yĩ na mbua.,couple
3294202771_e8ee78a439.jpg,Mũndũũme ũmwe e mũthanganĩ wa ũkanga e na kĩmũtũ kya kũkũna.,Beach
3294952558_96bb8c8cf3.jpg,Ngũkũ yĩ na ndata mĩlomonĩ.,Dog
3299418821_21531b5b3c.jpg,Mwana-a-asa wĩ na ngũa ndune na ũendete kũthaũka.,Ice skating
3304511635_113beaf458.jpg,Mũndũ mũka wĩ na ngũa nzeo sya mũaani nũtanĩaa mũndũũme,Latin
3315353266_70f0bbb1c3.jpg,Mũndũũme wĩ na ngũa ndune nũtanĩaa mbesa sya kũthaũka kĩtaala.,Busker
3317145805_071b15debb.jpg,Mũswii wĩ na kĩkonzo kya kaũ mũnyũ kanyw'anĩ.,Dog
3319338707_892ae2a660.jpg,Andũ aingĩ mekalaa kĩwanzanĩ masyaĩĩsye iĩma.,group of people sitting on a patio with a view of a mountain
3324375078_9441f72898.jpg,Asu nĩ asu atatũ me na mbua.,Dogs playing in the snow
3326454455_960e5442e9.jpg,"Mũndũũme ũmwe waĩ na ngũa ndune wa mũvĩla wa mũvĩla wa mũvĩla, na aisyoka na kũkũna ngũa syake sya kaũ.",Rugby player celebrating a try
3329169877_175cb16845.jpg,Mũndũ ũmwe wĩ na ngũa sya langi mwonzu na ĩkoti nzaũ e na kĩng'ee kya kũkũna nduuthĩ.,Snowboarder
3330680118_4e541889c1.jpg,Mwana wĩ na ngũa sya bulu ayĩkala kĩthimanĩ kya kũkũna na kũkũna.,Skiing
3336374196_f6eaca542f.jpg,Mũndũ ũkuĩte makasya ma makasya eĩka ũtee wa ĩvi.,Skateboarder doing a ollie over a rail
3337046794_296bd2c7e0.jpg,Katĩ ũsu nĩ katĩ ka langi wĩ mũvyũ.,Dog
3342487512_fd33971dea.jpg,mũndũ ũkuĩte ĩvia ya kũthambĩa ailyĩ ta mũndũ ũkuĩte ĩvia ya kũthambĩa yĩ na langi mũtune.,Snowboarder
3348385580_10b53391f9.jpg,"Mũndũ wĩ na kĩng'ee kya kũkũna visa e na kĩng'ei kya langi mũkwatu, nũsiĩĩaa mũndũ ũsu aithi na kĩsiĩlo kĩte kĩ",Snowboarding
3351667632_00f586a30c.jpg,Mũndũũme ũmwe ainenga andũ ĩsandũkũ.,A group of men in a desert landscape.
3370085095_6abbb67c1d.jpg,Aũme elĩ na mũndũ mũka ũmwe nĩmavangĩthasya ũndũ mekwĩka.,three people
3374759363_d6f7a0df41.jpg,Mũndũũme ũmwe watwĩe kĩvĩlanĩ na akinyĩte sikala.,Man smoking a cigar
3380072636_4cd59385fd.jpg,Nguthu ya andũ ma nthĩ ya rugby nĩyĩkalaa kĩwanzanĩ kya mũu.,Lineout
3381161854_af8b05243c.jpg,Asu elĩ masembete mathi mĩtĩnĩ.,two dogs running
3396153660_f729d9f9b9.jpg,Aka elĩ ma myaka katĩkatĩ me na mavisa ma mavisa nĩ kana makwate kamela.,Two women
339658315_fbb178c252.jpg,Aka elĩ me vakuvĩ na kakalĩ ka kũkua syana.,two women in a bar
3400385314_a5bc062e97.jpg,Mũndũũme wĩ na nzw'ĩĩ ndune na mũndũ mũka wĩ na nzw'ĩĩ ndune nĩmaseng'aa.,couple
3405759441_fb31c80240.jpg,Mũndũ ũkuĩtwe nĩ ngũlũ e kyalonĩ kya kũkũna ngũlũ.,Rodeo
3408274796_0dc62225e9.jpg,Ngũkũ nĩyendaa kũsemba na ndata kanyw'anĩ.,Dog
3415003392_139c0f3586.jpg,Mũndũũme ũmwe wa mũika waĩ na ngũa ndune na ndune na waĩ na kĩsululu kya nthĩ.,Mountain bike
3415178926_909db9400b.jpg,Mũndũũme ũmwe wĩ na ngũa sya kũseũvya syĩndũ sya kũseũvya syĩndũ sya kũseũvya syĩndũ sya kũseũvya syĩndũ sya kũseũvya syĩndũ sya kũseũvya syĩndũ sya kũ,Dog training
3417662443_2eaea88977.jpg,Mũndũũme ũsu ekĩĩte ngũa sya mũndũũme mũkũyũ.,man in a strange outfit
3420323191_d66e003264.jpg,Mũndũũme wĩ na kĩkavũ kĩthithu kya kayak.,Kayak
3421177332_a05741cfa4.jpg,Mũndũũme wĩ na ngũa ndune akwete kwa ũsũvĩo mũndũ ũendete mathaũnĩ ekĩĩte ngũa ndune na namba 281.,man in red running
3422219732_3d0be52cc3.jpg,Mũndũ ũendete kũtee wa ĩlanga aendete nthĩ yĩ mũingo mũno na e na kĩĩma kĩũngamĩe ĩtina.,Skiing
3423225860_16e26eef74.jpg,Mũndũ mũka ũmwe wĩ ngũa nzeo na mũtune e na ngũa sya tenisi.,tennis player
3423802527_94bd2b23b0.jpg,Andũ ala masyaasya andũ ala mekĩĩte ngũa ndune na ndune.,Cheerleaders
3427023324_f1f6504bf4.jpg,Eĩtu elĩ me na ngũa sya langi mweũ nĩmavũthasya.,two girls in denim dresses
3430100177_5864bf1e73.jpg,Andũ aingĩ nĩmoombanĩte lelũnĩ ũtee wa nduka yaĩ vakuvĩ na lelũ wa andũ aingĩ.,Street party
3439243433_d5f3508612.jpg,Ngũkũ nzaũ yĩũngeme nyũmbanĩ yĩ mathangũ mavalũkĩte.,Dog
3439382048_d2e23b2b4c.jpg,Mũndũũme wĩ na tattoo nũkwataa mũvĩla wa basketball.,Basketball player dunking
3441511444_b031585b45.jpg,Andũ elĩ nĩmaandĩkie valũa,Two men in front of a ship
3442978981_53bf1f45f3.jpg,Andũ elĩ nĩmekũlanĩlya ngome.,Fencing
3443161359_65544fd732.jpg,Mũndũũme ũmwe waĩ kĩĩmanĩ kya mavia.,hiker on a rock
3443460885_46115463b4.jpg,Mũndũ mũka ũmwe wa mũika aũngye kĩthamanĩ kya mavia na ayĩsisya kĩw'ũ.,girl on the beach
3444684583_6656e38088.jpg,Mũndũũme ũmwe wĩ ngalĩ nini yĩ na nguthu inya nĩwasyokete yayayanĩ.,Air
3446347599_0ecc49a9d5.jpg,Andũ elĩ masyaĩĩsye maendete kũasa na kĩthama kya Kalilii.,Beach
3447007090_08d997833a.jpg,Andũ ma mũika amwe nĩmethĩĩtwe meteele kũinga lelũ.,Water fight
3449170348_34dac4a380.jpg,Mũndũ mũka ũmwe waĩ na ngũa sya langi mũkwatu e na ĩeema ya kũsũnga.,girl dancing
3451085951_e66f7f5d5c.jpg,Katĩ ka mbwa nzaũ nĩ kala kathaũkaĩ kaĩ vakuvĩ na taoni nene.,Dog running on the beach
3451344589_6787bd06ef.jpg,Mũndũ mũka wĩ na ngũa nzaũ na nziũ ekĩĩte mũsolo wa kũkitĩa andũ.,"Protester holding a sign that reads ""It's not America's fault"""
3454355269_6185e29f95.jpg,Mũndũ ũendete na kĩsululu e na kĩsululu kya kũkũna maaũ.,Mountain biker
3456579559_b5c8927938.jpg,Mũndũ ũsu ũendete kũtumba ailyĩ ta mũndũ ũendete kũtumba.,Skateboarder doing a trick in front of the school
3459492423_c881f12c9f.jpg,Mũndũ wĩ na ngũa sya mũaani na mũu wa mbalasi e na ũthasyo wa kũkuwa nĩ ĩvia.,Climbing
3473534758_1ae3847781.jpg,ngitĩ ilĩ nini syanyungunyĩkaa kĩla ũmwe kĩvandanĩ kya kĩtheka,boxer
3492180255_0bd48a18f8.jpg,Mũndũ ũmwe wa timũ nũtetheeasya ũngĩ aume kĩwanzanĩ.,Rugby league player
3494394662_3edfd4a34c.jpg,Mũndũũme ũmwe e nza.,Man with beard and red collar
3496028495_431cfdc042.jpg,Ve mbwa yĩ na langi mũkwatu yĩithaũka nza yĩ na mũvĩla wa tenisi kanyw'anĩ.,Dog
3498354674_b636c7992f.jpg,Mũndũ ũmwe waendaa na kĩkũtha kya kĩtoo.,Skateboarder doing a 50-50 on a ledge
3500342526_393c739e2f.jpg,Ngũkũ ndune ĩthaũkaa na ĩlondu yĩngĩ mũũndanĩ mũũmũ.,Dog
3502343542_f9b46688e5.jpg,Andũ asu mekĩĩte ngo syĩ na nguthu sya mavia nĩmaendaa kũkuwa nĩ mavia.,Climbing
3504158556_1d410c8ff7.jpg,Eĩtu atatũ ma mũika maũngeme mbee wa ngalĩ nzaũ,Three men standing in front of a car
350588129_6aef7b7fe2.jpg,Katĩ ka langi mweũ nĩkasindea kĩthimanĩ.,Dog jumping into a pool
3508522093_51f6d77f45.jpg,Kamwana kanini kakwete mathangũ me vakuvĩ na kavalũa ka kũthaũka.,Boy buried in leaves
3514278386_de2343577e.jpg,Eĩtu elĩ nĩmathũkũmaa mathaũnĩ ma softball.,Baseball
3537452619_3bd79f24e0.jpg,Mũndũ ũkuaa makasya ma kaũ e na kĩsululu kĩthithu.,Skateboarder on a rail
3540515072_8c951b738b.jpg,Ngitĩ yĩ na ũvyũvu yĩendeee kũsemba.,Dog
3541483943_9776baee7c.jpg,Mũndũ ũmwe waendaa kũtembea na kĩkũtha.,Skateboarder
3552435734_04da83b905.jpg,Katĩ ũsu nĩ katĩ ka langi wĩ mũvyũ katembũaa kĩw'ũnĩ.,Dog
3555231025_73fa54fa29.jpg,Kavĩsĩ kanini kavikĩtye kĩkavũ kya langi mũtune na kaĩkĩĩte ngũa sya jeans kaũngamĩte kĩwanzanĩ na andũ angĩ me mũongo.,girl
3556571710_19cee6f5bd.jpg,"Ĩsu nĩ visa wa aũme atatũ ma mũika mekĩĩte ngũa sya kaũ, ũmwe e na kĩsululu, na mũndũ mũka ũmwe ekĩĩte ngũa nzaũ.",Dutch wedding
3561639055_5ac66ae92f.jpg,Mũndũ ũmwe wĩ na kĩsululu ekĩte kũsemba mũvĩanĩ.,Mountain bike
3564385317_1bf5094068.jpg,Mũndũ ainaa kĩthimanĩ kya mavia kĩ na mavia maingĩ vakuvĩ na mĩtĩ.,man standing on a rock overlooking a valley
3564738125_10400f69c0.jpg,Andũ elĩ maendaa kĩĩmanĩ kĩ na mbua.,Two climbers on a steep slope
3565655045_8eb00b7423.jpg,Mũndũũme aumie ũkanganĩ na aithi kĩthimanĩ,Man in wetsuit entering cave
3568225554_73cdb19576.jpg,Mũndũũme ũmwe wĩ na ngũa ndune wa kũlika ĩvianĩ.,Bouldering
3571039224_b34fa2f94c.jpg,Ngũkũ ndune yĩ na kĩng'ee kĩthithu yĩyĩkya mũtwe wayo kĩw'ũnĩ.,Dog
3578372039_57473f473c.jpg,Mũndũũme ũmwe wa mũika aendete na kĩkũtha na e na mĩvuko mĩnene.,A student rides a skateboard to class.
3578914491_36019ba703.jpg,Asu elĩ ma mbwa masindanasya ĩũlũ wa ũndũ mũna.,Dogs playing
3584406900_039f30b34c.jpg,Syana syatũmĩaa kĩng'ee kya kũkũna visa sya mũndũ ũendete vakuvĩ ate na ngo.,children on a swing
3592968286_b63c81bcd2.jpg,Mũndũũme ũmwe wathaũkaga kĩtaala e na andũ angĩ ĩtina.,Guitarist
3595408539_a7d8aabc24.jpg,Mũndũũme na mũndũ mũka ũmwe maĩ na mbakĩ na ve mũndũũme ũngĩ waĩ vakuvĩ namo.,three people
3601803640_5f3cb05acf.jpg,Mũndũũme na mũndũ mũka mambĩte kũmumunya mbee wa andũ aingĩ.,Kissing
3606909929_90a1a072b7.jpg,ngalĩ ya kũsemba ĩendeee kũseũvw'a.,Car drifting
3609645320_815c294b65.jpg,Andũ aingĩ mekalaa nza.,Family
3611603026_9112b0c53f.jpg,Mũndũ mũka ũmwe wĩ na kĩkavũ kĩnene kya vetha aũngye ũtee wa kĩkavũ kya lĩu.,women
3616638478_641d02183d.jpg,"Mũndũ mũka wĩ na ngũa ntheu na mũndũ mũka wĩ na ngũa ntheu, na moko make mavuvĩte.",two women
3626689571_5817f99c0e.jpg,Mũndũũme ũla wĩ na koti mũtune ekĩĩte mũvĩla wa mũvĩla wa mũvĩla wa mũvĩla wa mũvĩla.,Basketball player
3631671718_d712821757.jpg,Kamwĩlĩtu kamwe kaĩ na ngũa ndune kaĩ na kĩng'ee kya kũkũna.,Girl playing baseball
3634828052_3b6aeda7d6.jpg,Mũndũ mũka ũmwe oosie visa na kamela nene ya kũkua visa.,Photographer
36422830_55c844bc2d.jpg,Kĩsululu kĩkũkwata kĩsembete mũno.,Off-roading
3645080830_1d9ee2f50a.jpg,Mũndũũme ũmwe eekaa maũndũ na kĩkũtha e ndũanĩ.,Skateboarder doing a trick
3657209354_cde9bbd2c5.jpg,Mũndũ ũmwe waendaa kũndũ kũasa na andũ e na visa wa mũndũ ũendete kũndũ kũasa na andũ ma nthĩ.,Hiking
3665179773_dd217416fc.jpg,Kaĩ kakwete kamwĩlĩtu kangĩ na kamũsũe.,two girls hugging
3670918456_68631d362a.jpg,Mũndũ mũka ũmwe wa mũika aendete ĩtunĩ na e na kĩng'ee.,Girl on a swing
3671935691_57bdd0e778.jpg,Mũndũ mũka ũmwe nũtumĩte tũlungu tũla tũseũvĩtw'e na tũla tũseũvĩtw'e na langi tũla tũseũvĩtw'e na langi tũ,A little girl in a pink dress is running and laughing while adults watch and blow bubbles.
3672057606_cb6393dbd9.jpg,Mũndũ mũka ũmwe ũweteele ngalĩ ya mwaki.,Metro station
3672944692_8d24a44fc6.jpg,Andũ elĩ me na mbisũ maendaa kĩĩmanĩ.,The two characters from the film
3673878924_506c9d767b.jpg,Eĩtu atatũ masinĩlaa ĩeemanĩ ĩnene.,three girls dancing
3679407035_708774de34.jpg,"Ve mũndũ wĩ na ngũa sya langi mweũ sya mũnyũ syaĩtye, "" Syana Nĩsyĩka Syana, "" na aisyoka akwete kamela.",Crop top
3683644335_b70bed1d83.jpg,Mũndũ wĩsĩ kũthambĩa kĩw'ũnĩ kĩthimanĩ.,Swimming
3687222696_85bf6f78f7.jpg,Kamwana kaĩ na ngũa ndune na katoloka katolokaa kasemba.,boy on slide
3687996279_05b5a2a706.jpg,Mũndũũme ũmwe wĩ ngũa sya kaũ aendeee kũsembea na kũkũna visa wa kamela.,Toronto Police Service officer
3690348036_a01f243fb0.jpg,Mũndũ ũmwe e kũũ nthĩ na kĩsululu kya kũkũna visa.,Bicycle
369047365_35476becc9.jpg,Mũndũũme ũmwe nũkwosa visa wa mũndũ ũngĩ na ngitĩ syake ilĩ iĩmanĩ syĩ na nyeki,Hiking
3691729694_2b97f14c1e.jpg,Andũ elĩ maendaa masindano ma BMX maendete kũndũ kwĩ na malelũ.,Bicycle racing
3692836015_d11180727b.jpg,Andũ aingĩ mekĩĩte ngũa sya kaũ nĩmasyokete na mĩio mĩnini ya kaũ ĩvindanĩ ya mathaũ.,The team of firefighters is pulling a heavy cannon on a cart.
3693961165_9d6c333d5b.jpg,Katĩ wa vala vaĩ kĩsio kĩu ve mbwaũ yĩ na langi mũkwatu yĩsembete mũno.,Dog
3703107969_175da4b276.jpg,mũndũ ũendeee kwĩka maũndũ mathũku e na kĩsululu kya BMW,Bicycle
3710674892_857b8056f7.jpg,Mwana wĩ na ĩvia yĩ mũnyoolo kanyw'anĩ eekĩĩte ĩvia yĩ mũuke mũseo,boy with apple
3710971182_cb01c97d15.jpg,Namo aũme masinĩlaa hockey.,Hockey
3716272233_7845ec5b3e.jpg,Nyũnyi nene ndune nĩsyathelile kĩw'ũnĩ,Great egret
3717309680_e5105afa6d.jpg,Andũ ana maendete mathaũ ma inzi nĩmanengetwe nzĩa.,motocross
3724150944_fc62e8d5e0.jpg,Andũ ma mũika amwe ma timũ ila syĩ kĩvathũkany'o nĩ masinĩ sya kũkita mũvĩla wa mũvĩla.,Soccer
3726700898_c50494b8bd.jpg,Mũndũũme ũmwe aũngamĩtye ĩvyũ yake mokonĩ e na mũndũ ũngĩ.,knife
3726730085_2468ee9220.jpg,Mũndũũme ũmwe ũte na ngo yake nũkwambata kaũkenge.,Baby being thrown in the air by his father
3729405438_6e79077ab2.jpg,Mũndũ ũkuaa kĩsululu e na kĩsululu e na kĩsululu kĩũngamĩte kĩalanĩ.,Bicycle
375384566_254c2362d4.jpg,Andũ atatũ me kambinĩ ya kwĩka mavisa ma langi ya Asia.,Tattoo parlor
380590140_25b9889772.jpg,Mũndũ mũka ũmwe nĩwavĩtũkie lelũnĩ wĩ na andũ aingĩ.,Pedestrians and bicyclists are allowed to use the bike lanes and cross the street at the same time.
386656845_4e77c3e3da.jpg,Asu nĩ asu elĩ ma mbwaĩ.,Dogs
387078972_514a38dc33.jpg,Katĩ katũlĩ katũlĩkaa vakuvĩ na nyũmba yĩ na mbua.,Dog
394463341_5311c53783.jpg,Katĩ katwaĩte kĩkũtha nĩ kana kathiĩle ũkũtanĩ.,Dog
412101267_7257e6d8c0.jpg,Asue elĩ mathũkũmaa na mũvĩla wa tenisi kĩthimanĩ.,2 dogs playing in the snow
429270993_294ba8e64c.jpg,Mũndũũme ũsu akwete kasandũkũ ka mĩio ya kaũ ũtee wa lelũ.,man with a tool box
434433505_966e50e17d.jpg,Mũndũ eĩka maũndũ ma kĩng'ei e na kĩvĩla kya kũthaũka.,Skateboarder
441817653_fbdf83060b.jpg,Mũndũũme wĩ kĩng'ee ekĩĩte kĩkavũ na ĩkoti yĩ na ĩkoti ekĩte kũũngama kĩthekanĩ kya ngalĩ,man with beard and hat
444047125_66b249287c.jpg,"Mũndũ ũmwe wĩ na kĩkavũ na ndata, aendete iĩmanĩ ila syĩ kĩalanĩ kya nthĩ.",Hiking in the mountains
444803340_fdcaab86f9.jpg,Mũndũũme na mũndũ mũka ala maĩ ungu wa mũtĩ ũsu maneenaa.,couple
448590900_db83c42006.jpg,Katĩ ũsu ve mbwa yĩũngye mũũndanĩ wĩ ĩia nene.,Dog
453473508_682c0a7189.jpg,Ngũkũ yĩ na langi mũkwatu nĩyĩtheea kĩw'ũ kĩte kĩliku.,Dog
456512643_0aac2fa9ce.jpg,Katĩ wa indo isu nĩ mbũi yĩ na ĩia.,Dog running
460781612_6815c74d37.jpg,Katĩ ka langi mweũ na mũtune nĩkatelemete na kĩyũka kũkita na katĩ.,Disc dog
468608014_09fd20eb9b.jpg,"Ngũkũ ĩtanamba kũthaũka na ĩng'ei ya kũthaũka nayo, mũndũ ayĩyĩumya kanyw'anĩ wayo.",Golden retriever
475980315_b8ecd50094.jpg,Katĩ katũlĩka katĩlĩka na katia katĩlĩka na katia.,Dog
477768471_d7cd618fdb.jpg,Katĩ katũlĩ katũlĩkaa na mũvĩla wa golf mũthanganĩ.,Dog playing with a ball
483039719_75181b2726.jpg,Mũndũũme ũsu aĩ na kĩng'ee kya kũkũna mũtwe na andũ angĩ ma mũika maĩ ĩtina.,Two young men talking
491405109_798222cfd0.jpg,kelĩtu kanini kataseka na mũtwe wako ũivĩndũka,girl
492341908_1ef53be265.jpg,Eĩtu elĩ maendete ngalĩnĩ ya mwaki.,Quad
496606439_9333831e73.jpg,Aka elĩ nĩmaendeee kũtumũsya vamwe e mũkaawanĩ.,two women
501684722_0f20c4e704.jpg,Na ĩndĩ asikalĩ asu elĩ malikaa nthĩ na makomana.,mother and daughters
512991147_dc48e6839c.jpg,Mũndũ aendete kũasa na kĩthima kĩnene kya kĩw'ũ nthĩnĩ wa mũũnda.,Water
515797344_4ae75cb9b1.jpg,Andũ atatũ maendaa lelũnĩ me mbee wa mbasi ndune na ngalĩ ilĩ sya FedEx.,Street scene in the city of Montreal
521658170_a837af87e9.jpg,Mũndũũme ũmwe e na ndata na atindĩa kũsemba na ngitĩ itatũ.,Dog walking
522486784_978021d537.jpg,Katĩ wa asu nĩ mbwa yĩ na langi mũkwatu na katĩ ĩte nzeo.,Dogs
536495604_b22bbc905a.jpg,Mũndũ mũka ũmwe wĩ na ngũa ntheu aũngye lelũnĩ e na kaũkenge kakwete mũsumaa.,Mother and baby in a sling
537359971_6e28f5e66e.jpg,Aka elĩ mekĩĩte ngũa mbanake maendete lelũnĩ.,two women walking
537532165_e4b7c0e61a.jpg,Mwana-a-asa ũmwe e na ngundi sya mbũi vandũ va kũthaũka.,Girl playing on monkey bars
540721368_12ac732c6c.jpg,Kavĩsĩ kakwete ngũa ndune nĩko keea ngewa.,Girl in yellow dress
566384456_97da3c7bd6.jpg,Mũndũũme oonany'a kana e na kamũyũ.,Fishing
572618443_647483ca82.jpg,Syana ilĩ syĩtanĩaa kĩw'ũnĩ.,Water
635444010_bd81c89ab7.jpg,Mũndũ mũka wĩ na boa mũtune avika vandũ vaĩ na mavia ma kũthambĩa.,Woman walking down a sidewalk
72218201_e0e9c7d65b.jpg,Andũ amwe ma mũika nĩmaendaa mathaũnĩ ma kũsemba maũũ ma andũ ma Ngai.,Snow
751737218_b89839a311.jpg,Kamwana ke na ĩvia ĩnyw'a kĩw'ũ kakwete mũndũ mũkũũ,boy
760180310_3c6bd4fd1f.jpg,"Katĩ wa kakitĩ kanini, kaĩ na ĩvia ya kũkolany'a na ĩvia ya kũkolany'a.",Baby and dog
769260947_02bc973d76.jpg,Ngũkũ yĩ na wia mweũ yĩendeee kũkua kĩw'ũ kĩte kĩthithu.,Dog
771366843_a66304161b.jpg,Andũ elĩ maũngamĩte vandũ ve mavia mbee wa kĩĩma kĩ na mbua.,Mountain
775664534_3f6de7d413.jpg,Syana itatũ iivika kĩĩmanĩ kĩ na nyeki.,children running down a hill
861661418_8a37024ace.jpg,Katĩ kau ke na matũ manene na kaĩ kũya mũtĩ.,Dog
911795495_342bb15b97.jpg,Mũndũ mũka ũsu wĩ na ngũa ndune asũanĩie e na wasya mũseo.,girl
96985174_31d4c6f06d.jpg,Mũndũ ũsu aendete iĩmanĩ.,Mountaineer in front of the mountains of the Himalayas
1042020065_fb3d3ba5ba.jpg,Mwana-bakala mosi ya kele ti kamwa ya mbwaki ke tala bangomba mingi ya ke fulukaka ti masa.,The annual Bay to Breakers race
1053804096_ad278b25f1.jpg,Mwana-nkento mosi ya kele ti makelele ya nda ke bulaka na masa.,girl running in the water
1077546505_a4f6c4daa9.jpg,Mwana-bakala mosi vandaka kukulumuka na kisika mosi ya bo vandaka kukusa masa na masa mpi kukotaka na piscine mosi ya kele ti bamasini ya kitoko.,Boy sliding down a water slide
1144288288_e5c9558b6a.jpg,Muntu mosi ya me lwata bakamio ke tambula na bala-bala ti mpu ya kuwidikila.,Jogging
1176580356_9810d877bf.jpg,Mbwa mosi ya ndombe mpi ya ndombe ke pumbuka sambu na kukanga bola mosi ya mbwaki.,Airedale terrier
1187435567_18173c148b.jpg,Mbwa mosi ya fioti yina vandaka kubula ti kima mosi ya kusala bansaka na zulu ya lititi.,Dog
121971540_0a986ee176.jpg,Bantu zole vandaka kutula bunkete na bafenetre na nganda ya maswa mosi.,Ship
1240297429_c36ae0c58f.jpg,Mbwa mosi ke pumbuka na matiti.,Greyhound racing
1253264731_e7c689eca5.jpg,Bana zole ke telama na zulu ya lupangu mosi ya kibende ya ndombe.,Girl scouts
128912885_8350d277a4.jpg,Mbwa mosi ya mpembe ke pumbuka sambu na kukanga bola ya mbwaki.,Dog playing with a ball
1290894194_8a4ffdc7eb.jpg,Nkento mosi ya ke nata mbwa na maboko ke tala mwana mosi ya fioti na makulu.,Woman and child with dog
1295671216_cde1b9c9d1.jpg,Muntu mosi ya me lwata bilele ya fioti mpi ya mpembe ya ndombe ke tala kamere ntangu yandi ke telama pene-pene ya kibuka ya bantu.,A woman wearing a blue sweatshirt and jeans
1307635496_94442dc21a.jpg,Mwana-bakala mosi ya ke seka ke tambula na matiti.,boy running
1312020846_5abb4a9be2.jpg,Bana zole ya fioti ke tambula na zulu ya matadi.,Pugs
1321723162_9d4c78b8af.jpg,Bankento zole ke salaka mansoni na zulu ya masa.,Ice skating
1332823164_c70a5d930e.jpg,Mwana-nkento mosi ya kutelama na nzadi-mungwa,girl in red shirt and white shorts standing in the surf at the beach
1341787777_4f1ebb1793.jpg,"Mbwa ya ndombe na matiti, ke nwaka masa ya masa na diboko ya kimama ya kitini.",Dog drinking from a sprinkler
1348891916_ebd4413033.jpg,Mbwa mosi ya ke vandaka ti masa ya masa ke luta na masa.,Dog
136644343_0e2b423829.jpg,Mwana-bakala mosi vandaka kutina na zulu ya kitini mosi ya bapine.,boy on tire swing
1387443857_602ab6f9bf.jpg,Mbuta-muntu mosi me vanda.,Fishermen watching the boats come in
1417031097_ab656bc4bd.jpg,Bantu ke kwenda na parke mosi ya bansaka.,Amusement park
1417882092_c94c251eb3.jpg,Baleke zole ya me lwata bilele ya ndombe vandaka kutala kima mosi.,two men
145721498_a27d2db576.jpg,Muntu mosi ke nata maswa ya zulu ya kayak na masa ya mpembe.,Kayaker
1463638541_c02cfa04dc.jpg,Mwana-nkento mosi ya me lwata lupangu na lupangu yina bo me tulaka nsinga.,Girl climbing a rope ladder
146577646_9e64b8c2dc.jpg,Muntu mosi vandaka kusala kayak na masa ya ngolo.,Kayaker
1476241331_2f43b67aed.jpg,Bana-babakala zole na dibulu mosi ya masa.,two boys at a water fountain
1481062342_d9e34366c4.jpg,Mwana-nkento mosi ke nata ntinu na nzila mosi ya nzo ya fioti.,boy running down hallway
1500853305_0150615ce9.jpg,Mwana-nkento mosi ke lwata mwana-bakala mosi na zulu ya nti mosi na kati ya mfinda.,siblings
1509786421_f03158adfc.jpg,Mwana-bakala mosi ke monisa kima mosi ntangu bakala ke tala.,boy pointing
1540631615_8b42c1b160.jpg,Mwana-bakala mosi ya me lwata velo ya mbwaki ke telama na matiti.,Handstand
1557451043_f5c91ff6f4.jpg,Mwana-nkento mosi me vanda na lweka ya masa mpi me tala nzadi-mungwa.,Girl on the beach
1573017288_4d481856e2.jpg,Mwana-nkento mosi ya kele ti maboko ya kuyidika vandaka kukulumuka na zulu ya disque mosi ya mbwaki ti ya mpembe.,girl
1581822598_0ae23074f1.jpg,Mbwa mosi ke sosa kukanga mbwaki ya neze na neze.,Dog
1616016569_673de1d678.jpg,Bakala ti nkento mosi ke seka sambu na kamera.,couple
1620397000_3883e3ecd3.jpg,Mbwa mosi ya mpembe ti ya ndombe me luta na nzadi.,Dog
169490297_b6ff13632a.jpg,"Mwana-bakala mosi ya me lwata bilele ya ble, ya mukwa mpi ya orange yina vandaka kunata maboko na yandi na ndambu ya nkaka.",Boy
172092464_d9eb4f4f2f.jpg,Toko mosi ke sala nzyetelo na zulu ya masa.,Wakeboarding
1784309115_0ad6791146.jpg,Nkento mosi ya me lwata bikini ke solula ti bakala mosi ya me lwata bilele ya mbote na zulu ya zulu ya zulu ya zulu ya zulu ya kibaka,A woman in a bikini is seen in the middle of a street in a city in the middle of a sandstorm.
1874617189_e85d3f4326.jpg,Bana tatu me vanda na lweka ya nzadi-mungwa mpi me tala ntoto.,Beach
2046222127_a6f300e202.jpg,Muntu mosi ya me lwata velo ya mpembe ya nene ke nata kitini mosi ya nti,Man carrying a wooden board
2050067751_22d2763fd2.jpg,Mwana mosi ya fyoti na kanzu ya mbwaki mpi ya mpembe ke tala na masa ya masa,Curious
2052953131_30834196fb.jpg,Muntu mosi yina me lwata velo ya mbwaki ke tombuka na ngumba mosi ya neze.,Ski touring
2054308369_f9c6ec7815.jpg,Mwana-nkento mosi ya fyoti kepesa mbwa mosi ya ndombe beze.,Dog and child
2061927950_dafba5b8a3.jpg,Nkento mosi ti bakala mosi yina vandaka ti mwana na maboko ke vanda na zulu ya basite-site.,Family
2081141788_38fa84ce3c.jpg,Bana tatu vandaka kutina na piscine.,Swimming pool
2081615901_13092cac56.jpg,Bana-bankento zole ya me lwata bilele ya mutindu mosi ke tombuka na kibaka,twins
2086513494_dbbcb583e7.jpg,Mwana-nkento mosi ya me lwata lele ya mpembe ke baka bafoto.,Japanese woman taking a picture
2089555297_95cf001fa7.jpg,Muntu yina vandaka ti saki mpi mpu ya nene vandaka na lweka ya mbanza mosi.,Hiking
2090339522_d30d2436f9.jpg,Muntu mosi ya kele ti mpu ya ndombe kele na zulu.,Hiking
2090387793_274ab4cf7d.jpg,Mwana-bakala mosi ya toko yina lwataka bilele ya ndombe ke telama na bala-bala mosi ya neze.,"Clothing, Fashion accessory, Human face, Jacket, Man, Person."
2103361407_4ed4fc46bf.jpg,Bana tanu ke seka mpi ke seka na benki.,5 children sitting on a bench
211295363_49010ca38d.jpg,Maswa mosi ya mpembe ke tambulaka pene-pene ya mbanza mosi ya nene.,Seattle skyline
2125454445_5c5c4bf906.jpg,Mbwa mosi ya nene ya mpembe ti ya ndombe yina vandaka na nsinga mpi vandaka ti shati mpi vandaka kunata nti mosi ya nene.,Dog
2136455112_202c093ba4.jpg,Muntu mosi ya kuyela ke sadisa mwana mosi na kusala skate na zulu ya masa na kisika mosi ya mpimpa.,Ice skating
2136992638_098d62a3c5.jpg,"Bambwa zole, mosi ya ndombe mpi ya nkaka ya ndombe, vandaka kusakana.",Two dogs
2148916767_644ea6a7fa.jpg,Bambwa zole kebula na neze.,two dogs playing in the snow
215214751_e913b6ff09.jpg,Bantu zole vandaka kutambula na maswa mosi ya fioti na zulu ya nzadi-mungwa mosi ya kele ti dibungu mpi banti na nima.,Fog
2162469360_ff777edc95.jpg,Bantu zole ya kisalu ya kutunga ke sala na ludi.,Two men on a roof
2171576939_d1e72daab2.jpg,Mwana ke lwataka bilele ya mbote na ngonda ya madidi.,Snow
2176874361_2b4149010b.jpg,Bo ke nata bambisi ti bangombe na kisika yina bo me ziunga.,Cattle dog chasing a cow
2194806429_ca4c3770c1.jpg,Bankento zole yina vandaka kusala nzyetelo ke luta na kibaka mosi.,Bicycle built for two
2206403470_8c25aa3cf8.jpg,Mwana-bakala mosi ya fyoti vandaka kutala mbuta mosi kebula violone na parke.,Street musician
2210368267_0615754b48.jpg,Mwana-nkento mosi ya me lwata velo ya mpembe ke katuka na sofa.,girl jumping on couch
2218334049_e649dbdb1a.jpg,Mbwa mosi ya ndombe ke telama na nganda na mpimpa.,Dog
2240539658_dea8db6e55.jpg,Bambwa zole kebula na neze.,Dogs playing in the snow
224766705_b77996527f.jpg,Bimvuka ya banzila ya nkaka ke tambulaka na nzila mosi ya nene.,The road is very rocky and steep
2248487956_2603f55ab9.jpg,Nkento yina me lwata bilele ya mbwaki me lwata pete mpi me tala mwana-bakala mosi ya me lwata bilele ya buluu.,woman and boy
2249480913_e1695e5c28.jpg,Bambwa zole ke nwana sambu na mbisi mosi ya mbwaki yina me luta na ndambu.,Dogs playing
2268115375_69884e958d.jpg,Muntu mosi vandaka kunata bandeke ya kufwa ntangu yandi vandaka kulumuka na ngumba.,A man with a bag of birds
2271264741_aa8f73f87c.jpg,Bambwa zole ke tambula kumosi na nzila mosi ya me fuluka ti banti ya kufwa.,Dogs playing
2273105617_7c73d2d2d3.jpg,Nkento yina kele na veranda kele ti velo ya mbwaki.,man in doorway
2275253272_00f941366e.jpg,Mwana-nkento mosi ya fyoti ketambula na nzila mosi.,girl running up the stairs
2278110011_ba846e7795.jpg,Mwana-bakala mosi ya kele ti kamwa ya orange ke sala bansaka na nganda ti bapapu.,boy running through bubbles
2278766574_f71f1704a8.jpg,Bantu ke tambulaka na nzila mosi na nganda.,People walking on a trail
2278776373_fe499a93be.jpg,Muntu mosi vandaka kutambula na bala-bala mosi pene-pene ya garaje mosi.,The garage of a house in the UK.
2282522980_45cfa8e0cf.jpg,Bambwa zole kebula na neze.,Dogs playing in the snow
2286235203_af3cd8f243.jpg,Mukwe-nkento yina vandaka ti velo ya mpembe yina vandaka kutala na nsi.,Bride
2294688426_96c8614f1d.jpg,"Muntu mosi ya kele ti mandefu, ya me lwata bilele ya ndombe, ke nwa makaya.",Homeless man in a hood smoking a cigarette
2308256827_3c0a7d514d.jpg,Mwana-bakala mosi ke luta na zulu ya nti mosi ya nsinga na kielo mosi ya bansaka.,Playground
2315867011_fc5fc9fa6d.jpg,Bana-bankento zole ya fyoti ke na zulu ya kima mosi ya kubula bansaka ya kubula bansaka ya mukubu ya mukubu ya mukubu ya zenga.,two girls playing with a space hopper
2318502106_33f2e4b4fc.jpg,Muntu mosi ya me lwata bilele ya kuyobila ke sala mansoni na lweka ya nzadi-mungwa,Man juggling on the beach
2326730558_75c20e5033.jpg,Bambwa zole kebula na neze.,two dogs
2326879311_555ebef188.jpg,Muntu mosi ya me lwata shati ya mbwaki me vukana na zulu ya banzila na nganda.,Man sleeping on the street
2328106090_b7c2725501.jpg,Muntu mosi ke tambulaka na velo mosi.,Unicycle
2331510788_986809bbb4.jpg,Mbwa mosi ya ndombe kebula na neze.,Dog
2332986053_864db84971.jpg,Muntu mosi ti kaseti ya ble mpi tshirt ya orange.,Climber
2346402952_e47d0065b6.jpg,Bankento tatu ke tala na kamere mosi.,Photographer
2354792215_eef2bdc753.jpg,"Bana yina ke bulaka nkweso, mosi ke bulaka nkweso.",Soccer
2355578735_286af5b202.jpg,Mwana-bakala mosi ke tala mwa-mbisi yina yandi ke simba.,crab
2360194369_d2fd03b337.jpg,Mwana-bakala mosi ya me lwata lele ya mbwaki ke nata bambisi na masa na dibungu mpi ke tala masa.,Fishing
236474697_0c73dd5d8b.jpg,Bantu mingi ke nata malafu mpi ke songa kamera.,group of people
2394267183_735d2dc868.jpg,Mbwa ke salaka mambu yina ke kangaka muntu nzila ntangu mfumu na yo ke tambulaka na lweka.,Dog agility
2403376030_903521c371.jpg,Nkento mosi ya me lwata velo ya ndombe ti kapu ke tambula ti mbwa mosi ya nene.,Dog training
2410040397_1a161a1146.jpg,Mbwa mosi ke tambula na kati ya mfinda.,Dog running in the woods
241346709_23204cc2bc.jpg,Muntu mosi ya kesalaka bansaka ya nkweso yina ketambulaka ti bale.,Running back
241347700_ef2451d256.jpg,Muntu mosi ya me lwata bilele ya mbwaki ke baka bafoto na telefone na yandi na nsaka mosi ya nkweso.,man in red shirt and hat taking a picture of a football game
2422482455_b98d9c2120.jpg,Nkento mosi ya kele ti velo ya orange ke sala nsaka ti mbwa mosi ya ndombe,Dog
2431470169_0eeba7d602.jpg,bakala mosi ya mpumpa yina vandaka na mesa ya nda mpi vandaka kutanga na nganda ya magazini,Man eating popcorn
2438085746_588dce8724.jpg,Mbwa mosi ya fioti ya ndombe mpi ya ndombe ke pumbuka na matiti sambu na kukanga mbisi mosi ya bo ke bingaka frisbee,Dog playing with a frisbee
2439813616_c9ac54cc9f.jpg,Muntu mosi ya ke salaka skate na zulu ya velo ya mbwaki ke salaka mambu ya mbi na nzila ya rame ya betoni.,Skateboarder performing a 360 flip on a grind rail
2450453051_f1d4a78ab4.jpg,mbwa mosi ya ndombe ya ndombe yina ke kanga bambisi ya frizi yina muntu mosi ya me lwata tshirt ya mpembe me losa,Disc dog
2460823604_7f6f786b1c.jpg,Mwana-bakala mosi ya fyoti yina vandaka kusala baseball vandaka kubaka lopitalo na ntoto.,Baseball
2467856402_0490413d38.jpg,Mwana-nkento mosi ya fioti ti nsuki ya mpembe mpi tshirt ya bulu ke bulaka makelele na nganda ti muntu mosi.,girl blowing bubbles
2469351714_d72becd21e.jpg,Mwana-nkento mosi ya leke ke pumbuka na zelo na lweka ya nzadi-mungwa,Beach
2474092890_6c0781a8ed.jpg,muntu mosi yina kele ti foto ya luse na ntwala ya luse na yandi mosi ya kele na zulu ya benki.,person sitting on a bench
2479180530_7ebba2d8bf.jpg,Mbwa mosi ya ndombe ke tambula na zelo ti nti.,Dog
2479652566_8f9fac8af5.jpg,Mwana-nkento mosi ya nkento yina vandaka ti manɛti ya mbwaki ya ntangu vandaka pene-pene ya dibungu mosi ya masa mpi vandaka kusimba musapi ya masa.,girl playing with water in kitchen sink
2488795251_c108c77b13.jpg,Bankento tatu ya Afrika ti Amerika vandaka kuseka na ntwala ya kamera.,Girls in the Medina
2514612680_b0d2d77099.jpg,"Muntu mosi ke tanga kibaka mpi ke yula nde: "" Nge kele na wapi? """,Where are you?
251958970_fa6b423f23.jpg,Muntu mosi telamaka pene-pene ya kibuka ya bantu mpi yandi vandaka ti kidimbu ya kumonisa nde yandi ke sala ve mambu yina bo tubaka.,The man who sold the world
2522230304_1581d52961.jpg,Muntu mosi ke tombukaka na ditadi.,Climbing
2525232298_cf42d415ab.jpg,Muntu mosi ke tombukaka na ditadi.,Rock climbing
252802010_3d47bee500.jpg,bambwa zole kebula,Two dogs playing
2532294586_4cd76a837d.jpg,Mwana-nkento mosi ya me lwata bilele ya rosé ke nata mpunda mpi ke seka.,Baby girl on a swing
2561295656_4f21fba209.jpg,Muntu mosi ya ke tambulaka na masa yina ke lwataka manɛti.,Swimming
2568417021_afa68423e5.jpg,Mwana-bakala mosi ke nata basket-ball na ntwala ya nzo mosi ya mpembe.,A boy holding a basketball
2577972703_a22c5f2a87.jpg,Mwana-nkento yina kele ti velo ya mbwaki ke telama pene-pene ya velo mosi ya tatu yina ke monana bonso nde yandi ke dila.,girl
2594459477_8ca0121a9a.jpg,Mwana-nkento mosi ya fyoti kele na dibulu ya masa na nganda.,girl playing in a puddle
2596514158_c516e57974.jpg,Mwana-bakala mosi ya vandaka kulwata velo ya lutaninu vandaka kutina na piscine.,Swimming
2638981862_6b23833f37.jpg,Bana-babakala zole ya fioti yina lwataka bamvindu ya kitoko vandaka na ntoto mosi ya mpembe ya mbwaki.,boys
2644430445_47c985a2ee.jpg,Nkento mosi vandaka kubaka bafoto na telefone na yandi.,Girl with sunglasses
2644916196_16f91dae54.jpg,Mwana-bakala mosi ya fyoti kenwaka miliki mpi kekumaka ti miliki na ilungi mpi na mesa na yandi.,Baby boy with ice cream
2650485780_29d89268d7.jpg,kimvuka ya bana ya fyoti yina vandaka kuyimba mpi kubula bisadilu ya miziki.,A group of children playing instruments
2652155912_8ba5426790.jpg,"Na kisika mosi ya bo ke sadilaka mazuti, bo basisaka kamio mosi ya mbwaki.",Car explosion
2657484284_daa07a3a1b.jpg,"Bantu zole vandaka kutambula na nzadi mosi, mpi na nima bo vandaka kutula kibaka mosi ya makulu.",Canoeists on the Saint-Maurice River
2658360285_a0ec74ef48.jpg,Bana ya nkaka yina vandaka na nganda ya nzo vandaka ti mwana-bakala mosi yina vandaka kutina na matiti.,Baseball
2661437618_ca7a15f3cb.jpg,Mbwa mosi ya fioti ke landa nkweso.,Dog
2662890367_382eaf83bd.jpg,Muntu mosi ya vandaka kulala na ntoto na kati ya matiti yina banti vandaka kuzingaka.,A man sleeping on the grass in a park.
2674784195_704f6b79d0.jpg,bana-babakala zole kebula na masa ya mvindu,Boys playing in mud
2685752892_9d5cd7f274.jpg,Muntu yina vandaka na velo na yandi salaka kitembo pene-pene ya nto mosi ya masa.,Bicycle
2688902319_52ceaf4a2a.jpg,Munkwa mosi ya mununu ya me lwata bilele ya orange ti tatu na ntulu na yandi yina vandaka na bala-bala ya mbanza.,Monk
269986132_91b71e8aaa.jpg,Beto ke sala nsaka ya nkweso ti bimvuka ya bantu ya mbwaki ti ya ndombe.,Soccer
2701487024_e866eb4550.jpg,Mwana-bakala mosi ya leke ke simba mbwaki na yandi na masa ya nzadi-mungwa ya fioti.,boy on a boogie board
2704257993_d485058a5f.jpg,Bana tatu ke sala panzi na bala-bala ya kusala panzi na zulu ya bapala-pala.,Roller skating
2709275718_73fcf08c23.jpg,Muntu mosi ya kele ti mohawk ke seka na kamera.,man with mohawk
2710698257_2e4ca8dd44.jpg,Muntu mosi ya vandaka na zulu ya matadi ya ngolo pene-pene ya nzadi-mungwa.,Man standing on a rock with arms outstretched
2716903793_fb7a3d8ba6.jpg,Bana-babakala zole vandaka na kiese ya kukusa kamio.,two boys pulling a cart
2718024196_3ff660416a.jpg,Mwana-bakala mosi ya fyoti kebula na piscine ya bana na kibansala ya nima.,boy jumping over a water sprinkler
2730994020_64ac1d18be.jpg,Mbwa mosi ya ndombe ti ya ndombe ke tambula na matiti.,Dog
2741380826_cfe0ddf0a9.jpg,Mbwa mosi ya fioti me luta na zulu ya kima mosi ya mukwa-nti ya ndombe.,Dog
2753531542_ace2c870b7.jpg,Toko mosi ya vandaka kulwata bilele ya mbwaki ya kuyobila lutaka na zulu ya ditadi mosi ya nene mpi kotaka na masa.,Rock climbing
2764732789_1392e962d0.jpg,Mbwa mosi ke tambula na kilanga mosi ya matiti ya ndombe.,Basset hound
2766926202_4201bf2bf9.jpg,Bana zole ke sala tiya na masa ya fioti,Fireworks
2780031669_a0345cfc26.jpg,Bana zole vandaka kukusa na kati ya neze.,Snow
2792409624_2731b1072c.jpg,Mbwa mosi ya ndombe ti ya ndombe ke tambula na matiti.,Border collie
2819254573_9ecb5f4d5e.jpg,Mwana mosi ke dila ntangu yandi ke kwenda na bala-bala ya nda.,boy on a roller coaster
2823575468_15f6c345fc.jpg,Mwana-bakala mosi me lwata bilele ya kuyobila mpi me baka manɛti mpi ke tambula,Boy running
2831215155_07ba8f1805.jpg,Nkento mosi ke telama na kilanga pene-pene ya kamio mpi ke tala na kinokolo.,A woman taking a photo of a car in a field
2839932205_3c9c27cd99.jpg,Muntu mosi ke tombukaka na ditadi.,Climbing
2847615962_c330bded6e.jpg,Mbwa mosi ya kele ti bidimbu ya mbi ke luta na zulu ya lupangu mosi yina bo me tula na veranda.,Dog
2851198725_37b6027625.jpg,Muntu mosi ke sala kayak na masa ya ngolo.,Whitewater kayaking
285306009_f6ddabe687.jpg,Muntu mosi me vanda na benki mpi ke tanga zulunalu.,Man reading newspaper in a park
2857473929_4f52662c30.jpg,Bantu zole ya me lwata bilele me telama na banzila yina kele ti banti pene-pene ya nzo mosi.,Two men in period costume
2869765795_21a398cb24.jpg,Mbwa mosi ya nene ya ndombe ke tambula na masa ya fioti.,Dog
2872806249_00bea3c4e7.jpg,Nkento mosi ya me lwata bilele ya mbwaki me telama na kielo.,man in red overalls
2884400562_e0851014fc.jpg,Muntu mosi ya me lwata bima mingi ya ntalu mpi bilele ya punk rock me tula na kibaka mosi ya matadi.,Photo by: David Shankbone
2886837407_a4510ab1ef.jpg,Bana zole me kangama mpi me seka.,siblings
2888386138_578d21033a.jpg,leke mosi ya bakala ya mpembe yina vandaka kuseka na ntwala ya bantu yina vandaka na basiteli,boy
2890113532_ab2003d74e.jpg,Bambwa zole ke tambula na kilanga mosi.,Dogs
2892413015_5ecd9d972a.jpg,Mwana-nkento mosi ya mpembe ke tombuka na ngumba.,girl running down a hill
2893515010_4a3d9dcc67.jpg,Muntu mosi ya kesalaka bansaka ya nkweso yina kele ti bilele ya orange ke na kusosa kutina ti mbwaki yina kebasisa yo na maboko ya muntu yina kebasisa yo,Football player running with the ball
2899089320_3e7f6bbaca.jpg,Mwana-nkento mosi ke vanda na nzo ya kusala bansaka ya nzo-nkanda na zulu ya nti mosi ya ndombe.,girl on monkey bars
2901880865_3fd7b66a45.jpg,Muntu ya ke salaka surfe ke salaka kitembo.,Surfer
2906054175_e33af79522.jpg,Muntu mosi ya kukonda shati yina vandaka na zulu ya mpungi yina bantu vandaka kukanga na zulu.,Crowd surfing
2914331767_8574e7703d.jpg,muntu mosi ya me lwata uniforme ya mbwaki yina ke pumbuka na kibansala ya bansaka,Soccer player
2915538325_59e11276dd.jpg,Bantu mingi vandaka kutala mambu yina salamaka ntangu bantu vandaka kutekita.,Fire
2920305300_a5b1b2329a.jpg,Muntu mosi ya me lwata bilele ya ndombe ti ya ndombe kele na velo.,Mountain biker
2925577165_b83d31a7f6.jpg,Minivan ke tambulaka na balabala ya nene na mpimpa mpi ke losilaka bantu masa.,Car driving through a flooded street at night
2928152792_b16c73434a.jpg,Mwana-bakala mosi ya me lwata uniforme ya football ya ndombe me kangama na zulu ya kamio mosi ya ferme.,boy playing on a tractor
2930616480_7fd45ca79b.jpg,Nkento mosi ti kitambala ya mpembe ya ndombe na nsuki na yandi mpi yina vandaka ti kaseti ya kukebisa,"Woman with a party hat and a yellow sash that says ""Queen"""
2934573544_7ffe92a2c9.jpg,Mbwa mosi ya ndombe ke tambula na matiti,Doberman
2936590102_25036069a6.jpg,Nkaka mosi ya nda ti kanzu ya mbwaki mpi munoko ya ndombe yina ke baka ntinu.,Greyhound
294549892_babb130543.jpg,Bantu tatu ke tala bangumba.,Hiking
2950393735_9969c4ec59.jpg,Muntu mosi ya mununu yina vandaka ti kibaka ya matadi na nima.,old woman
2968885599_0672a5f016.jpg,Basoda ti bambwa ya nzo-nkanda kwendaka na kimvuka ya nkaka ya bambwa ya nzo-nkanda ti muntu mosi ya kukonda mindondo.,dog sledding
2977379863_2e8d7a104e.jpg,Mwana-nkento mosi ya me lwata lele ti bana ya nkaka yina me lwata bilele,Halloween
2978236380_fb24c43f1e.jpg,Muntu mosi ya ke bula gitare ke yimba na mikro.,Man singing into a microphone
2982881046_45765ced2c.jpg,Muntu mosi ke pumbuka na velo na zulu ya rambu,Bicycle
2986716822_e220754d32.jpg,Mbwa mosi ke simba nti mosi ya nene na munoko na yandi.,Dog
3035949542_cb249790f5.jpg,Bantu zole ya kesalaka bansaka ya nkweso ke na kusosa mbwaki na kati ya matiti.,Soccer
303607405_f36edf16c6.jpg,Mbwa mosi ya masa ya masa yina ke nikana na masa.,English bulldog
304408047_98bab3ea64.jpg,"Bambwa zole ya ndombe na kilanga mosi ya matiti, mosi ke pumbuka sambu na kubaka lopitalo.",Dogs playing
3050606344_af711c726c.jpg,Muntu mosi vandaka kusala kayak na masa ya ngolo.,Whitewater kayaking
3073579130_7c95d16a7f.jpg,Muntu mosi ya ke vandaka ti nsuki ya mbwaki mpi ya mpembe ya ke lwata na ntu ya bantu ya Palestine.,A man wearing a keffiyeh
3079917032_3cfacb2fd7.jpg,Nkento mosi ya me lwata velo ya mbwaki me luta bankento zole ya fioti yina ke solula.,People
3082196097_2d15455b00.jpg,Muyimbi-bankunga mpi kitariste mosi yina vandaka kusala nkinsi.,The band performing in 2005
3088322308_b0c940b3a3.jpg,Bantu iya ke tambula na lweka ya masa.,Family on the beach
3090593241_93a975fe2b.jpg,Bantu mingi me vanda na lweka ya stade mosi.,Crowd
3094064787_aed1666fc9.jpg,Bana ya bambwa zole ke tambula na matiti.,Australian Shepherd
3103264875_2a8d534abc.jpg,Mbwa mosi ke tambula na matiti ti ludimi na yandi.,Dog
3104400277_1524e4f758.jpg,Bantu yina ke salaka ba moto ya kubebisa bima ke landa nzila.,motocross
3108197858_441ff38565.jpg,Bana ya nkaka ke tedimisa maboko na zulu.,children
3110649716_c17e14670e.jpg,Muntu mosi ke sadisaka muntu ya nkaka na kukangisa yandi kaseti ya mbwaki na diboko.,A man is giving a red ribbon to another man.
3117562746_62f57a02b5.jpg,Bambwa zole yina vandaka ti makopa ya mbwaki na munoko na bo vandaka kutina na kati ya neze.,Two dogs playing in the snow
3118425885_f0cc035032.jpg,Nkento mosi vandaka kudia mbisi mosi ya nene na restora.,Food
3118505332_b0792489b5.jpg,bakala ti nkento mosi ke sala pozisio sambu na kubaka foto,couple
3119913014_688d4997d7.jpg,Muntu mosi ya kukonda bilele yina vandaka kulwata velo ke tambula na estrade ti maboko na zulu.,Professional wrestler
3120266797_47e7d91614.jpg,Bantu ti banti ya fioti ke vandaka na zulu ya zulu ya nzadi-mungwa.,Silhouettes of people in a field
3121482932_f77ca12c01.jpg,Muntu mosi ke tambulaka na velo ya bibende iya na zulu.,Quad bike
3122497129_d08f5729b8.jpg,Bambwa zole na neze kebula ti kima mosi ya mbwaki.,Dogs playing in the snow
3126773489_7ae425af17.jpg,Bantu zole vandaka kubula basket-ball.,Basketball
3127629248_a955b5763b.jpg,Muntu yina ke lwata basket-ball na bilele ya mpembe ke baka ntinu sambu na kubaka ntendula mosi na ntwala ya ekipi ya orange.,Basketball player
3134586018_ae03ba20a0.jpg,Muntu mosi ya me lwata bilele ya kitoko me tula posue sambu na kubaka foto.,A couple in a subway station
3142055158_01b9e4caa4.jpg,Muntu yina ke salaka rugby ke bakaka bale mpi ke sosaka kutina muntu yina ke salaka yo.,Rugby player
3148193539_de9dd48fc8.jpg,Bana-babakala tatu yina vandaka kulwata bilele ya ndombe vandaka kutombuka na zulu ya disque.,Boys on a slide
314904143_5a216a192b.jpg,Nkento mosi vandaka kutombuka na matadi.,Climbing
3151365121_e2a685a666.jpg,Mbwa mosi ke tambula na lweka ya nzadi-mungwa.,Dog
3152317129_177b4678b7.jpg,Mwana mosi ya bakala yina vandaka ti velo ya lutaninu na piscine.,Swimming
3154886184_ac842655b6.jpg,leke mosi ya bakala ke sala bisadilu na zulu ya skateboard,Skateboarder doing a flip
3155390408_8e1a81efb2.jpg,Mbwa ke bakaka bola na munoko na yandi.,Dog catching a ball
3155400369_69e3d6d70f.jpg,Bantu yina vandaka kutambula na matiti na bilele ya mbwaki ti bampungi,Drummers in a marching band
3159447439_c1496cbaea.jpg,Bana ya bambwa zole ke tambula na matiti.,Dogs playing
3159995270_17334ccb5b.jpg,Nkento mosi ke sala ski,Skiing
3164415865_612f9fd8bc.jpg,Bana tanu vandaka kutambula na nzila mosi ya nene ya neze.,Snow
3168841415_c0705a327a.jpg,Mwana mosi ke sosa kukanga muntu mosi ya ke bingaka Frisbee.,Frisbee
3169591322_d0b6d0cd04.jpg,Muntu mosi ya ke salaka skate ke vandaka na zulu ya zulu na ntwala ya banzo ya fioti ya matadi.,Skateboarder doing a trick
3173157541_70b16b4318.jpg,Muntu mosi ya kele ti mpu ya mpembe kele na nima ya nkento mosi yina kele ti shal ya mbwaki na ntu.,A man and a woman
3176072448_b84c99cf7f.jpg,"Bankento zole, leke ke tala na nsi, ya mbuta ke nwa malafu.",two women
3182161610_4d349b257f.jpg,Bana zole ke salaka kumosi bansaka.,two babies playing
3190677999_60bbd330fd.jpg,Bo me songa bana tatu na neze.,Snow
3197791645_601908f26b.jpg,Mwana-nkento mosi ke losa masa na kitunga mosi ya masa na mwana-nkento ya nkaka na piscine.,Water fight
3197891333_b1b0fd1702.jpg,Dibuta mosi ke tula foto na ntwala ya tiya mpi ya nti ya Noël.,Family
3199895624_4f01798c6f.jpg,Bankwelani yina vandaka na ntwala ya ordinatere.,A couple watching a movie
3209620285_edfc479392.jpg,Bantu zole vandaka kutekita banti ya tiya ntangu bo vandaka na ntoto ya zelo na zelo.,Fire performers on the beach
3211199368_ca78387f72.jpg,Mbwa mosi ya me lwata bilele ya jeans ti tshirt me telama na kielo.,Dog in jeans
3212456649_40a3052682.jpg,Mbwa mosi ya ndombe ke pumbuka na kati ya neze na kilanga.,Dog
3220200084_3ea129336e.jpg,Nkento mosi ke nata mwana mosi ya kulala na nima na yandi.,Mother and child
3224560800_8fefd52510.jpg,Muntu mosi ke taka miziki na mpimpa ti kima mosi ya ke pela tiya.,Fire performer
3231596071_f0c522a639.jpg,"Muntu mosi ya mandefu ke lalaka na kiti, ti bakomputare na nima na yandi.",yawning
3234375022_1464ea7f8a.jpg,Muntu yina ke salaka snowboard ke luta na zulu ya fulu na kati ya neze.,Skiing
3235746553_a40416c00e.jpg,Mbwa mosi ke tambula na lweka ya nzadi-mungwa.,boxer
3242354561_54e5a34925.jpg,Mbwa mosi ke simba bola ya orange na kati ya neze.,Dog playing in the snow
3243020805_2bafc36c45.jpg,Mwana mosi ke nata dikonga ya nene ya mpembe ntangu bantu ya nkaka ke tala yandi.,Boy with a sword
3247052319_da8aba1983.jpg,Muntu mosi ke nata kamio na nzila mosi ya mbi ti nzila mosi ya kura na nima na yandi.,Quad biking
3253060519_55d98c208f.jpg,Nzo mosi ti bantu na nganda.,Building in the Gothic Quarter
3260214530_7179346407.jpg,Nkento mosi ti mwana-nkento mosi ya fyoti kele na zulu ya benki mosi ya mabaya pene-pene ya urse mosi ya mabaya.,Welcome
326028454_fb396167e6.jpg,Muntu mosi ya me lwata bakielo ya mpusu ya ndombe ke lala na kamio mosi ya metre.,Indian man sleeping on a train
3265162450_5b4e3c5f1b.jpg,Bambwa tatu ke tambula na kati ya neze.,Dogs running in the snow
3269895626_7b253c82ed.jpg,Muntu mosi yina vandaka na velo ya ntoto me fuluka ti ntoto ya zelo na zelo.,motocross
3281580623_8c3ba0fdb2.jpg,Bambwa zole ya kutelama mpi mbwa mosi ya ndombe yina kele na nima ke solula.,Dogs playing
3286111436_891ae7dab9.jpg,Muntu mosi ya kesalaka basket-ball na Caroline ya Nordi kebula mbwaki.,Basketball player
3286193613_fc046e8016.jpg,Mbwa ya ndombe mpi ya mbwaki ke kangula munoko.,Dog
3296715418_29542dcdc2.jpg,Mbwa mosi ya mpembe ke tambula na zulu ya matiti ya nkufi.,Dog
3301744710_b51280eb56.jpg,Muntu mosi ya me lwata shati ya ble ke simba kima mosi ya ke monisa kitoko ya bantu.,The artist with his work
3303797949_339bb969ba.jpg,Mwana-bakala mosi ti basket-ball.,Basketball
3314180199_2121e80368.jpg,Mwana-bakala mosi ya leke ke kwenda na kisika yina bo ke bingaka bola ya ndombe.,Soccer
3315726723_64c9b0a945.jpg,Bantu zole ya ke nwanaka ke simbaka maboko mpi ke vukisaka ntu.,Wrestling
3317333893_9d0faa8d30.jpg,Mbwa mosi ya ndombe yina vandaka kutina na fulu ya mabaya ti neze na ntoto.,Dog
3319177177_130a72b8ae.jpg,Mwana-bakala mosi ke sala kiseku na skateboard na yandi na parke.,Skateboarder
3320356356_1497e53f80.jpg,Muntu mosi ke tombukaka na ditadi.,Bouldering in the forest
3321063116_4e5deeac83.jpg,Bambwa tatu kebula na neze.,Snow
3323661814_1e8e1ae88c.jpg,Bana-bankento ke salaka bankisi.,Ballet
3324746155_71e14f60ce.jpg,Muntu mosi ya me lwata shati ya ble ke bulaka bola ya nkweso na ntoto ya ndombe.,Soccer
3325129757_7a1979ac11.jpg,Muntu yina ke tala mutindu muntu yina ke salaka snowboard ke sala diambu mosi ya kitoko na zulu,Snowboarder in the air
3326273086_e09e845185.jpg,Mbwa mosi ya ndombe kebula na neze.,Standard poodle
3327487011_1372c425fb.jpg,Balongoki yina me lwata bilele ya kingenga ke widikila na dikebi yonso bantu yina ke sala na ntwala ya nzo-nkanda.,School children in a classroom
3330019493_fd36fbc2ea.jpg,Muntu mosi vandaka na velo na kati ya mfinda.,Mountain biker
3330680118_4e541889c1.jpg,Mwana mosi ya me lwata bilele ya buluu me vanda na zulu ya mpunda na kati ya neze.,Skiing
3337332770_5eda5cceb7.jpg,Bambwa zole kebula na neze.,Dogs playing in the snow
3339558806_b4afdc8394.jpg,Nkento mosi ke vanda na veranda na kibansala ntangu mwana-nkento mosi ke vanda na ntoto pene-pene na yandi.,A man and a woman sitting on a swing in a backyard
3339586622_a7676b30e1.jpg,Nkento mosi ya me lwata velo ya mbwaki ke tambula na velo ya mbwaki mpi ya mbwaki.,Bicycle
3342309960_c694b2cce9.jpg,Muntu mosi ya ke salaka skate ke sala diambu mosi ya mbi na nzila ya nzila.,Skateboarder
3349194268_0ee555c9a2.jpg,Bankento zole ya Azia vandaka kuseka na meso ya kamera na kati ya bilanga ya bintuntu ya ndombe.,two girls in a field of flowers
3349258288_5300c40430.jpg,Muntu mosi ya ke salaka skate ke na zulu ya zulu na nima ya kukulumuka na nganda ya nganda ya ciment.,Skateboarder doing a ollie over a curb
3351111378_b5d80783a1.jpg,Mwana-bakala mosi ya leke ti kanzu ya mbwaki ke sala surfing na zulu ya mesa ya ndombe ya surf.,Boy on a body board
3351418768_596ef7fd6f.jpg,Nkento mosi ya Afrika ti bana na yandi zole kele na nsi ya ditadi mosi ya nene.,A woman and her two children in a camp
3351586010_7ffaa90ea8.jpg,Mwana-bakala mosi ya leke ke sala mansoni na parke mosi ya ke salaka na simete.,Rollerblading
3354489242_dd529ffa1f.jpg,Bantu ke salaka hockey.,Hockey
3362805914_72f60ee8cb.jpg,mwana-nkento mosi ya fyoti yina vandaka kukulumuka na nima na kilanga mosi ya matiti,Girl doing a backflip in a field
3372340429_91c4f4af30.jpg,Bambwa tatu ke tambula na kati ya neze.,Dogs playing in the snow
337647771_3b819feaba.jpg,Mbwa kele ti ntu na yandi na kati ya saki mosi ya mbwaki ti ya ndombe.,Dog with presents
3379839396_0cd84b55f1.jpg,Nkento mosi ya me lwata mpu ya mbwaki yina kele na lweka ya bima ya kubeba mpi ya me vanda na nganda ya nzo mosi,Homeless woman
3385593926_d3e9c21170.jpg,Bambwa zole kebula na neze.,Doberman
3392019836_c7aeebca1c.jpg,Bantu zole ke telama na ntwala ya velo mosi ya ke balukaka na nkinsi mosi ya nkinsi.,Wheel of fortune
3393343330_b13df4d8ec.jpg,Muntu mosi me vanda na mesa mosi ya kufuluka ti bima ya kinkonga.,A woman selling military memorabilia at a fair.
3394654132_9a8659605c.jpg,Nkento mosi ya vandaka ti mbwa mosi ya mpembe ti ya ndombe na maboko.,A woman and her dog
3396153660_f729d9f9b9.jpg,Bankento zole ya bambuta yina kele ti ba tatuo ke vukana na ntwala ya kamera.,Two women
3398746625_5199beea71.jpg,Muntu mosi ke sala kisalu ya kutula maboko na lweka ya masa.,Handstand on the beach
3403263046_3cc701a07a.jpg,Muntu mosi ya nkento yina ke salaka basket-ball na bilele ya mbwaki ke simba basket-ball mpi ke tala na zulu ntangu diboko mosi ke sosa kukanga yandi nzila.,Basketball
3404552106_f516df0f5b.jpg,kimvuka ya bankento ya Azia yina me lwata bilele ya mbwaki mpi ya ndombe yina ke sala mambu na ndonga,Thai girls in traditional dress
3404978479_8a81843e17.jpg,Mwana-nkento mosi ya mpembe na kibansala ya nzo ya nzo ya bantu yonso ke vanda na zulu ya kima mosi ya bo ke tulaka na zulu ya nti.,See saw
3412822878_5d961492e5.jpg,Mwana-bakala mosi ke lutaka na zulu ya velo na zulu ya basite ya basite ya graffiti,Skateboarder doing a 50-50 on a rail
3426933951_2302a941d8.jpg,Bana ke bulaka nkweso na ntwala ya nzo mosi ya marble ti bakielo ya nene ya banti ya nkuni ya bo me tulaka na nti ya ba-eque.,"The door of the church of San Francisco Javier in the historic center of the city of Puebla, Mexico."
3432550415_e7b77232de.jpg,Mwana-bakala mosi ya kutelama na zulu ya rulo,Skateboarder
3437147889_4cf26dd525.jpg,Bantu zole ya ke tambusa moto na nzila ya ngolo ke kwenda na lweka ya nkaka na nzila mosi ya mbi.,motocross
3440104178_6871a24e13.jpg,Mbwa mosi ya mpembe ke tambula ti bola ya ndombe na munoko na yandi.,Dog
3446347599_0ecc49a9d5.jpg,Bantu zole vandaka kutala na lweka ya dibungu pene-pene ya lweka ya masa.,Beach
3446586125_cafa0bfd67.jpg,Mbwa mosi ke tambula ti bola ya tenisi na munoko,Golden retriever
3452341579_0147d2199b.jpg,Muntu mosi yina bwaka na velo mosi ya mbi na kati-kati ya nsaka ya kubaka ntinu ya ba velo ya mbi.,Mountain bike rider crashing
3454621502_73af6742fb.jpg,Mbwa mosi ya ndombe ke nata ntinu na lweka ya nzadi-mungwa pene-pene ya dibungu.,Dog
3472364264_dbde5a8d0a.jpg,Mbwa mosi ke tambula na lweka ya nzadi-mungwa.,Dog running on the beach
3473264983_67917a931f.jpg,Bantu yankaka vandaka kusala bansaka ya bo kebingaka paintball.,Paintball
3476451861_5b9c9ce191.jpg,Muntu mosi ke tambusa velo na nti.,Bicycle
3480052428_c034b98a08.jpg,Basoda zole ke kota na tenta ti babakala ti bankento yina ke tala bo.,People in a refugee camp
3487378989_c051d2715b.jpg,Muntu mosi ke sala mambu ya mbi na velo,Bicycle
3487979741_5f244c0c4b.jpg,Muntu mosi ya me lwata shati ya mbwaki ke tambusa velo na nganda ya bwala.,Bmx rider
3490186050_4cb4193d4d.jpg,Mwana-bakala mosi ya fyoti kezola kubaka bola ya ndombe ya nkweso.,Soccer
3491013009_572cf2c18a.jpg,Mwana-nkento mosi ya me lwata shati ya mpimpa me tula bandambu na nsi ya meso na yandi ntangu mwana-nkento ya nkaka ke telama na ntwala.,Girl with face painted
3500342526_393c739e2f.jpg,Poudle mosi ya ndombe ke bula ti mbwa ya nkaka na kilanga ya kuyuma.,Dog
3502993968_4ee36afb0e.jpg,Muntu mosi ya ke tambusa velo na velo ti kamwa ya mbwaki.,cyclist
3506560025_8d0f4f9ac4.jpg,Nkento mosi ke telama na kati ya kibuka mpi ke simba kamera.,woman
3516653997_98ec551a67.jpg,Muntu mosi ya me lwata bilele ke tala nkento mosi ya me lwata bilele.,Prom
3522076584_7c603d2ac5.jpg,Muntu mosi ke pumbuka na zulu na velo.,Bicycle
3525841965_7814484515.jpg,Bana-bankento zole ya bankento ke telama na nzila mpi ke seka na meso ya kamera.,Two girls
3526431764_056d2c61dc.jpg,Bantu tatu kele na nganda sambu na kubaka bafoto.,three people with cameras
3529314899_b4e533bb76.jpg,Muntu mosi ya ke lwata bilele ya mbwaki ke sosa kuyala kitunga ya bo ke lwata ntangu bantu zole ya ke lwata bilele ya mpembe ke sosa kubebisa yandi.,Hockey player
3547524138_4157f660b0.jpg,"Bantu ya kimvuka mosi ke salaka nsaka na bala-bala, bo ke pesaka ba balone na bantu ya nkaka",Children receiving candy
3549673305_4dfd44e04a.jpg,Bakala mosi ke pesa nkento mosi beze na nkingu na nzila mosi ya nene.,Kissing
3555573680_41c1540a86.jpg,Muntu mosi ke pumbuka na zulu ya mesa ya kukangula meso na masa.,wakeboarder
3559429170_3183c404b9.jpg,Muntu yina ke tambusa velo ke salaka kitembo ya nda.,Bicycle
3565654691_22b97d3994.jpg,Muntu mosi me telama na lweka ya ditadi mosi pene-pene ya nzadi-mungwa.,Man standing on a rock in the sea
3565655045_8eb00b7423.jpg,Muntu mosi me basika na nzadi-mungwa mpi me tombuka na ditadi,Man in wetsuit entering cave
3577235421_69e4efb8d1.jpg,Bantu zole ya ke nwanaka mpi zuzi mosi.,Professional wrestling
3578914491_36019ba703.jpg,Bambwa zole ke nwana sambu na kima mosi.,Dogs playing
3587449716_3bf1552c36.jpg,"Bankento tatu ya me lwata bilele ya kitoko ke simba bidimbu ya "" Mono ke zolaka nge "".",Carnival
3590294974_4ef98f013e.jpg,Muntu mosi ya kele ti kamio ya mpembe me pumbuka na velo na yandi ya mbwaki ya BMX.,Bicycle
3590653633_495de5f288.jpg,Bantu zole ya ke salaka ba rodeo ke sala mambu ya mbi.,Two clowns in the sand
3590654365_fd4819f48b.jpg,Bo me losa muntu mosi na zulu ya ngombe na ntangu bo ke sala nzyetelo.,Rodeo
3593220756_5c416c3ceb.jpg,Muntu yai me lwata bilele ya mpembe mpi ke tambulaka na zulu ya mesa ya surf.,Surfer
3593392955_a4125087f6.jpg,Bambwa zole ke tambula na ntoto pene-pene ya mfinda.,Two dogs playing
3595398879_13e33b8916.jpg,Mwana-bakala yina kudikotisaka na maboko ya bakala yina.,Father and son
3613005134_bb7f304da1.jpg,Muntu mosi ya ke nwanaka ke zola kunwanisa muntu ya nkaka na nganda ya nganda ya nganda.,Wrestler performing a standing dropkick on another wrestler
3613242966_a1c63a0174.jpg,Mbwa kebula na masa.,Dog
3625957413_e475943aa3.jpg,Bambwa zole ke tambula na kilanga mosi.,Two dogs running in a field
3626689571_5817f99c0e.jpg,Muntu yina kele ti shati ya mbwaki kele ti basket-ball mpi yandi kele na ntwala ya kitunga mosi ya basket-ball.,Basketball player
3631671718_d712821757.jpg,Mwana-nkento mosi ya me lwata shati ya mukubu ya mbwaki ke sala nsaka na nsaka ya baseball.,Girl playing baseball
3635911776_dbc2763f2c.jpg,Bankento tatu yina vandaka na saris vandaka kukina pene-pene ya drapo mosi ya nene.,Women dancing in front of a flag
3638318149_b60450bfbe.jpg,Muntu mosi ke sala kiseku na zulu ya skateboard.,Skateboarder
3640020134_367941f5ec.jpg,Mbwa mosi ya ndombe ke tambula na masa ya fioti na lweka ya nzadi-mungwa.,Dog running in the water
3653484549_f316590b0f.jpg,Mwana-nkento mosi ya fyoti kufwaka binkenda na yandi.,Birthday
3654869593_c8599a8e20.jpg,Bana-babakala tatu ke bulaka ti nkweso pene-pene ya lupangu mosi ya volleyball na lweka ya nzadi-mungwa.,Beach volleyball
365584746_681f33fa46.jpg,Nkento mosi ya mununu na kati ya kibuka vandaka kupusa velo ya bikata.,A woman with a walker is pushed by a young woman.
3662963630_8f097e38d4.jpg,Muntu mosi ya ke tambusa velo yina ke na zulu ya zulu me katuka na lupangu mosi ya bo me fuluka ti graffiti.,Skateboarder doing a trick on a ramp
3664928753_7b0437fedf.jpg,Muntu mosi ya kesalaka mpukumuna kesalaka mpukumuna ya nda.,High jump
3665569615_9a71c4b6e4.jpg,muntu mosi ya kesalaka baseball na bilele ya mpembe kebula baseball,Baseball player throwing a ball
3668518431_43abb169eb.jpg,Bantu ya maswa ke nwanaka.,Boat race
3672057606_cb6393dbd9.jpg,Nkento mosi yina vandaka kuvingila tre.,Metro station
3674168459_6245f4f658.jpg,Bankento zole ya kesalaka bisalu ya kinwaninu ke na kumonisa mutindu bo kebaka ntinu sambu na bantu yina kewaka yo.,Karate
3676561090_9828a9f6d0.jpg,Mbwa mosi ke nata na matiti.,Dog rolling in the grass
3679407035_708774de34.jpg,"Muntu mosi me lwata kamelo ya ndombe yina ke tuba nde, "" Bana-babakala ta sala mambu ya mbote "" mpi ke pesa maboko na kamera.",Crop top
3681651647_08eba60f89.jpg,Muntu mosi me lwata velo ya ndombe mpi mpu ya nene ti bintuntu mingi.,Man in a top hat and flowers
3683644335_b70bed1d83.jpg,Muntu mosi ke sala musaka na nsi ya masa na piscine.,Swimming
3686078365_9e655e238f.jpg,Nkento mosi ti nsuki ya mpembe mpi tatuo me telama pene-pene ya drapo mosi ya kintulumukina.,Back
3690425778_3b390b3ea5.jpg,Muntu mosi yina vandaka kutina na dibungu mpi kukulumuka na masa.,Man jumping from a diving board into a lake
369186134_5eef374112.jpg,Bambwa tatu na lweka ya fulu ya nene.,dogs
3697675767_97796334e4.jpg,Muntu mosi ya ke tambusa bavelo ke pumbuka na zulu ya ngumba mosi ya banzila ya kubaka ntinu.,motocross
3702436188_2c26192fd0.jpg,leke mosi ya bakala yina vandaka kulwata tshirt ya mpembe ti bansinga ya basapatu ya mpembe yina vandaka kutombuka na rulo,Skateboarder doing a 50-50 on a rail
3703107969_175da4b276.jpg,muntu mosi ke sala mambu ya mbi na velo mosi ya BMX,Bicycle
3709030554_02301229ea.jpg,Mwana-bakala mosi ya leke yina vandaka kulwata shati ya mbwaki vandaka kutambula na nzila mosi ya matadi.,boy running
3717309680_e5105afa6d.jpg,Bantu iya yina ke nwanaka na ba moto ke tambulaka na nzila mosi ya mbi.,motocross
3718076407_0b4588d7bc.jpg,Mbwa mosi ya mbwaki mpi ya mpembe ke sala bansaka ti kima mosi ya kubula na kilanga ya matiti ya mubisu ti ya nkeni ya ngolo.,Dog
3726170067_094cc1b7e5.jpg,Muntu mosi ya kele ti mandefu ti ba lunettes ke telama na ntwala ya kitini mosi ya kitoko ya ke monana na zulu.,man in front of a food truck
3745451546_fc8ec70cbd.jpg,Muntu mosi ke tambula na zulu ya ngumba.,Mountaineer on the summit of Mount Hood
374567836_3ae12ecffb.jpg,Mbwa mosi ya ndombe ti mbwaki ya ndombe ke vanda na kati ya neze.,Border terrier
377872472_35805fc143.jpg,Bambwa tatu kebula na neze.,Snow
379006645_b9a2886b51.jpg,Mbwa ya ndombe mpi ya mbwaki ke tambula na nzila mosi ya neze.,Dog
384465575_31294122c0.jpg,Bantu zole ya ke tambusaka ba velo ke kulumuka na ngumba mosi.,Mountain biking
399679638_d3036da331.jpg,Bambwa zole kebula na neze.,Dogs playing in the snow
405537503_f66ecc5073.jpg,Muntu yina ke tombuka na ditadi.,Climbing
417577408_eb571658c1.jpg,Mbwa mosi ke tambula na kati ya mfinda.,Dog
426920445_d07d1fd0f7.jpg,Mbwa ke tambula na matiti.,Dog
429205889_ff5a006311.jpg,Nkento mosi yina vandaka kusepela ti bima ya kitoko ya Noël.,Christmas shopping
444803340_fdcaab86f9.jpg,bakala ti nkento yina kele na nsi ya nti ke solula.,couple
451081733_40218cec31.jpg,Muntu mosi na lweka ya masa na bilele ya jeans ke tala kamelo na yandi.,Man on beach with video camera
454686980_7517fe0c2e.jpg,Muntu mosi ya me lwata bilele ya mbwaki ti ya mbwaki me luta maboko mpi me tala kamera.,A young woman with her arms crossed and a man in the background.
458735196_176e7df6b3.jpg,Mbwa mosi ya kele ti makelele ke sala bansaka ti kima mosi ya kubula na masa ya ndombe,Dog
463875230_f19e83d6df.jpg,Mwana-nkento yina kele na zulu ya kima mosi ya kuyambula.,swing
464251704_b0f0c4c87a.jpg,Mwana-nkento mosi ke tala na nsi ti nsuki na yandi ke pumbuka.,Girl on a swing
470887795_8443ce53d0.jpg,Mwana-nkento mosi ya me lwata velo ya mukubu ya mukubu ya zamba ke tala mwana-bakala mosi ke nwa malafu na dibungu mosi ya ndombe.,boy and girl
472860064_a96a228796.jpg,Mbwa mosi ke pumbuka na matiti.,Dog
476233374_e1396998ef.jpg,Bana zole ya fioti ke salaka bansaka na lweka ya masa ya matadi.,children
482088914_e6ea4501e9.jpg,Muntu mosi vandaka kusala kayak na masa ya ngolo.,Whitewater canoe
483136916_16976f4902.jpg,Ngombe mosi ya bakala ke telama na zelo mpi na matiti.,Beagle
489065557_0eb08889cd.jpg,Mwana-bakala mosi ya me lwata basaki ya mbwaki ke katuka na nsinga mpi ke kota na masa.,Swing over the river
489372715_ce52da796a.jpg,Mbwa mosi ya ndombe ke nikisa ntu ntangu yandi ke telama na zelo.,Dog
491964988_414b556228.jpg,Mwana-nkento mosi ya fyoti mepona na nzila mosi pene-pene ya dibungu mosi ya nda ya kitoko.,Girl jumping in a puddle
492493570_c27237a396.jpg,Mwana-nkento mosi ya me lwata bilele ya mpembe ti diboko ya kitata na zulu ya zulu na nima ya mbasi na lweka ya masa.,Girl chasing a seagull on the beach
498444334_a680d318a1.jpg,Baleke tanu vandaka kusala mambu na zulu ya basite ya etaze.,A group of men in their 20s
498794783_cc2ac62b47.jpg,Bana-bankento zole ya me lwata bilele ya kitoko ke bulaka mabungu.,girl blowing bubbles
500678178_26ce0f4417.jpg,Mwana mosi ke sala bansaka mpi ke bumbanaka na nsi ya matiti.,girl in hay
504904434_889f426c6e.jpg,Mwana-bakala mosi ke nata nkweso ya fioti na nzila mosi ya kele ti banzila ya fioti.,Boy running with football
506882688_b37d549593.jpg,Bantu yina ke telamaka na masa ke basisaka masa na mbanza na kilumbu mosi ya ntangu.,Fountain
516648762_0cff84ea97.jpg,Mwana-nkento mosi ke tala kisoni mosi na musapi mpi yandi ke monana boma.,girl eating popcorn
523985664_c866af4850.jpg,"Mwana-nkento mosi ya me lwata bikini ke lwata kidimbu yina ke tuba nde "" bo me baka yandi na maboko "".",Free hugs
527288854_f26127b770.jpg,Muntu mosi yina vandaka kulwata kaseti ya mbwaki vandaka kusosa kutombuka na ditadi mosi.,Rock climbing
531261613_f1a045cd75.jpg,Bantu mingi ke tambusa bampunda na nzila mosi ya mwa-nti.,Horseback riders
542648687_adf13c406b.jpg,bambwa zole ya ndombe ti ya ndombe ke tambula na kilanga mosi ya bintuntu,Dog
55473406_1d2271c1f2.jpg,Muntu mosi na zulu ya ngumba mosi ya neze.,Mountaineer on the summit of Mount Everest
566384456_97da3c7bd6.jpg,Muntu mosi ke songa mwana mbisi.,Fishing
693785581_68bec8312a.jpg,Mwana-bakala mosi ke balula ntangu mwana-bakala ya nkaka ke telama na zulu ya Matt.,Toddler playing with a friend
697582336_601462e052.jpg,Mbwa mosi ya ndombe ti ya ndombe ke tambula na matiti.,Dog
717673249_ac998cfbe6.jpg,Bambwa zole ya mpembe ke sala bansaka na matiti.,Two dogs playing
743571049_68080e8751.jpg,Mwana-bakala mosi ke na kutambusa kima mosi ya ke pela na mupepe.,Sparklers
791338571_7f38510bf7.jpg,Kele ti kamio mosi ya mbwaki ti ngombe mosi ya ndombe yina kele na lweka na yo na kati-kati ya kilanga.,Car and cow
836828001_af98d16256.jpg,Mwana mosi ya fyoti na kati ya baignoire kefwa masa,Baby in the bath
839295615_bb9baf2f95.jpg,Mwana-bakala mosi ya mpembe ke nata kamio mosi na bala-bala yina kele ti bakamio ya ntama.,Car
857914283_270d7d1c87.jpg,Bana-babakala zole ya mbuta ke bulaka na mbeto mosi.,Two boys fighting
864290968_eccb46d5ab.jpg,Muntu mosi ya mandefo ke vanda na lweka ya venere ya bisi.,Bus driver
895502702_5170ada2ee.jpg,Mbwa mosi ke luta na kati ya kilanga sambu na kulanda bola.,Dog
95734038_2ab5783da7.jpg,Muntu mosi ke tambusa velo na nzila mosi ya matadi na lweka ya nzadi mosi ya nene.,Mountain biking
103106960_e8a41d64f8.jpg,"O diiala mukua ku bhaka o mbunda ia hoqueio, ua kexile mu zuata izuatu ia kusuka, ua kexile mu ta o mbunda ku mbunda.",Hockey
1032460886_4a598ed535.jpg,diiala ua muemana bhu pholo ia sabhalalu,The Empire State Building
1042020065_fb3d3ba5ba.jpg,"O munzangala uala ni kamukanda ka zele, ua mu tala o jibaluku javulu.",The annual Bay to Breakers race
106490881_5a2dd9b7bd.jpg,O munzangala ua mu tonoka ku mbandu ia kalunga.,boy
1072153132_53d2bb1b60.jpg,Mbua ia kexile mu zonda phala ku kuata bola ia tenese mu kikolo kia iangu.,Dog catching a ball
1117972841_2b9261f95f.jpg,Mbua ia mutundu ua kaphemba ia mu tonoka mu museke.,Dog
1148238960_f8cacec2fc.jpg,O athu akexile mu kuendela mu bixi akexile mu kingila bhu kididi bhua kexile mu bhita o makalu.,Bicyclists in the evening light
118309463_a532b75be9.jpg,O minzangala a zuata o izuatu imoxi.,young fan
1215334959_b1970965f7.jpg,O muiji ua xikama ku kialu kia ku jokala mu mbanza ia Lusaka.,A family of four sitting on a wall with a beach in the background.
1227655020_b11a1bb112.jpg,Mbua jiiadi ja mu tonoka mu iangu.,2 dogs playing
1235580648_7eebaed9bc.jpg,O maiala a kuata o ji phoko a bhanga mbandu phala ku katula foto.,Two men wearing hats
1235681222_819231767a.jpg,O athu a xikama ku ji phutu.,Bench
123997871_6a9ca987b1.jpg,"Saí ahatu a mu jokala lacrosse, a mu sota bola.",Lacrosse
1248940539_46d33ed487.jpg,An'a kitatu a mu tonoka mu museke,children playing on the beach
1255504166_f2437febcb.jpg,O munzangala ua mu tonoka mu menha ni milundu ku dima.,Swimming
1332815795_8eea44375e.jpg,"kilumba kia muvimba ua zuata izuatu ia zele, ua kexile mu di bhongolola mu kitetu kia mona",Baby on a swing
1351315701_6580b51c41.jpg,"O mbua ia xikatela ni mbua ia zele, a mu lenga mu kikangalakata.",Dogs running
1358892595_7a37c45788.jpg,O dikalu di lenga kioso kia kuata kima mu kanu.,Dog
1361420539_e9599c60ae.jpg,O dikalu dia xikatela dia mu lenga mu iangu.,Standard poodle
136639119_6040b00946.jpg,O muthu u banda o matadi.,Rock climbing
1377668044_36398401dd.jpg,O dikalu di kuata ku taka ia diiala.,Dog training
1394396709_65040d97ab.jpg,Mbua ia mu tonoka mu menha.,Dog retrieving a toy in a lake
1396064003_3fd949c9dd.jpg,Muthu ua mu takula ku meza.,Wakeboarder
1426014905_da60d72957.jpg,Saí diiala ua kexile mu tanga o Bibidia bhu mbandu ia mbalanda ia kexile mu tala o mbanza.,Man standing on a balcony
145721496_687af9bb18.jpg,Kizuelu kia dikota kia lungu ni jinjila ja mu bhita mu milundu.,Great Blue Heron
1460500597_866fa0c6f3.jpg,Saí diiala ua xikama bhu meza.,The man in the bar
1470132731_fa416b7504.jpg,Mbua ia xikatela ia mu bhita mu menha.,Dog
1479124077_17dcc0d5d7.jpg,munzangala ua kexile mu zonda mu iangu ia xidi,Boy jumping in a puddle
1482960952_95f2d419cb.jpg,"Ahatu atatu a kuka, a mu kuenda kumoxi.",three elderly women walking away
148512773_bae6901fd6.jpg,Athu kiiadi a xikama ku ditadi dia mu tala o ngiji.,Water
1489286545_8df476fa26.jpg,"Saí diiala ua xikama ku kialu kia ku jokotesa, u kuata o dikalu diê iu ua mu tala o menha.",Man and dog sitting on a bench watching the sunset
1526181215_c1a94325ae.jpg,Mbua ia mu tonoka mu menha.,Dog jumping into water
1527297882_dededc7891.jpg,diiala dia zuata kala Jack Sparrow mu filme Pirates of the Caribbean,Pirate
1563731247_7f21d8bec0.jpg,O kilumba kia mu tonoka mu iangu.,girl playing in hay
1579198375_84b18e003a.jpg,O muhatu ua kexile mu kuimba kumoxi ni kibuka kiê.,Singer
1579287915_4257c54451.jpg,Saí diiala ua kexile muimana ku ditadi dia dikota dia kexile ku mulundu ua honga.,Hiking
1597557856_30640e0b43.jpg,Mbua ia xikatela ia mu zonda ku muhatu ua kexile mu zuata izuatu ia xikatela ni mbua ia xikatela ia mu tunda.,A woman and her dog
1606988704_fe330878a3.jpg,"An' atatu a minzangala akexile mu tonoka mu jisanzala, akexile mu takula mu filme.",children playing
1650280501_29810b46e5.jpg,Athu a xikama mu ji mbonge.,audience
166654939_80ea4ddbcc.jpg,Makalu a mu lenga mu ikoka ia mavu,Dirt track racing
1683444418_815f660379.jpg,"Mu kifika, diiala ni muhatu a mu ixana J. J. J. J. J. J. J. J. J. J. J. J. J. J. J",Fountain
1732217138_aa0199ef87.jpg,Athu kiiadi ala ni ji mbinga ja ku bhanga jifesa ja ku bhanga jifesa a xikama ku kialu kia ibhaku.,Dreads
1778020185_1d44c04dae.jpg,Mbua jiiadi ja mu tonoka mu iangu.,boxer
180506881_de0f59770f.jpg,O inama ni mbandu ja athu kiiadi a kuata o ji mbombo.,Two skateboarders walking down the street
186890605_ddff5b694e.jpg,Saí diiala ua mu kuenda ni ngoji iu ua mu di takula mu ngiji.,Rope swing
1897025969_0c41688fa6.jpg,Mbua ia xikatela ni mbua ia xikatela ia mu bhânga.,Dogs playing
1904112245_549e47c8aa.jpg,Mbua mu muxitu.,Dog
1917203130_fcaff8b10e.jpg,"Saí kilumba ua zuata izuatu ia kusuka, ia xikatela ni ia zele.",girl pointing
19212715_20476497a3.jpg,Muthu uenda mu kuenda o kayak mu kalunga.,Kayaking
1931690777_897a7d8ab6.jpg,Anatu a minzangala a mu zonda mu musanza ua kuzoua.,Boys jumping into a pool
1952896009_cee8147c90.jpg,Muhatu ua kexile mu kuenda mu ikoka ni imbamba iê ni mona ku dima.,South African woman with baby in a sling
1957371533_62bc720bac.jpg,O dikalu dia zele ni dia xikatela di di jikula o menha.,Dog shaking water off
2054308369_f9c6ec7815.jpg,O kilumba u bhana nzobole ku mbua ia kulela.,Dog and child
2063277300_f7ff476914.jpg,Ana kitatu akexile mu tonoka mu xilu.,siblings
2067833088_04e84e5bf2.jpg,"O diiala dia kexile ni phutu ia muxi ua zele, ua kexile mu xikama bhu honga ia mulundu.",Hiking
2068960566_21e85ae0dc.jpg,"O munzangala ua muhatu ua fuama, uala mu kididi kia ku jokala.",Swing
2084157130_f288e492e4.jpg,Mbua jiiadi ja mu lenga mu kikangalakata.,Two dogs playing
2085078076_b9db242d21.jpg,"O kamona ka muemana bhu mbandu ia menha a talala ni kima bhu maku, o muthu ua mu kuendela bhu mbandu iê, u sukula o izuatu mu ji bola.",A boy stands by a river with a can of water
2101808682_0d66ef4a08.jpg,O munzangala a mu kondoloka ku ji holokoko.,girl with pigeons
2113530024_5bc6a90e42.jpg,"O kibuka kia mbindi kia zukama ku mbambe, o mukua mbambe u kuata o bola.",Soccer
2120383553_5825333a3f.jpg,"O kilumba kia kexile mu zuata izuatu ia muxi ua uhenge, ua kexile mu bhanga izuatu ia manhinga.",girl
2140182410_8e2a06fbda.jpg,O mona uala mu kuenda mu neve.,Snow
2140305708_591d10b54d.jpg,"Mu usuku, o kilumba ua kexile mu zuata izuatu ia xikatela ia bule.",girl in bikini
2141065212_463a6997e1.jpg,O diiala dia kexile ni ndemba ia zele ni phutu ia xikatela ia kexile ni jakandeia ja xikatela ja kexile ni majina a ji joko ja makalu.,Dale Earnhardt
214501174_6db1f4d69c.jpg,Mbua ia mu tonoka mu kaxi ka mavu.,Dog catching a ball
2164363131_6930455d45.jpg,Muthu ua kuata mbolo ni mbolo ia zele ia mu zonda mu njila.,Dog playing frisbee
2169067981_cc19268f23.jpg,"An'a kiiadi a mu bhanga ji joko ja ku lenga, umoxi ua mu kuata o kialu ku mbandu ia kiasu",Dance
2186087673_c7a73da7ce.jpg,"O kamona ka zeka ku hama ia dianga, ka kexile mu zeka ni diiala ua kukile kiá.",boy
2187720319_112d00f07d.jpg,Mbua ia xikatela ni inama ia zele ia mu zonda ku iangu ia iangu.,Dog
2191329761_3effd856c5.jpg,Jimbua ja mu lenga mu kikoka.,Greyhound racing
2208067635_39a03834ca.jpg,"O kilumba u banda ku ditadi, o dixibulu diê ua mu tala o dixibulu diê.",Girl climbing a rock wall
2216568822_84c295c3b0.jpg,Muhatu ua zuata o kaxaxi ka kolo ua kexile ni tatu ia diiala mukua América ku dikolo diê.,Tattoo
2244551043_21b8cca866.jpg,Ahatu kiiadi ni maiala ai mu kalakala mu ditenda dia ditenda dia ku sumbisa kitadi.,Ticket booth
2252264255_03fefc25af.jpg,"An'a kiiadi a mu dia ji maçá, a mu tonoka mu dikalu dia sima",boys playing with a ball
2252299132_14ca6e584b.jpg,"O munzangala uala ni pholo ia dibu, ua mu kuenda mu kikoka.",Boy running
2261257940_449b6e6c91.jpg,"O mbua ia xikatela ni ia xikatela, ia mu kaia ku mbua ia xikatela.",dogs
226531363_33ac01d931.jpg,"O dikalu dia mu lenga mu neve, o kilombo kia mu lenga.",Dog running in snow
2266061169_dfbf8f0595.jpg,O diiala dia kexile mu zeka mu inzo ia xikatela.,Man sleeping in a boat
2271671533_7538ccd556.jpg,O diiala ua kulu uenda mu nhunga ni mulundu.,Skiers on a mountain
2272489996_95b0a62d15.jpg,Mbua jiiadi ja mu lenga mu kikangalakata.,Two dogs running
2294688426_96c8614f1d.jpg,"O diiala dia kexile ni muezu ua muvimba, ua kexile mu buakula.",Homeless man in a hood smoking a cigarette
2295447147_458cfea65a.jpg,"Mbua ia mutundu ua kaphemba ni ji phonda jiiadi ja xikatela, ia mu lenga mu kikangalakata.",Dog
229951087_4c20600c32.jpg,Saí diiala ua kexile mu kuenda mu canoe mu di sanzala dia menha.,Canoe
2307118114_c258e3a47e.jpg,Saí diiala ua kexile mu kuelela ni kizuatu kia xikatela ni kaphá ka xikatela.,Man holding a light reflector
2326879311_555ebef188.jpg,O diiala dia kexile ni kizuatu kia kusuka ua kexile mu xikama bhu kanga.,Man sleeping on the street
233361142_d9d5f0cae9.jpg,"dikalu dia xikatela ni diembu dia xikatela, dia mu tala ku dima",Dog
2337809114_899ba61330.jpg,O mesu a kilumba ni kilumba a a jika.,family
2340919359_f56787d307.jpg,Saí diiala ua kexile ku thandu dia mbua ia xikatela ni ia xikatela mu iangu.,Dog training
2341254813_c53a5ef27a.jpg,"O munzangala uala ni kizuatu kia talala, ua mu tonoka ni maku mu kaxi ka kididi kia ku jokala bola.",Bowling
2352414953_10f3cd0f1f.jpg,"O mona uala ni kizuatu kia bulu, uelela mukonda dia ima iala ku lukuaku luê.",boy
2364096157_eb7970a69a.jpg,Mbua ia mu kuenda mu musanza ua kalunga ni kima kia ku tonoka.,Dog
2367816288_7c2d11d3c5.jpg,O munzangala u kuata ku bhomba o jaludim.,Flip
2373234213_4ebe9c4ee5.jpg,Saí munzangala u zonda ni mukuá.,Boys on a trampoline
2384728877_48c85d58af.jpg,"Muhatu ni divunga dia kusuka, u bhita mu mbanza.",A girl in a red dress with a white bow on her head and a white mouse on her back
2396669903_5217a83641.jpg,"Saí diiala ua kexile ni ji pakote jiiadi ja kudia, o diiala dia uabhele o ku tala o ufusa ua kexile ku mbandu ia mbangala ia kexile ku mbandu iê.",A man walks by a pedestrian signal with a skull and crossbones on it.
2410562803_56ec09f41c.jpg,Mu inzo mua kexile mu kala minzangala itatu akexile mu bhanga ima ia iibha.,three people sitting outside a coffee shop
241109594_3cb90fe2a3.jpg,Mbua ia xikatela ni ia zele ia kexile mu zóua ni mbangala ku dikanu diê.,Dog
241345533_99c731403a.jpg,O mulongexi uivua o ji makina jê ja kuívua ni ku tala o joko.,Coach Mike Stover
241347700_ef2451d256.jpg,"O diiala dia zuata o izuatu ia kusuka, u katula jifoto mu mutelembe uê ua kafuetele mu kizuua kia joko ia futbole.",man in red shirt and hat taking a picture of a football game
2425262733_afe0718276.jpg,O diiala dia kexile mu bhanga o kibhidi kia ku tonoka.,Skateboarder
2426215757_e008a91fcb.jpg,Muthu ua kexile mu bhita mu kididi kia ku londa menha.,Water skiing
2426781076_e3f4d2685c.jpg,O munzangala ua kexile mu zonda mu dikungu.,boy on slide
2433175169_da939372f2.jpg,O diiala dia kexile ni maku a mu kuimana ku thandu a ditadi,Man standing on a rock with arms outstretched
2439154641_bbf985aa57.jpg,"O diiala dia zuata kizuatu kia xikatela, u zumbuka mu diulu ni milundu ku dima.",Man jumping
2442243868_abe8f74fb4.jpg,Mbua ia mutundu ua kaphemba ua mu kaia ku dima dia kima kia ku jokala.,Dog
244870123_dcb6e53643.jpg,Mbua jiiadi ni ditadi mu kanu,Dogs playing tug of war
2461990494_c5ece064cc.jpg,"O diiala dia kexile mu zuata saku ia ku nhunga, ua kexile mu tala ku mbandu.",man walking in a market
2465497494_43d74df57c.jpg,"O munzangala ua kexile mu zuata kizuatu kia bulu, ua kexile mu lundulula o museke mu kitutu.",boy eating a sandwich
2466171100_5e60cfcc11.jpg,Mbua jiiadi ja mu tonoka mu iangu.,Two dogs playing
2467803152_70eeca1334.jpg,"O mbua ia mutundu ua ndumba u lenga ni mbangala ku dikanu diê, o mbua ia xiketela u kaiela.",dogs
2470493181_2efbbf17bd.jpg,O minzangala kiiadi a mu tonoka ni ngoji ia mulela.,Children playing a game
2472896179_245e7d142f.jpg,O diiala u zonda ku thandu dia menha.,Kitesurfing
2480850054_de3433b54a.jpg,O munzangala ua xidi u bhita mu mavu.,Running
248994078_a9257f448b.jpg,O muthu u beta o ku lenga u kuata bola ia dikota ia bulu.,Dog playing with a ball
2497420371_74788d7ba1.jpg,Saí diiala u tala mu thenda ia kexile bhu mbandu ia makalu a ku sumbisa o kudia ni bixi.,Homeless man
2502007071_82a8c639cf.jpg,"diiala dia kexile ni ji phoko, muhatu ua kexile ni ji lumuenu ja muanha, ni mona ua kexile ni kaphelê kazele bhu pholo ia inzo ia dikota.",Mullet
2505988632_9541f15583.jpg,O kilumba ua kexile mu zonda ku ngoji.,Girl skipping
2510020918_b2ca0fb2aa.jpg,O munzangala ua mu kuenda mu njila.,boy in a tunnel
2514581496_8f4102377e.jpg,O dikalu dia zele dia mesena ku di takula ku meza.,Dog jumping to get food
2515247156_c1b759fc33.jpg,"O munzangala u bhita mu kididi kia zongo ni mesu a jika, o muhatu uala ni mauana a muanha u tala ni kuelela.",boy on slide
2524084967_a5e011b73d.jpg,O diiala u bhanga o uenji ua ku kondoloka o dikalu.,Bicycle
2525666287_638ab5e784.jpg,Athu kiiadi a mu kingila ku kialu kia ku xikama.,A soldier on a train station
2528547068_7d37479b9b.jpg,O dikalu dia kusuka dia mu tunda mu kikoka kia ku lenga.,Rally car
2531942624_c3c072064e.jpg,O munzangala u lenga mu museke.,Boy running down a sand dune
2533424347_cf2f84872b.jpg,O dikalu dia mu lenga dia mu xika mu njila kioso o athu kia mu tala.,Rally car
2541104331_a2d65cfa54.jpg,O mbua ia dikota ia ndumba ia mu bhita mu menha a xidi.,Dog
2543589122_ec3e55f434.jpg,Mbua ia mu tonoka mu menha.,Dog
2549968784_39bfbe44f9.jpg,O mona ua kexile ni lumuenu lua kuzoua.,Swimming
2556392380_ee57514233.jpg,Saí mona-ndenge ua xikama ku kialu.,Baby
2562483332_eb791a3ce5.jpg,Ana kiiadi a mu tonoka ni ji makina ja ku jokala.,Climbing frame
2565618804_8d7ed87389.jpg,O munzangala ua kexile bhu mbandu ia fixi ia menha.,Fountain
2565703445_dd6899bc0e.jpg,Saí diiala u tala ku thandu a menha.,A man walking on a pier in the early morning light.
257588281_39e1c9d929.jpg,Mbua jiiadi ja mu lenga mu menha ni mbangala.,Dogs playing in water
2581066814_179d28f306.jpg,Athu a mu kuenda ni ji bixi.,World Naked Bike Ride in London
2587106431_1cc0e719c6.jpg,An' atatu a minzangala a mu londekesa o ifikula ni maku mâ ni kuelela.,Three boys
2601008162_f00eeb5c14.jpg,O mona ua mu kuata o mutelembe ua kutokuesa.,Canon EOS 5D Mark II
2623939135_0cd02ffa5d.jpg,Muhatu ua mu tala ku diulu ni lukuaku lua muxi ua mutué.,girl dancing
262642489_f5c6b9e65b.jpg,O mbolo ia kolo ia kolo ia xidi ia mu zuma mu kididi kia ku tala o filme.,Dog
2641288004_30ce961211.jpg,"O diiala dia mu kuenda ni mbangala ia tenese, u zonda ku hama.",Dog jumping on a person
2657663775_bc98bf67ac.jpg,"O muhatu ua zuata kizuatu kia kusuka, u lenga ku mbandu ia kalunga.",girl jumping on the beach
2675397335_1dcdbd12f5.jpg,"Mbua ia xikatela, ia xikatela mu mábhia.",Greyhound
2679926555_b11cf45595.jpg,O kilumba kia mu nhunga mu iangu ni ditadi dia kusuka.,girl twirling in a purple tutu
268365231_a0acecdc45.jpg,"O diiala ni muhatu a zuata o izuatu ia xikatela, a mu kuenda ni maku.",couple
2688902319_52ceaf4a2a.jpg,"O diiala dia diiala dia kexile ni tatu ku muxima, ua kexile mu mbanza ia Jeluzaleme.",Monk
2695085632_10c4e6ea78.jpg,Saí diiala u soneka mukanda kioso kia xikama bhu mbandu ia kaxa ni bixi.,man with a bike
2695962887_a1647c567b.jpg,O dikalu dia kolo ia kolo ia kolo ia kolo ia kolo ia kolo ia kolo ia kolo ia kolo ia kolo ia kolo ia kolo ia kolo ia kolo ia kolo ia kolo ia kolo ia,Briard
2698487246_e827404cac.jpg,Athu kiiadi a mu tonoka phala ku kuata o bola.,Australian rules football
2699733386_c346c87ea6.jpg,Mbua ia xikatela ia mu bhita mu menha.,Dog
270263570_3160f360d3.jpg,Mbua jiiadi ja mbolo ja mu bhânga mu mavu a mixi.,Two dogs playing
270864951_1737ae5479.jpg,O muhatu ua zuata o phutu ia xikatela ni mbangala ia América.,woman
2715289538_d77c8d0a85.jpg,"O munzangala uala ni kizuatu kia zele, ua mu bhanga kitungutu kia dikota.",Hooping
271637337_0700f307cf.jpg,Mbua ia mu zonda ku kikoka.,Dog
2719101587_4ba70dee14.jpg,Saí diiala ua kexile mu bhanga uenji mu bixi.,Wheelie
2726262796_03bd63a155.jpg,"O kilumba uala ni izuatu ia kuzoua, ua mu jokala mu menha.",girl running in the waves
2730938963_c4ed3e2258.jpg,"An' atatu a minzangala a zuata izuatu ia zele a di kuata mu maku, a di takula mu musanza ua menha.",Swimming
2736508369_fd9ff0b42f.jpg,O mukua beisebol a mu katula mu kididi kia kaiiadi.,Baseball player sliding into second base
2739332078_13d9acce59.jpg,"O muhatu ua xikundu ni kizuatu kia xikundu, ua kexile ni kilembeketa kia xikundu ku mutué.",Girl with umbrella
2743709828_a795a75bfc.jpg,Jimbua ja mu lenga mu njila.,Greyhounds racing
2744330402_824240184c.jpg,O baluku mua kexile athu ni ima iâ.,Boat carrying people and motorcycles
2747436384_9470c56cb9.jpg,An'a kiuana a mu ku a beta ku kitembu kia mu kuíza.,Wave
2750867389_4b815f793a.jpg,Saí diiala uendela mu dikalu ni mona ua mu zeka bhu jihata jê.,"Car, Vehicle, Car window, Car window, Car window, Car window, Car window, Car window, Car window, Car window, Car window, Car window, Car window, Car window, Car window, Car window, Car window, Car window, Car window, Car window, Car window, Car window, Car window, Car window, Car window, Car window, Car window, Car window, Car window, Car window, Car window, Car window, Car window, Car window,"
2755952680_68a0a1fa42.jpg,muthu uendela mu bixi u tonoka ni bixi iê mu kaxi ka dikungu,Bicycle
2759211664_d21393b668.jpg,O munzangala ua kexile mu kuendela mu museke.,boy running on the beach
2759813381_73303113d9.jpg,O mbua ia zele ni ia phulu ia mu xita ku muxi.,Dog
2796801478_8ebd7e550b.jpg,O diiala u bhanga o kijimbuete kia kijimbuete kia kijimbuete kia kijimbuete kia kijimbuete kia kijimbuete kia kijimbuete kia kijimbuete kia kijimbuete kia kijimbuete kia kijimbuete kia,Skateboarder performing a grind on a box
2805873509_4f68afc4b4.jpg,diiala ni saku ku mulundu ua kexile bhu mbandu ia ditadi.,Hiking
2814028429_561a215259.jpg,"Mu menha muala an'a kiiadi, umoxi ua mu kuenda mu ku lenga.",Boy balancing on a log
281419391_522557ce27.jpg,O dikalu dia Red Bull di xisa dixi ku dima dia athu.,Formula 1 racecar
2815745115_c8479d560c.jpg,Muhatu ua kexile ni iama ia ku di xita.,Woman selling stuffed animals
2817230861_d27341dec0.jpg,Ahatu kiiadi a mu jokala bola ia voleibol mu museke.,Beach volleyball
281754914_bc8119a0ed.jpg,"O kamona ka kexile ni kizuatu kia kusuka, kia kexile ni mixi iavulu.",boy in tall grass
2830880811_d7f66dd2cf.jpg,O dikalu di kuata bola ia tenese mu kanu diê.,Dog playing with a tennis ball
2831578193_3c997ae330.jpg,Saí muthu u bhana kudia ku kikonda kia mixi.,Strawberry
2831723637_30d4456665.jpg,O dikalu dia mu lenga mu kaxi ka mbangala ia zele ni ia kusuka.,Dog
2844963839_ff09cdb81f.jpg,"O athu a mu jokala o felude ia azul ni laranja, a mu di bhabha.",Sports
2851198725_37b6027625.jpg,Saí diiala ua mu kuenda o kayak mu menha a kalunga.,Whitewater kayaking
2852982055_8112d0964f.jpg,Ana kiiadi ni muhatu a mu tonoka mu fixi ia menha.,Waterfall
2856699493_65edef80a1.jpg,O diiala u zuela ni muhatu uala ni saku.,couple
2858439751_daa3a30ab8.jpg,Saí diiala uendela mu bixi ia mulela mu kididi kia kondama.,Motorcycle racer
2864340145_d28b842faf.jpg,Mbua ia xikatela ia mu bhita mu menha.,Dog
2865564810_5c63328cd4.jpg,Muthu u bhanga o uenji ua ku bhilula o dikalu bhu pholo ia athu avulu.,Bicycle
2867937005_91c092b157.jpg,O kilumba ua kexile mu zuata tutu ia kusuka ua kexile mu kuimana ku mutué.,girl in pink dress
2878272032_fda05ffac7.jpg,Mbua jiiadi a mu tala ku menha.,Dogs playing in the water
2878705136_609dfbf318.jpg,"Muhatu ua zuata kizuatu kia zele ni divunga, u kala mu tala o foto ia muhatu ua xikama ku meza a ku nhoha.",young woman
2882483779_73c171ac19.jpg,"O katua ka xikatela ka mu tonoka ni dikalu, o katua ka xikatela ka mu tala.",Dog and cat
2883907436_82bf4a36b8.jpg,"Saí diiala ua kexile ni mala avulu, ua kexile bhu mbandu ia dikalu dia maloja ni dikalu mu kikoka.",Homeless man with his dog
2890113532_ab2003d74e.jpg,Mbua jiiadi ja mu lenga mu kikangalakata.,Dogs
2893515010_4a3d9dcc67.jpg,O mukua ku jokala bola ua zuata izuatu ia manhinga ua mesenene ku lenga ni bola ia mu xita.,Football player running with the ball
2903617548_d3e38d7f88.jpg,O kilumba u jokala ku jokala ia bolo bhu mbandu ia kamukanda.,A young boy playing baseball with a stick and a ball
2905948395_ca3e6b3c9a.jpg,Muthu u zumbuka ku mulundu ni bixi iê,Bicycle
2907073768_08fd7bdf60.jpg,O mukua bixi ua kexile mu tonoka kiavulu.,Bicycle
2914737181_0c8e052da8.jpg,O diiala ua kexile mu bhita mu menha a kalunga.,Kitesurfing
2934628301_41ea2e6cf9.jpg,Mbua ia xikatela ni ngoji ia kusuka ia kexile mu zuka mu menha.,Dog shaking off water
2935649082_1ca60180c6.jpg,"O diiala dia mu kuenda mu kuendela mu kalunga, u balumuka ku ulungu uê.",Windsurfing
2937461473_11bbace28c.jpg,"Kifuxi kia an'a a zuata izuatu ia zele, ni izuatu ia zele ni ji sapatu ja zele.",Children's day in Japan
2938316391_97382d14aa.jpg,"Muhatu ua zuata futebololo ia xika, ua kuata o mutelembe ua kutokuesa",Photographer
2947274789_a1a35b33c3.jpg,"diiala dia kexile ni kizuatu kia zele ni phutu ia kexile mu ta o maku mê ku meza, ua kexile mu kala ku mbandu ia diiala dia kexile ni ji felu ja tele ku",DJs
295729735_8360f2e64c.jpg,Muzangala ni muhatu a xikama mu komboio,boy and girl on the train
2964438493_413667c04a.jpg,Mbua jiiadi ja mu tonoka mu musanza ua menha.,two dogs playing in a kiddie pool
2973269132_252bfd0160.jpg,O muhatu ua hoji ua mu kaia ni jibisone ja xikatela mu kikangalakata.,Lioness chasing a wildebeest
2973638173_0dc21fd443.jpg,O diiala dia kexile mu bhanga o kibhidi kia ku tonoka.,Skateboarder
2976350388_3984e3193d.jpg,"O diiala ua mu tuka mu kaxi ka diulu, mu ku kuata o bixi.",Bicycle
2976946039_fb9147908d.jpg,Saí athu a mu kuenda mu kalunga.,Surfers on a wave at sunset
2980348138_91cc6f6d0f.jpg,O muthu u banda o matadi.,Rock climbing
2988244398_5da7012fce.jpg,Mon'a ndenge ua mu kuenda mu njila ia manzana,Toddler on a slide
299612419_b55fe32fea.jpg,Athu atatu a xikama ku matadi a mu tala o ima ia mu bhita.,Hiking
3016178284_ec50a09e8c.jpg,"O munzangala uala ni kaxaxi ka mbambi, ua mu kuenda ni bixi mu ku lenga o dikanga dia lebha.",cyclist
3016651969_746bd36e68.jpg,O athu a mu katula o ima mu ikoka ia inzo ni ku i katula ku ditala dia inzo.,"The facade of a building in Amsterdam, Netherlands"
3025549604_38b86198f5.jpg,Ana-ndenge a mu xikama ku meza a makota mu bar ia kudia.,Bar
3027399066_ca85495775.jpg,Kibuka kia jimbua ja mu lenga ni izuatu ni mizumbu.,Greyhound racing
3027850131_a7772e0ba0.jpg,"O athu a mu kuenda mu ididi iavulu, a mu kuenda mu ikoka, a mu kuenda mu ikoka.",Surfers
3029715635_43ab414dfb.jpg,Mbua ia xikatela ia mu lenga ni bola ia bulu mu kanu.,Dog
3033257301_e2c8a39b04.jpg,"Muhatu u tatu izuatu ia zele, u di kuata mu maku.",Women in traditional clothing
3035785330_2fd5e32bb1.jpg,O diiala ua mu bhânga ni mona ua mu zeka bhoxi.,man on the floor
3038941104_17ee91fc03.jpg,O diiala dia kexile mu bhanga o kialu kia ku tonoka.,Skateboarder doing a ollie over a traffic cone
3044746136_8b89da5f40.jpg,O xiku dia xikola dia kexile mu tala o milongi.,The first day of the conference
3050114829_18bc5a6d7c.jpg,O muthu ua mu kuenda mu musanza ua kalunga.,Surfer in the tube of a wave
3052104757_d1cf646935.jpg,"O kamukanda ka dikota ka di sueka ku thandu dia makalu a di muange, anga ka di takula mu kididi kieniókio.",Grave digger
3066338314_2c3fb731d1.jpg,Saí diiala ua xikama bhu meza.,man in a bar
3069037969_bb7319e0dc.jpg,O dikalu dia zele ni dia xikatela dia mu zóua ni ji bola ja tenese.,Dog swimming in a pool
3069937639_364fc11e99.jpg,O dikalu dia mu lenga mu díbhia.,Dog
307301755_48919ef1b2.jpg,O diiala dia kexile ni kaphá ka bulu ua xikama ku kialu kia ku bhanga izuatu ku taka.,A man sitting on a chair in the shade of a tree
307321761_606fc91673.jpg,"O ana-ndenge ala ni izuatu ia fuama, a mu kuimana mu ikoka ni dikalu.",School children in the countryside
307994435_592f933a6d.jpg,O diiala mukua Ásia ua kexile mu bhana o milembu iê mu ikoka.,Japanese man with a flyer
3084711346_fda0f5a3e6.jpg,O muthu u kuata o mbinga ia ku xika o mbinga kioso kia ta o xiku dia ngoji.,Firefighters with helmets and megaphone
3085667865_fa001816be.jpg,O muthu ua mu kuenda mu musanza ua kalunga.,Surfer doing a flip
3090600019_8808fe7a9d.jpg,Saí diiala ni muhatu a zuata kála jipelêzu ni xiku dia ngoji.,Halloween
309430053_cc58bcc36a.jpg,O ulungu uenda ku thandu dia muthu ua mu zóua mu menha a zele.,Swimming in the turquoise waters of the Caribbean
3095225232_2e6e6dc92e.jpg,Athu a banda ku dikalu.,Escalator
309771854_952aabe3cc.jpg,Jisandu jiiadi a mu tula ku thandu a milundu bhu pholo ia inzo.,Clergy
3098336319_a7e5b061d0.jpg,O muthu u bhanga o kibhidi kia ku tonoka mu neve uendela ku njanji ia betone.,Snowboarding
3108732084_565b423162.jpg,muthu uenda mu kuenda mu kididi kia ku tonoka,Snowboarder
311267421_e204e643cf.jpg,Mbua jiiadi ja mu lenga mu kikangalakata.,Dogs
3113322995_13781860f2.jpg,"O jimbua ja mu lenga mu neve, a mu sunga o muthu mu ku lenga.",dog sledding
3113769557_9edbb8275c.jpg,"Saí muhatu ua mu katula foto, o muhatu ua mukuá ua mu tala o foto ni lukuaku lua mu jikula.",Two women in a museum
3117336911_a729f42869.jpg,Ana kiiadi a mu di takula mu menha.,Swimming
3119076670_64b5340530.jpg,O muthu u bhanga o kibhidi kia ku tonoka mu diulu.,Snowboarder
3124549928_10904a5a83.jpg,O munzangala ua kexile mu tonoka ni neve.,boy holding snowball
3136404885_f4d8f1d15a.jpg,Athu kiiadi akexile mu bhita bhu mbandu ia dikalu.,Street art
3138746531_f6b816c126.jpg,Athu atatu a xikama bhu mbandu ia túbhia.,Fire
3139393607_f0a54ca46d.jpg,O muthu u bhanga o kibhidi kia nvula uala polondo phala ku zonda.,Snowboarder on a rail
3143159297_6f2f663ea6.jpg,"O diiala ua mu sonoka, u kuata mona-ndenge ua zuata izuatu ia kusuka ni ia kusuka.",Baby
314940358_ec1958dc1d.jpg,"O diiala dia kexile ni mauana a lumuenu ua kexile mu tala bhoxi, anga uelela.",man
3156406419_38fbd52007.jpg,O diiala dia mu bhita mu xika ua mu dibhala ku mulundu ua muzukuta.,Skiing
3164415865_612f9fd8bc.jpg,Ananu a mu kuenda mu kikoka kia neve.,Snow
3174417550_d2e6100278.jpg,Muthu ua mu kuenda mu diulu mu kialu kia ku tonoka.,Snowboarding
3187117682_986ffd6b67.jpg,"O mbua ia kolo ni ia zele, i zuma o neve ku mbânji iê.",Dog
319847657_2c40e14113.jpg,"O kilumba uala ni kizuatu kia kusuka, u kuata o ditelu.",girl in a pillow fight
3198962089_e647d1b0cd.jpg,"O muthu u bhanga o kibhidi kia ku tonoka, u xita o kibhidi kia muxi.",Snowboarder
3205336477_037d4b6bd9.jpg,"Mu ku bhita kithangana, maiala aiadi a mu bhânga.",Wrestling
3208074567_ac44aeb3f3.jpg,O munzangala ua zuata kizuatu kia kusuka a mu lundumuna ku menha.,Boy playing in water
3211289105_e0360a9c7f.jpg,O dibhanga dia mu di pelepalala ni jingana jê ja ahatu a zuata ku muxi ua kusuka.,Wedding
3218481970_1fa627b3da.jpg,O diiala dia mu jokala o beisebol ua mu tonoka ni ku kuata bola ia mu xika ku neti.,Basketball player dunking a ball
3221815947_76c95b50b7.jpg,"Kabalu ka xikatela ni mbânji ia zele, ua mu lenga mu musanza ua kalunga.",Horse
3223809913_ae15d14d9a.jpg,"O mukua ku bhanga o xika-joka u takula o mbalanda iê ku diulu, o mukua ku bhanga o xika-joka u tala.",Skateboarder performing a trick
3226796100_08c49cfa5c.jpg,Mon'a ndenge ni bola ia ku jokala,Girl playing with a toy
3227499174_07feb26337.jpg,O dibhanga ni diiala a mu kuimana mu ngeleja ia jikolo.,Wedding
3228069008_edb2961fc4.jpg,Kikuatekesu phala o tuana,puppy
3229730008_63f8ca2de2.jpg,Saí munzangala ua kexile mu kuenda mu ku tonoka ni ku tala o ima.,Skateboarder
323657582_b6b6d8f7bd.jpg,O dikalu dia zele ni dia xikatela dia kexile ni mbangala ia dikota ku thandu dia iangu ia iangu.,Dog
3242088278_43eea5d17e.jpg,O holokoko ia muimana mu menha a xidi.,Bald eagle
3249865395_dceaa59f54.jpg,Athu atanu a mu kuimana mu kikoka,People waiting for the bus
3258397351_1a70f1993d.jpg,Saí diiala uebhula o munzangala mu kiônge.,People sitting on chairs
3259002340_707ce96858.jpg,O dikalu dia xikatela ni pholo ia kusuka dia mu lenga.,Dog
3259666643_ae49524c81.jpg,"O diiala dia zuata izuatu ia zele, u zumbuka mu lukuaku lua bola ia bola, o diiala dia zuata izuatu ia bulu, u mu xita.",Basketball
3262475923_f1f77fcd9f.jpg,"Mu kididi kieniókio, mua kexile maiala aiadi akexile mu tonoka ni kudia.",Frisbee
3263497678_8bb688ca01.jpg,"Athu kiiadi a mu lenga, a mu di pelepalala phala ku lenga mu kikoka.",runners
3264464625_c711cc40c6.jpg,"O athu akexile mu di tala mu musanza ua kalunga, a mu bhanga jibuia javulu.",Swimming pool
3268407162_6274e0f74f.jpg,"O diiala dia kexile mu ta o kizuatu kia manzanada, ua kexile mu beta bola ia tenese ni xiku dia ngoji.",tennis player
3272071680_648a99f7d2.jpg,"O diiala dia kexile mu zuata ni mbangala ia xidi, ua kexile mu zuela ni ahatu.",Three people talking
3293753378_7a8ddb98b2.jpg,Saí diiala ni muhatu a mu sumbisa mu ditenda dia mimbu.,Two men in a record store
3294830188_e46bd9b93c.jpg,O ibuka ia jinjila ia mu di sueka ni kudia ku mazu mâ.,gulls
3295452057_0c987f895f.jpg,O mbua ia mutundu ua kaphemba ua mu zonda ni mbua ia mundele.,Two dogs playing
3298175192_bbef524ddc.jpg,O dikalu dia zele ni dikalu dia mu zuma o makina ia ku tala.,Dog
3308171165_20f93d2fba.jpg,O kilumba ua zuata phoko bhu mbandu ia kijimbuete kia Pizza.,Girl in a hat
3319586526_3994e9cd58.jpg,Athu akexile mu xika mu kiônge akexile mu vunda izuatu ia jikolo javulu ni ku kina.,Carnival
3320756943_9d004f9824.jpg,O athu a xikama ku ji phutu.,People playing dominoes in a park
3321334180_8f764e0e0f.jpg,"O jinjila ja zele ni mabhabha a zangula, a zumbuka ku thandu a menha.",Black-capped night heron
3323661814_1e8e1ae88c.jpg,O minzangala ia ahatu a mu bhanga o ufunu ua ku kina.,Ballet
3323952123_deb50b0629.jpg,Mbua ia xikatela ni ngoji ia kusuka ia mu lenga mu neve.,Dog
3332202255_a30c522664.jpg,"maiala aiadi a mu kuimba, kala muthu ua mu xika kitatu, o mukuá ua mu kuimba",Concert
3339263085_6db9fd0981.jpg,O dikalu dia ndumba dia mu kuenda mu menha anga uia ku mulundu.,Dog
3348811097_0e09baa26f.jpg,Muthu u zumbuka mu kialu kia ku banda.,parkour
3349194268_0ee555c9a2.jpg,O kiiadi kia ahatu akua Ásia a mu sonekena o mutelembe ua izunzumbia mu kididi kia ithulu ia kexi ni maji.,two girls in a field of flowers
3352199368_b35f25793e.jpg,Muendexi mu njila mua boba neve,Snowshoe
3357708906_fb3a54dd78.jpg,Kuene jimbua javulu ja makota.,Dogs
3358621566_12bac2e9d2.jpg,"O diiala ni muhatu a zuata kimono, a mu kingila mu diloja.",couple
3360876049_9047edeab9.jpg,O kiiadi kia athu akexile mu nhunga ni bixi.,motocross
3364797223_1f0b2f98ed.jpg,Kibuka kia minzangala ia mala ni ahatu akua Ásia a kuata ibhetu ia xikatela.,Protesters in Hong Kong
3365602213_dd3287a633.jpg,Muhatu u banda ku jihuinhi,Girl climbing on a playground structure
3372251830_baa3665928.jpg,Muhatu ua kexile ni ndemba ia ndumba ni mesu a ndumba ua kexile ni kizuatu kia zele.,Soccer fan
3373946160_1c82d54442.jpg,O dikalu dia xikatela ni di xinda di di nhunga ku iangu.,Dog
3374384485_751f719be4.jpg,Saí muthu u zumbuka ku mulundu ua mu bhita mu muxitu.,Mountain biker jumping over a wooden obstacle
3375134059_7e9eb2ef01.jpg,Mbua jiiadi ja mu tonoka mu iangu.,Greyhound and pug
3380643902_7e0670f80f.jpg,"O munzangala ua kexile mu kuenda mu kididi kia ku tonoka, ua kexile mu dibhala ni maku mu mavu.",Longboarder
3387661249_33e5ba0bc5.jpg,O dikalu dia kolo ia kolo ia kolo ia kolo ia kolo ia kolo ia kolo ia kolo ia kolo ia kolo ia kolo ia kolo ia kolo ia kolo ia kolo ia kolo ia kolo ia,Horse and dog
3392293702_ccb0599857.jpg,"Mbua ia mu tonoka mu neve, ua mu tonoka phala ku kuata kima kia ku jokala",dogs playing in the snow
3399284917_721aefe2a7.jpg,"Muhatu ua muemana, ni mona ua mu kuendela ku hama.",A woman pushes a child on a swing
3399843227_3b9d2a8dbf.jpg,O diiala u kala ni kopho u kala ni muhatu.,A man and woman at a party
3415589320_71a5bf64cf.jpg,Mbua jiiadi ja mu tonoka mu iangu.,2 dogs playing
3417037373_67f7db2dd2.jpg,"O ana-ndenge ni adiakimi a zuata izuatu ia zele, a mu kina.",Dance
3421131122_2e4bde661e.jpg,"O diiala dia mu sambela mu kaiaiaque, u ta o lukuaku luê ku thandu dia menha.",Kayaker in a surf
3425918361_3b890d9575.jpg,"O kamona ka zuata o xilu dia kusuka, uendela mu kikoka kiê.",Bicycle
3427023324_f1f6504bf4.jpg,Anumi aiadi a zuata izuatu ia bule a mu tonoka.,two girls in denim dresses
3436063693_15c8d377a2.jpg,O dikalu dia xikama ku jaludim dia xikama ni divunga dia xikatela dia ndumba dia manhinga.,Dog wearing a blue jacket
3439331800_e71e1d808f.jpg,"Mu ku bhita kithangana, o maiala a uana a mu kina kumoxi.",Dance
3448855727_f16dea7b03.jpg,Saí minzangala a mu soneka ni kidimbu kia xikatela ku dikunda dia kamba diâ.,Back
3451523035_b61d79f6a8.jpg,Mazunda a jimbua ja maiala ni ji malafu ja dibalabalale akexile mu lenga mu kikoka kia ku lenga.,Greyhound racing
3459570613_3932816d3f.jpg,An' atatu a mu tonoka mu kididi kia ku jokala.,Playground
3467510271_0f57e52768.jpg,O diiala dia kexile mu zumbuka mu kiphululu iu ua kexile mu banda mu kalunga.,Helicopter
3472270112_0a7cb7b27c.jpg,"Athu atatu akexile mu jokala beisebol; umoxi ua kexile mu lenga ku dima, o mukuá ua kexile mu lenga ku dima.",Baseball
3472540184_b0420b921a.jpg,An'a kiiadi a mu lenga mu kididi kiaiibha.,boys running
3474176841_cde2bee67c.jpg,Muthu ua kexile mu kuenda ni bixi ia mulundu.,Mountain biker
3475111806_f0d2927707.jpg,"Mu kibuka mua kexile maiala aiadi akexile mu bhanga jifoto kumoxi, kioso kia kexile mu bhanga o kiônge.",Crowd
3477715432_79d82487bb.jpg,Ahatu kiiadi ala ni ji phoko ja mala a zeka ni mala a zeka ni mala a zeka ni mala a zeka ni mala a zeka ni mala a zeka ni mala a zeka ni,Pajamas
3486135177_772628d034.jpg,O diiala dia kexile mu bhanga o kialu kia ku tonoka.,Snowboarder doing a handstand on a halfpipe
3486340101_ff01d8f3f9.jpg,O dikalu dia Subaru dia kexile mu bhita mu njila ni athu.,Rally
3497238310_2abde3965d.jpg,minzangala a mu jokala bola ia fiti,Basketball
3497255828_f27e009aac.jpg,"O kilumba ua zuata izuatu ia mazumba ni ku bhanga jifoto, u kala mu inzo ia kuendela ku ditala dia inzo.",Climbing
3498482871_4e02f31c35.jpg,O jingombe jiiadi ja mu sunga diiala mu menha a talala.,Oxen pulling a plough through mud
3502459991_fdec2da131.jpg,"O diiala dia kexile ni izuatu ia xikatela o mátui, ua kexile mu ta uta mu kididi kia kexile mu ta-mu o jifalamenda.",Shooting range
3506468593_7e41a6d9f1.jpg,O kilumba u kala mu kuendela ku muxi ua muvidi.,Crossing a stream
3516935867_78cf63c69c.jpg,"O muthu uendela ku kabalu, kioso kia zumbuka ku kikoka.",Horse jumping
3517056462_483ee5a914.jpg,O muhatu mukua ku jokala bola ia bolo u ta o bola.,Softball
3523874798_9ba2fa46e3.jpg,O kamona ka mu bhanga ji joko mu kiphululu.,Skateboarder
3524436870_7670df68e8.jpg,O dikalu dia kolo ia kolo ia kolo ia kolo ia kolo ia kolo ia kolo ia kolo ia kolo ia kolo ia kolo ia kolo ia kolo ia kolo ia kolo ia kolo ia kolo ia,Dog
3527682660_c5e9fa644a.jpg,Athu auana a diongekele bhu mbandu ia meza,Business meeting
3527715826_ea5b4e8de4.jpg,"O kilumba ua zuata kizuatu kia xikatela ni ji phonda ja kusuka, ua kexile mu jokala tenese mu kididi kia ku jokala tenese.",Tennis
3535372414_4c51c86fc4.jpg,Muhatu ua kuka ni kilumba kia kexile bhu pholo ia muxi ua dikota ua kexile ni ithulu ia jikolo.,Grandmother and granddaughter
3539817989_5353062a39.jpg,diiala dia fukama bhoxi ni jihombo javulu,man feeding cats
3543378438_47e2712486.jpg,"O diiala dia zuata izuatu ia muxi ua zele, ua mu xika o pianu, o muhatu ua mu kuimba.",A harpsichord and singer
3547313700_39368b9a2f.jpg,Mbua jiiadi ja mu tonoka mu iangu.,two dogs
3547600292_6f8aac7f2e.jpg,"Kimbutu kia xikatela ni mbambi ia kusuka, kia kexile mu dima dia iangu.",American robin
3550276904_19de3561c5.jpg,Saí muhatu ua mu xikama bhu mbandu ia kilumba kia mu zeka ni milembu.,grandmother and granddaughter
3552435734_04da83b905.jpg,Mbua ia xikatela ia mu bhita mu menha.,Dog
3556485995_9cd40269e9.jpg,A mukuá a jokala ni ji mbangala,Hurling
3561130207_d1ed166daa.jpg,Mu kiônge mua kexile mu bhita ahatu avulu.,Karaoke
3564007203_df2b8010f1.jpg,"O xiku dia ngoji ua sambela ku kabalu, a mu kondoloka ku athu.",Mounted police outside the stadium
3564907603_14ccc655f1.jpg,O minzangala a mu bhanga foto mu kiônge kia dikota.,group of teenagers
3565654691_22b97d3994.jpg,Saí diiala ua kexile bhu mbandu ia ditadi dia zukama ku kalunga.,Man standing on a rock in the sea
3579842996_3a62ec1bc7.jpg,Muhatu ua kexile mu zuata kizuatu kia kusuka ua kexile mu lenga mu kikoka.,Running
3587009091_37188fd07e.jpg,O dikalu dia mu zóua mu menha a mazulu bhua zukamene o ji mbinga jitatu.,Labrador retriever swimming with geese
3589052481_059e5e2c37.jpg,O diiala ua mu tala o foto ia foto ni lukuaku lua mu nhunga o muhatu ua mu tala dikanga.,couple
3601843201_4809e66909.jpg,"O diiala dia zuata izuatu ia kusuka ni ia zele, ua mu lenga ni dinhunhu dia 58.",Motorcycle racer
3604496023_c1f546423e.jpg,"Athu a mu bhanga o fesa mu kasuekele ni ibundu, idima ni ithulu.",A street market with people shopping for flowers and fruits
3604928725_58147c87cd.jpg,"O dikalu dia xikatela, dienda ku dima dia athu kiiadi mu baluku ia bulu.",Swimming
3608752424_01a1cfd8a6.jpg,Mbua jiiadi ja mu lenga mu menha bhua zukama ku mixi.,Dogs playing in the water
361092202_3d70144ebd.jpg,Saí diiala ua kexile mu kuenda njila ni saku ia dikota ni jipondo jiiadi bhu mbandu ia matadi a zele.,The last glacier of the world
3612485097_b706d950ed.jpg,"O diiala dia kexile mu bhita mu kididi kia kondama, ua kexile mu zuela ni diiala dia mukuá",Two men lifting each other
3618908551_7fd2de5710.jpg,"O munzangala uala ni kamukanda ka bulu, ua mu kuenda mu kididi kia ku tonoka.",Skateboarder
3619630328_2d0865b6f4.jpg,Mbua ia mu zonda ku kikoka.,Dog jumping over a hurdle
3625957413_e475943aa3.jpg,Mbua jiiadi ja mu lenga mu kikangalakata.,Two dogs running in a field
3626998066_3ae11ee278.jpg,Mbua jiiadi ja mbolo a mu lenga kumoxi.,Two chocolate labrador puppies playing
3638631362_af29bbff01.jpg,Muthu ua kexile mu ta o balaka ia kusuka.,Campsite
3640241166_b1ab7a8e7a.jpg,Muhatu ua kuata mutelembe ua kutokuesa.,student with video camera
3647826834_dc63e21bd0.jpg,Muhatu ni kitatu kia an'a a mu tonoka mu kididi kia ku jokala.,Playground
3652572138_34d6b72999.jpg,O munzangala u zangula o maku mê bhu kaxi ka athu ka mu xinganeka.,boy
3656104088_a0d1642fa9.jpg,"O jinjila ja makota ja mu tula ku thandu a menha, o jinjila ja mukuá ja mu kuíza mu tula.",Brown pelicans
3673035152_da7ed916d9.jpg,O kilumba ua zuata izuatu ia manhinga u di sueka mu kaxi ka dikungu.,Falling
3673878924_506c9d767b.jpg,Mu dixilu dia dikota mua mu kina kitatu kia ahatu.,three girls dancing
3680031186_c3c6698f9d.jpg,"O mukua ku jokala beisebol mu kibuka kia Boston Red Sox, u kala ni mbangala ia mu kingila o mbangala.",Baseball player
3681172959_6674c118d2.jpg,"O kilumba kia zuata kizuatu kia bulu, uelela, uenda mu kaxi ka athu.",Girl with a cap
3688005475_d200165cf7.jpg,Saí munzangala uala mu menha mu musanza ua kuzoua.,Swimming
3690189273_927d42ff43.jpg,Muhatu ua kexile mu lenga ni izuatu ia xikatela ni ia xikatela.,Female triathlete
3693961165_9d6c333d5b.jpg,O dikalu dia kolo ia kolo ia kolo ia kolo ia kolo ia kolo ia kolo ia kolo ia kolo ia kolo ia kolo ia kolo ia kolo ia kolo ia kolo ia kolo ia kolo ia,Dog
3694064560_467683205b.jpg,"Saí diiala ua mu zuela ni munzangala, kioso kia mu xikama.",The Tempest
3695517194_2a6b604cb2.jpg,"O diiala dia zuata futebolista u beta o bola ni mutué, o diiala dia zuata futebolista u beta o ku mu beta.",Soccer
3710353645_8fbfaa4175.jpg,"Muhatu ua zuata izuatu ia kusuka, u zumbuka mu ididi ia ku jokala.",Girl jumping
3710468717_c051d96a5f.jpg,An' a iiadi ni dikalu dia mu tonoka mu neve.,Snow
3711664623_ef87105ea7.jpg,"O muiji ua mala kiiadi ni muhatu ni diiala, a mu bhanga mbandu ku filme.",family
3712923460_1b20ebb131.jpg,Saí athu a mu lenga ni izuatu ia masoladi.,The image shows a group of soldiers running in a race.
3724487641_d2096f10e5.jpg,An' a iiadi a xikama ni izuatu ia ku di sukula a mu lenga.,boys
3726130458_07df79e969.jpg,O mukua beisebol ua kexile mu jokala mu kididi kia ku jokala.,Baseball player swinging at a pitch
373219198_149af371d9.jpg,Mbua ia mu kuimana mu kididi kia matadi.,Golden retriever
381514859_b40418d9c3.jpg,Mbua jiiadi ja zele ja mu kaia ku bola ia kusuka,West highland white terrier
382090166_be2c2c63e1.jpg,"O mbolo ia zele ni mbolo jiiadi ja xikatela, ja mu jokala mu iangu.",Standard poodles
390992388_d74daee638.jpg,Saí muthu u banda mu milundu ia muzukuta,Ski touring
396763804_3b7f1e12a8.jpg,Kuenhoko kuala tuana tuiadi tua jimbua tua mu lenga.,Dog
397286183_745abbf40d.jpg,"O diiala dia zuata izuatu ia bulu, u tala ku mutelembe ua kutokuesa.",me
412082368_371df946b3.jpg,O munzangala ua mu di pelepalala phala ku beta o bola ia baseball.,Boy playing baseball with his father
412101267_7257e6d8c0.jpg,Mbua jiiadi ja mu tonoka ni bola ia tenese mu neve.,2 dogs playing in the snow
426065353_e9a604a01f.jpg,"Mu inzo ia ku nua, mu kala minzangala itatu a mu katula jifoto ja ahatu kiiadi ni mutelembe ua kafuetele.",Bar
430173345_86388d8822.jpg,"O dikalu dia kolo diala ni njinda iavulu, di kuata o mbolo ia kusuka mu díbhia.",Dog
445655284_c29e6d7323.jpg,Mbua ia xikatela ia mu lenga mu neve bhu kaxi ka mixi.,Dog running in the snow
447111935_5af98563e3.jpg,Mbua jiiadi ja kexile mu tonoka mu iangu.,Greyhounds
455611732_d65bf3e976.jpg,"O muthu uendela mu kikangalakata, mu kididi mua moneka dixi dia tema.",Hiking
457875937_982588d918.jpg,Mbua jiiadi ja mu lenga mu jaludim,Two dogs running in the grass
461019788_bc0993dabd.jpg,Athu kiiadi a di bhabha ku thandu a mbonge.,Lake
462198798_89e2df0358.jpg,"Ku mbandu ia menha, kua mu bhita dikalu dia xikatela.",Dog on the bank of a river
469021173_aa31c07108.jpg,"O diiala dia kexile mu kuenda njila ni ji pakote ja bule, ua kexile mu kuenda mu jisanzala ja iangu.",Hiking
475778645_65b7343c47.jpg,"O munzangala uala ni kixinda, u banda ku mulundu ua matadi.",Boy climbing
479807115_3a484fb18b.jpg,O muthu u lundumuka ku mulundu ni bixi.,Enduro
481827288_a688be7913.jpg,Mbua jiiadi ja mbolo ja kexile mu tonoka mu menha,Two dogs playing in the water
485566887_57eac33bd1.jpg,Mbua jiiadi ja mu tonoka mu iangu.,Two dogs playing in a field
485921585_1974b1577a.jpg,"O diiala dia mu kuenda ni bixi ia BMX, u bhanga o kijijidiku kia ku tonoka.",Bicycle
486720042_b785e7f88c.jpg,Mbua ia mu jokala mu mbânji ia beisebol ni mbua ia mukuá.,Two dogs playing
487487795_54705c406e.jpg,Mbua jiiadi ja mu tonoka mu iangu.,Dogs playing
493109089_468e105233.jpg,"O kamona ka kexile ni divunga dia kusuka, ua kexile mu jokala mu kididi kia ku jokala.",boy on playground
496555371_3e1ee0d97d.jpg,O mbua ia xikatela a mu kaiela ku jimbua ja phulu.,Dogs playing on the beach
497122685_a51b29dc46.jpg,O kilumba ua mu tunda mu dikungu dia menha iu ua mu bokona mu dixilu dia ku di xita.,Girl jumping into a pool
500678178_26ce0f4417.jpg,O mona-ndenge ua mu tonoka ni ku di sueka bhu kaxi ka iangu.,girl in hay
501684722_0f20c4e704.jpg,"Anumi atatu a zuata kiambote, umoxi ua mu di bhana masa, o ua katatu ua mu fukama.",mother and daughters
505955292_026f1489f2.jpg,O mona uala ku thandu a kabalu.,Horseback riding
508929192_670910fdd2.jpg,O tuana a mu jokala mu jaludim.,Children playing badminton in the backyard
513116697_ad0f4dc800.jpg,O diiala dia kexile mu bhanga o kibhidi kia ku tonoka.,Snowboarder
518251319_40e031e818.jpg,Saí diiala ua kexile ni kijimbuete kia ku sota kitadi.,Homeless man with a sign
524698457_77ba13840a.jpg,Mbua ia mu zonda ku kikoka.,Dog
530454257_66d58b49ee.jpg,O kamona ka kexile mu tala o jihuinhi ja jingoji ja kexile mu londekesa o jihuinhi ja kexile mu bhanga o jihuinhi.,Duck race
530950375_eea665583f.jpg,"O diiala dia zuata izuatu ia iibha, uendela mu kikoka kia mbanza.",Chopper
531197115_2be4d5034b.jpg,Saí diiala uenda ku thandu dia kalatá ka ku bhana ngolokela ia inzo ia ku bhanga o ima ia uabha ia ku bhanga.,Beauty parlour
532131603_c82d454c8a.jpg,O dikalu dia xikatela dia mu tunda mu njila ia musanza ua kalunga.,Dog
532457586_bddfc5251d.jpg,"Saí muhatu ua xikama ku kialu kia ku fundisa, ua mu zuela ni diiala dia kambe o kizuatu.",Two men and a dog
534669139_1a4f8ab9d5.jpg,Foto ia diiala ni muhatu a zuata ji sapatu ni ji mbangala,A couple of homeless people
539801139_7258ee437f.jpg,"O kabuetele ka mu tonoka mu menha, kioso ki kua mu noka, o diiala ua mu kuelela u mu kuata ku lukuaku",Father and son playing in the rain
543102698_38e7e38bbc.jpg,"O kamona ka zuata kizuatu kia kusuka, ka mu tonoka ni mutelembe ua kutokuesa, o kilumba kia zuata izuatu ia kusuka, u tala.",Children playing with a telescope
549520317_af3d5c32eb.jpg,"O mona-ndenge ua kexile ni divunga dia kusuka ni izuatu ia xiki, ua kexile ku thandu dia ditenda dia ku lenga ni kilombo ku dima.",Toddler on a slide
556568556_bc5124dc8e.jpg,"O munzangala uala ni phonda ia kusuka, ua mu tonoka ni ku di bhuidisa.",Boy on a swing
566794440_f9ec673a2f.jpg,An'a ahatu ala ni ji phoko ja beisebol a mu kuenda mu kikoka kia beisebol,Baseball
574274795_57e0834e7d.jpg,"O dikalu di bhita mu iangu, o frizbi u bhita mu kaxi ka diulu.",Turkey in the fog
578644583_da3ff18dd1.jpg,O mona ua mu zonda mu xilu dia kuzoua.,Boy jumping into a pool
58357057_dea882479e.jpg,diiala dia kexile ku thandu dia mulundu.,Hiking
607339469_af851c4119.jpg,O ka kilumba u disa o tuana.,Girl feeding ducks
61209225_8512e1dad5.jpg,"O filme ia lungu ni ita ia bhiti ku ixi ia Alemanha, ia londekesa o masoladi a kexile mu ta o jifalamenda.",Cannon firing at a Civil War reenactment
656260720_a7db4ce48b.jpg,"Muhatu ua zuata izuatu ia kuzoua, ni kaphá ka kuzoua ni mauana.",female swimmer
689776124_07f560a920.jpg,O dikalu dia xikatela dia mu lenga mu iangu.,Dog
763577068_4b96ed768b.jpg,"O dikalu dia kexile ni kamukanda ka kusuka ku mutué, dia kexile mu bhita mu iangu.",Dog
771048251_602e5e8f45.jpg,O mona ua mu zangula o hongo ia mona.,kitten biting
799431781_65dc312afc.jpg,"An' atatu a mu xikama kumoxi, a mu bhanga pholo ni pholo.",three boys
804087017_330bcc8c56.jpg,Athu kiiadi a xikama ku kialu kia ku xikama mu mbanza.,Easy Street
820169182_f5e78d7d19.jpg,Ana kiiadi a mu tonoka ni bola ia jikolo.,Ball pit
835415474_7b7f2a9768.jpg,O mona-ndenge ua mu kuendela ku thandu dia mutué ua diiala dia kulu.,Father and son
843616798_5ab0ecb525.jpg,Mbua ia kexile mu zukama ku kilunga kia jimbudi.,Herding
848293676_98e73c52c1.jpg,O kamona ka kexile mu zuata izuatu ia kusuka ia kexile mu zonda mu dixilu dia kuzoua.,Swimming
94232465_a135df2711.jpg,"O muhatu ua mu lenga mu gelo, u sunga o kilumba mu dikalu dia kuendela mu gelo.",Ice skating
95734038_2ab5783da7.jpg,Saí diiala uendela mu bixi mu njila ia matadi mu ngiji.,Mountain biking
974924582_10bed89b8d.jpg,Saí muhatu ua mu tala mona ua mu tonoka bhu mbandu ia dixilu.,Water fight
1028205764_7e8df9a2ea.jpg,Muntu ne muana mu kayak mushipu,Kayaking
1045521051_108ebc19be.jpg,Muntu udi usomba pa buloba udia kumpala kua televizion.,Man watching television
1095580424_76f0aa8a3e.jpg,Mbua udi upua mu tuno mu njila.,Welsh Corgi
1096097967_ac305887b4.jpg,Mbua mutekete ne mutoke udi unua mâyi a mu tshimpitshimpi tshia mâyi.,Dog shaking water off
109738916_236dc456ac.jpg,Bantu badi benda benda benda benda benda benda benda benda benda benda benda benda benda benda benda benda benda benda benda benda benda benda benda benda benda benda benda benda benda benda benda benda benda benda benda benda,Snowmobiles
111497985_38e9f88856.jpg,Muntu udi ne tshingu tshia mitshipu udi uya ku mikuna.,Climbing
121800200_bef08fae5f.jpg,Kasumbu ka bantu badi benda ku makenga badi batuadija kubanda ku ditadi.,Climbers at the base of the cliff
1255504166_f2437febcb.jpg,Nsongalume kampanda udi udia mu mâyi ne mikuna ku nyuma.,Swimming
127490019_7c5c08cb11.jpg,Mukaji kampanda udi utambula ne tshingoma tshia golfe.,Golf
1316247213_1d2c726dd5.jpg,Nsongakaji wa mu tshingu tshia bule ne tshitupa tshia nsuki tshia bule udi useka.,girl laughing
1324816249_86600a6759.jpg,Mbua wa mu or udi wenda mu njila mu bimuma bia bule ne mikuna ku nyuma.,Dog running in a field
1338523142_57fce8229b.jpg,Muntu udi uya mu njila wa kuendakana mu mukuna udi ne ne nebula ne mabue.,Hiking
1348113612_5bfc5f429e.jpg,mbwa mutoke ne mutoke udi utuka mu musoko ne mabue a ténis a bungi mu musoko.,Dog swimming
1350811702_2ce7cfd0c5.jpg,Nsongalume uvua muimane pabuipi ne mâyi ne uvua upanga mutshi wende wa kuloba ne bantu bakuabu bavua pabuipi nende.,Fishing
1350948838_fdebe4ff65.jpg,Mbua mutekete ne mutoke udi ubutuka mu musulu.,Dog jumping into water
1355703632_5683a4b6fb.jpg,Nsongakaji kampanda udi wenda wenda upanga bola wa softball.,Softball
136644343_0e2b423829.jpg,Muana wa balume uvua usama ku tshimpungu tshia mataya.,boy on tire swing
1394396709_65040d97ab.jpg,Mbua udi upingana mu mâyi.,Dog retrieving a toy in a lake
1394599090_fe0ba238f0.jpg,Muntu udi usangula muana wa balume mu mâyi.,Baptism
1408958345_68eea9a4e4.jpg,nsongakaji mukese uvua ne tshisamuna tshia mâyi tshia maluba wakanyema mu musenga ku muelelu wa mâyi,girl running on the beach
1417882092_c94c251eb3.jpg,Bansonga babidi bavuabu bavualule bilamba bia mîdima bavua bateleshangana ku luseke batangila tshintu kampanda.,two men
1419286010_b59af3962a.jpg,muntu uvua ne tshitupa tshia mpala mutoke uvua wenda ujika mu buatu bua kuvuala.,man fishing from a boat
1420060020_7a6984e2ea.jpg,Muntu udi ne bilamba bia mvita udi wenza malu a mvita.,Ninja
1469000260_5d473c8283.jpg,Mbua munene wa mu tshimpuku udi musombe ku muelelu wa musokoko.,Dog
1469358746_2a879abaf3.jpg,Muntu ne mbwa wende pa mutu pa mukuna.,Hiking with a dog
1470132731_fa416b7504.jpg,Mbua mutekete udi unyema mu mâyi.,Dog
1473618073_7db56a5237.jpg,Muana wa balume uvua mu tshimpitshimpi tshia plastique tshia munya.,swing
1479124077_17dcc0d5d7.jpg,muana wa balume wa mu mâyi udi utambakana pa lumuma lua mâyi lua tshipela,Boy jumping in a puddle
1481062342_d9e34366c4.jpg,Nsongakaji mukese udi wenda unyema mu tshibandabanda tshia mabaya.,boy running down hallway
1499554025_a8ffe0e479.jpg,Tshisumbu tshia bantu bavua ne tshitupa tshimpe ne mbuji tshimpe.,Goats in a pen
1517807181_ca6588f2a0.jpg,Bana babidi badi benda mu budimi ne mpungi wa mâyi kudi tshibawu ku ndekelu ne mikuna,Children playing with a kite
1525153022_06c48dbe52.jpg,Mbua mutekete udi unyema mu mâyi.,Dog
1539166395_0cdc0accee.jpg,Muana mukese udi ne nsuki ya mikete udi mu tshiamu tshia kuendesha.,boy
155221027_b23a4331b7.jpg,Bantu babidi badi bapatuka mu tshitudilu.,Parachute
156967462_72db9b722c.jpg,Imbwa ibidi idi ilomba mu mâyi.,Dogs swimming in the river
1576185717_f841ddc3da.jpg,Nsongalume ne nsongakaji bavua basaka mukila wa cricket,Cricket
1597319381_1e80d9e39c.jpg,Mulenji wa mudimu wa tshiluilu ne tshia buluu udi utuma bola wa makasa kudi muena mudimu nende wa mudimu wa ku makasa pavuaye mu tshiluilu tshia tshishelu mut,Soccer
1597557856_30640e0b43.jpg,Mbua wa tshilamba tshia tshilamba tshia tshilamba tshia tshilamba tshia tshilamba tshia tshilamba tshia tshilamba tshia tshilamba tshia tshilamba tshia tshilamba tshia tshilamba tshia tshilamba,A woman and her dog
1650280501_29810b46e5.jpg,Bantu bavua basomba mu mikalu ya miaba ya kusomba.,audience
1688699579_2f72328c7e.jpg,Mbalu babidi badi banyema bua kukanda mutshi.,Dogs playing
1745110280_0cbff5e273.jpg,Mbua mutoke udi ne tshingu tshîpi udi muimane pabuipi ne tshikungu.,Dog
1770036088_08abe4f6e9.jpg,Bantu babidi badi mu bulalu.,grandpa and granddaughter
1800601130_1c0f248d12.jpg,Mbua mutoke udi upingana mu lupepele bua kupeta bola wa ténis mu mukana muende.,Dog catching a ball
186346360_541047336f.jpg,Nsongakaji uvua mupuwe bikini ne bikantshots uvua mufuanyikibue pa mukuna uvua mutangile dijiba.,Hiking
1865794069_6e3a1e57bb.jpg,Nsongalume uvua ne tshingu tshia bule uvua uteta bola wa ndundu mu muaba uvua lupela.,Soccer
1897025969_0c41688fa6.jpg,Mbua mutekete ne mbua mushipu badi baluangana.,Dogs playing
2045928594_92510c1c2a.jpg,Mukaji uvua muimane mu njila ne tshibuta tshia mashinyi ne tshibuta.,woman with a broken arm
2055646179_169807fed4.jpg,Muana mukese udi udia ne tshimpungu mu budimi ne muana mukuabu ne bantu babidi bakulumpe.,Family playing with water
2061354254_faa5bd294b.jpg,Muana wa balume mukese udi muntu mukulumpe umukuata ku tshisanji tshia manaya,A boy is playing on a zip line.
2068403258_2669cf9763.jpg,Bana betu badi bapita mu mâyi ku tshibanda.,Boys playing in the river
207275121_ee4dfa0bf2.jpg,Mbua munene wa mu tshimpuku udi unyema mu lupangu lua mu nyuma ludi ne bimuma.,Dog
2076865206_53918c820c.jpg,muntu udi upanga muinshi muinshi muinshi muinshi muinshi muinshi muinshi muinshi muinshi,Fly fishing
2089426086_7acc98a3a8.jpg,Nsongakaji uvua ne tshiapatu tshia kapete uvua ne diampa dia dituku dia diledibua ne mishamisha ya bungi.,Girl selling cake
2090327868_9f99e2740d.jpg,"Mukaji, muana wa balume ne muana mukese badi bimane kumpala kua tshiamu tshia ngombe.","A cow statue in the city of Salvador, Brazil."
2095478050_736c4d2d28.jpg,Muntu kampanda udi ulombola muana wende wa balume udi ulombola tshisanji tshia muaku wa misambu ne bana ba bakaji basatu badi batangila.,Concert
2113530024_5bc6a90e42.jpg,Tshisumbu tshiibidi tshia ndundu tshia ndundu tshia ndundu tshidi tshifika ku tshibuela ne muena buela udi utuma tshibuela tshia ndundu.,Soccer
2114739371_83aa8bdb0e.jpg,Mbua mutekete ne wa kabungu udi unyema pa lumuma.,Dog
2148695079_9ae6a9b1c7.jpg,Mbalu babidi balebe benda mu mvula wa kapia.,two dogs in the snow
2174206711_11cb712a8d.jpg,Bakuabu babidi ba mu Asie badi benza malu a mushinga mukole.,Cheerleading
2176147758_9a8deba576.jpg,Muntu uvua ne tshingoma tshia bukunze uvua muimane pabuipi ne dikalu ne tshinyemenu mu njila wa mu tshimenga.,Bicycle messenger
2176874361_2b4149010b.jpg,Mbua ne ngombe mu njila mu muaba udibu babanyishile.,Cattle dog chasing a cow
2181117039_c4eea8036e.jpg,Bana bavua ne bilamba bia busalayi bavua bakeba nkutshi.,School children chasing pigeons
2186139563_e60c1d4b8b.jpg,mbwa udi ulonda bola mukunze.,Dog playing with a ball
2192475933_d779bf42eb.jpg,Muana wa balume kampanda uvua ne tshingumba tshia mâyi pa mâyi a mâyi avua ne bantu ba bungi.,Boy in wetsuit on beach
2192802444_b14bb87b95.jpg,tshisumbu tshia bana bavua ne bilamba bia kusoka bavua basaka bua kusomba pa musasa uvua mu mâyi.,Children playing on a makeshift bridge
2193223202_4d908c0450.jpg,Bana betu basatu badi basaka bua kutua ndundu mu lupela.,boys playing football
219730733_6a55382dd2.jpg,Muntu udi uya ne muana mu tshianana mu tshisangilu.,Fair
2223382277_9efa58ec45.jpg,Bana babidi bakaya ku ice hockey.,Hockey
2245618207_fa486ba2b7.jpg,Muana uvua muvualu mukunze udi uputuka pa tshintu tshikole padi bakuabu baseka.,Carnival
2252264255_03fefc25af.jpg,Bana balume babidi badi badia tumuma tuvua tuenza mudimu ku tshiibi tshia mashinyi a simente,boys playing with a ball
2274992140_bb9e868bb8.jpg,Muana udi udia ne muntu udi kayi ne mubidi mu nzubu wa dîku padi muanabu mukulumpe utangila.,boy in red and white plaid shirt holding a spring and a girl in pajamas holding a dinosaur
2278766574_f71f1704a8.jpg,Bantu badi benda mu njila wa pambelu.,People walking on a trail
2303016989_0deb96c8d9.jpg,Mbua mutekete ne mutoke udi umvua tshintu tshia mukuna ne tshia bukalanga mu mukana muende.,Dog catching a frisbee
2303951441_3c8080907a.jpg,Mbua babidi ba mpala mumbidi badi basomba pa lumuma,Two dogs playing
2313822078_282dc07531.jpg,muana mukese udi usama ku tshinga tshia matempu,Tire swing
2314722788_6262c3aa40.jpg,Mbua wa bule ne wa bule udi utangila umue ne mukuabu mu budimi.,Dogs
2332540384_4cf26406a9.jpg,muntu udi wenza bikondo bia ku luseke lua mâyi,Skateboarder
2337377811_8c81b40a64.jpg,nsongakaji mukese uvua upita mu kapia.,girl in the snow
2337809114_899ba61330.jpg,Nsongakaji udi mupuwe ku mêsu kudi nsongalume ne nsongakaji.,family
2354540393_a149722680.jpg,Nsongakaji kampanda utshivua nsonga udi upita pa bulalu.,girl jumping on the bed
2363006088_b3e3aa5c0b.jpg,Nsongalume kampanda udi unyema bansusu.,Boy chasing chickens
2369248869_0266760c4a.jpg,Mbua udi unyema mu mâyi.,Dog running through water
2376694294_9a4ecc3b90.jpg,"Muanetu wa balume kampanda uvua mu tshibuela-matshi uvua ne bilamba bia ku mubidi uvua wamba ne: "" Mikunzu ibidi ya kuinshi "".",Swimming
2396025708_e4a72e2558.jpg,"Muntu udi wenda mu mâyi mu mâyi,",Windsurfer
239807547_4923efc821.jpg,Mbalu babidi badi basomba pabuipi ne mabue.,Two dogs playing
2404488732_ca1bbdacc2.jpg,Mbua mutoke udi wenda unyema pambelu.,Dog
241345721_3f3724a7fc.jpg,Babididi ba ku makasa bavua badibungangana mu tshisangilu tshia manaya.,Football
241345770_9f8aa6723c.jpg,Tshia kumpala tshia bena mu tshisekedi badi badilongolole bua kupasa mupunga wa ndundu munkatshi mua tshisangilu.,Football
2431832075_00aa1a4457.jpg,"Nsongakaji eu udi udia pa tshintu tshidi ne tshionji, tshikese, tshitshile ne tshia buluu.",Girl playing with a parachute
2432061076_0955d52854.jpg,Mbua udi unyema mu mâyi.,boxer
2444821454_22a346c996.jpg,mbwa mutekete ne mutoke udi utuka mu bimuma bua kupeta nsusu.,Dog playing with a frisbee
2450299735_62c095f40e.jpg,Nsongakaji mukese udi upita mu musulu.,girl on water slide
2451114871_8617ae2f16.jpg,Mbalu badi baya ku mashinyi a mashinyi a mbua.,Greyhounds racing
2458033289_f0616879df.jpg,Muntu uvua ne kapepe kumpala kua nzubu wa dipatula matempu.,Used tires
246041128_bedb09ed74.jpg,Mukaji mukuabu uvua musombe ku mesa wa mu kawilu uvua ne nsuki minene ya bule.,This is a picture of a woman with a big blonde wig on.
2463067409_78188c584c.jpg,Mbua munene wa nsuki mutoke udi ne bola mu mukana wende udi unyema mu lupela bua kuya kudi kamera.,Dog
2466420387_86fe77c966.jpg,Bana betu ba bakaji babidi badi bakonkonona tshilumbu tshia kazubu ka glase.,Two girls looking at a display case
2466495935_623b144183.jpg,Bana betu babidi badi basomba ku makasa badi baya bua kupeta bola.,Soccer
2471493912_2d4746b834.jpg,Bana bakaji babidi bavua benda mu lupuishi lua mu tshilamba tshia tshianza.,Mud
2481490320_7978c76271.jpg,Muntu udi wenda ubunda mu mâyi.,Single scull
2483993827_243894a4f9.jpg,Baluishi basatu badi benza mashinda a mashinda butuku.,Greyhound racing
2496399593_a24954a5ca.jpg,Nsongakaji wa nsuki mutoke udi useka kumpala kua mikuni.,Japanese girl
2512682478_b67cc525c7.jpg,Muana wa balume udi usaka muana mukuabu bua kuambula.,Boys on a swing
251792066_b5233b3d86.jpg,Kudi mbwa mutekete udi ulenga tshiluilu tshia malu a ku mubidi mu mukana muende.,Dog
2524084967_a5e011b73d.jpg,Muntu wa balume udi wenza mudimu wa dikinga mu mbuu.,Bicycle
2540750172_070250ece5.jpg,Bantu ba bungi badi mu buatu butoke.,Boat party
2551344688_17a12a6948.jpg,Muntu mukulakaje wa nsuki mikole ne tshiluba tshia buluu udi ufila tshimanyinu tshia kujula ntema ne tshianza tshiende tshia balume.,thumbs up
2554081584_233bdf289a.jpg,Muntu udi uya ku ditadi udi umueneka musokome pankatshi pa ditadi ne muaba mukole.,The author in a slot canyon
2555622234_3e531e4014.jpg,Mbua udi unyema pa mâyi.,Dog
2557972410_6925fe695c.jpg,Bana bakuabu badi benza manaya a hockey pambelu.,Hockey
2565657591_6c1cdfc092.jpg,muana wa balume utshivua muana wa balume utshivua mubanda pa dîta dia mu dîta,Climbing wall
2607099736_8681f601d9.jpg,Muena mvita uvua ushama ne utangila matshi.,Grappling
2607383384_d9ce9de793.jpg,"Bana bakaji ba bungi bavua ne matshi a bampuku a "" Energizer "" a mpala wa tshijila, bakamba ku tshianza tshia balume.",Race for the Cure
2622517932_57c52c376f.jpg,Nsongalume uvua ne tshingu tshimpe uvua utangila mu tshikena kumona tshintu tshikese.,Boy looking at a snake in a tank
2623560640_0445c9a138.jpg,Bana babidi badi bimane kuinshi kua muaba udibu bakose mu mutshi munene.,The tunnel tree
2632381125_de32bdfdf6.jpg,Mbalu babidi badi baluangana bua kupeta lupandu lua Frisbee mu dijiba.,Dogs playing in the water
2635023078_6dae04758f.jpg,Bansonga babidi bavua ne majatu matekete bavua basomba ku tshibumba tshia tshiamu tshia tshiamu,Two young men standing in front of a wall with graffiti
2637510448_4521cf6f29.jpg,Nsongakaji mukese uvua ne tshingumba tshia ski tshia bule ne tshîmpunga ne tshishelu tshia bukunze uvua mu njila mu njila wa mu njila uvua ne nebu,Skiing
264141937_585320617a.jpg,"Mukaji uvua ne mansudi a makuta ne makuta a makuta uvua muimane ne tshibuta tshivua ne mêyi a ne: "" Lucky "" tshivua tshiule tente ne makuta.",Lucky
2646615552_3aeeb2473b.jpg,Nsongalume mu musuku wa mâyi,Swimming
2661489896_cc3425777e.jpg,Muana uvua ne shorts mikole ne tshinguilu tshia buluu uvua muimane mu njila.,boy dancing
2663248626_f000f2661d.jpg,Mbalu babidi badi banyema lubilu mu lupangu.,Two dogs running
2666078276_f7b3056997.jpg,Mbua udi unyema pa mâyi.,Dog
2676649969_482caed129.jpg,Mukaji mukulakaje udi utangila mu kaméra padibu bamone munda mua nzubu wende wa kusombela.,old woman
2696636252_91ef1491ea.jpg,Muntu uvua wenda wenza mashinyi a ku luseke lua mâyi uvua usama ku tshiamu ne ubata dikasa dimue.,Skateboarder
2699426519_228719b1db.jpg,Mbua mutoke ne mutoke udi wenda unyema pa lumuma.,Dog
2699733386_c346c87ea6.jpg,Mbua mutekete udi unyema mu mâyi.,Dog
271177682_48da79ab33.jpg,SUV uvua usaka mâyi a bundu mu tshipela.,Off-roading
2715337869_e4fe36db50.jpg,Nsongakaji uvua upita ku buatu mu dijiba.,Girl jumping into a lake
271637337_0700f307cf.jpg,Mbua udi upita mu tshiibi.,Dog
271660510_dd4ba34b35.jpg,Mulume ne mukaji bavua ne mansu a ku dîba bavua benza mudimu bua kuangata foto.,couple
271770120_880e8d8e52.jpg,Mbatu babidi ba mpala mutekete badi basomba ne mvita.,Flat-coated retriever
2726301121_95a2fbd22b.jpg,Mukaji muena bulebe uvua ne tatu mu tshianza tshiende uvua muimane pabuipi ne dîta.,blond
2739331794_4ae78f69a0.jpg,Muntu uvua wenda wenda wenda wenda uendesha dikalu dia moto dia manzanze.,Motorcycle racer
2739332078_13d9acce59.jpg,Mukaji muena bulebe uvua ne tshingu tshîtshi tshitekete uvua ne tshimpombo tshîtshi ku mutu kuende.,Girl with umbrella
2744330402_824240184c.jpg,Masua ne bantu ne bintu biabu bidi mu mâyi.,Boat carrying people and motorcycles
2750832671_4b39f06acf.jpg,Mbua mutekete udi udia ne tshiamu tshia ku mubidi tshîyi tshimpe ne tshia buluu.,Dog
2751567262_e089b33ed9.jpg,muntu uvua ne tshingu tshia bule uvua muimane kumpala kua nzubu,man walking
2752923489_d3bceebacb.jpg,Mukaji ne mulume bavua ne bintu biabu bavua benda mu njila ne bantu bakuabu ku nyuma.,Two girls at a music festival
2756636539_cc1eacbf4a.jpg,Mbua mutekete udi unyema mu mâyi.,Dog
2759211664_d21393b668.jpg,Nsongalume uvua ne tshingu tshitshile utshidi unyema mu musenga.,boy running on the beach
2760371526_63f3d01760.jpg,Nsongalume uvua ne buatu wakaya mu musela wa mâyi wa buluu.,Swimming
2765747519_2b851e01d6.jpg,Muana mu tshibuta tshia butala udi utangila.,baby
2766148353_70b2e8070f.jpg,Muntu udi useka ne nsuki wa Mohawk wa mu maluvu a bungi.,A woman with a rainbow mohawk
2774430374_fee1d793e7.jpg,Nsongalume kampanda udi udilongolola bua kutuma tshingoma tshiende tshia baseball.,Baseball
278002875_d011ae9dc5.jpg,Bansonga banayi badi benda mu mitshi mu muaba udi bantu ba bungi ba bungi.,People
2792195540_af5fb95caa.jpg,Bantu badi benda benda benda benda benda benda benda benda benda benda benda benda benda benda benda benda benda benda benda benda benda benda benda benda benda benda benda benda benda benda benda benda benda benda benda benda,Parachutist
2797149878_bb8e27ecf9.jpg,Nsongalume uvua ne tshiapetelu tshia tshingoma tshia mpala mutekete uvua ne mutshi wa kuloba mu maboko ende.,Fishing
279728508_6bd7281f3c.jpg,Muanetu wa balume udi udia mu mâyi ne mukuabu udi utangila.,Waterfall
2807209904_389d81f33a.jpg,Tshisumbu tshia bampulushi pambelu pa nzubu wa tshimenga.,Police officers
2817230861_d27341dec0.jpg,Bana bakaji babidi badi benza manaya a manaya a manaya mu musenga.,Beach volleyball
2822290399_97c809d43b.jpg,Muana wa muana wa balume mukunze udi wenda mu njila wa buloba udi ulonda tshiamu tshiabu kuinshi kua buloba.,Dog
2834103050_512e5b330a.jpg,Tshisumbu tshia mâyi tshidi ne bantu badi bimane pa musenga,Burning Man 2018
2839532455_36a7dc4758.jpg,Mbua udi mu musenga ne bola wa ténis wa bule ne wa bule mu mukana muende.,Dog
2839789830_89668775a4.jpg,mbwa mutekete ne mutoke udi utuka mu lupepele bua kukuata nsusu mutoke.,Dog catching frisbee
2847859796_4d9cb0d31f.jpg,Nsongakaji uvua ne lunji mu musulu,Swimming
2860667542_95abec3380.jpg,Tshinyunyi tshia mâyi tshimpe tshidi tshibanda ku dijiba.,Great egret
2863848437_f2592ab42d.jpg,Nsongalume kampanda udi ubikila butuku bua mupiki wa mâyi pabuipi ne tshipangu tshia ndundu.,Soccer
2865376471_43c5e6b941.jpg,"Mbatu babidi, umue mutoke ne mukuabu wa tshilamba tshia tshiji, badi ku tshiamu ne bakaji babidi ku tshiibi tshiabu tshiabu tshiabuela.",Dogs
286660725_ffdbdf3481.jpg,muntu udi upema kapia.,Fire breather
2867736861_43c9487a65.jpg,Mbua udi unyema mu mâyi ne bola mu mukana,Dog playing with a ball in the water
2868324804_5cc8030484.jpg,Bana betu ba bakaji basatu badi baya lubilu mu budimi pambelu.,Girls running
2868575889_2c030aa8ae.jpg,Muntu uvua wenda usaka ku luseke lua pa buloba uvua mu njila wa nzubu.,Skateboarder doing a kickflip
2873065944_29c01782e2.jpg,Muntu uvua muvuale bilamba bia manzanza uvua muye kudi muena mudimu uvua muvuale bia bule.,Football
2893238950_8a027be110.jpg,Bantu badi benda benda benda benda benda benda benda benda benda benda benda benda benda benda benda benda benda benda benda benda benda benda benda benda benda benda benda benda benda benda benda benda benda benda benda benda,Skateboarding
2895966469_53e0b29295.jpg,Muntu udi wenza kayak udi wenda upita mu mikuna ya mu mâyi.,Kayaker in a rapid
2896640216_761a47f006.jpg,Nsongakaji udi ulombola mbwa wende ku tshiibi.,A dog jumping over a hurdle in a dog agility competition.
2900274587_f2cbca4c58.jpg,Mvula mu dindila dia dîba.,Sunset
2904129133_e6ae5a1ec6.jpg,"Muana mukulumpe udi unua mâyi a mu tshibuashibuashi, ne muana mukese udi utangila.",two boys drinking from a water fountain
2909875716_25c8652614.jpg,Nsongakaji wa mu budimi ne tshingumba tshia bule.,girl in a field
2921430836_3b4d062238.jpg,Babadi ba ndundu ba ndundu mu tshitupa tshia ndundu.,American football
2926786902_815a99a154.jpg,Muntu udi uya pa mâyi udi upingana muulu ne umona mikuna.,Ski jumping
2930514856_784f17064a.jpg,Bantu babidi badi benza surf badi bapeta tshipepele.,Surfer in the air
2942094037_f6b36fd3db.jpg,Nsongakaji mukese udi utuluka mu nzubu wa dilongesha wa malu a bungi.,Girl on a bouncy castle
2949762776_52ece64d28.jpg,"Tshikondo atshi, bisumbu bibidi bia ndundu bia ndundu bivua bienza manaya.",Football
2964438493_413667c04a.jpg,Mbalu babidi badi basomba mu musuku wa mâyi.,two dogs playing in a kiddie pool
2979914158_5906470b8f.jpg,nsongakaji utshivua ne tshishiki tshîpi ne tshîpi tshia mâyi uvua usomba pa tshisanji,Girl on a swing
2980348138_91cc6f6d0f.jpg,Muntu udi uya ku ditadi udi uya ku ditadi.,Rock climbing
2984704498_29b53df5df.jpg,Mukaji uvua muvuale bilamba bia buakane uvua ne tshikoba tshîpi uvua ne kamera.,Princess Mary
2987195421_e830c59fb6.jpg,Muntu udi uteka ne udi uteka badi basekelela bua kutekesha muena baseball mukuabu mu tshisangilu tshia bena mudimu.,Baseball player sliding into home plate.
2991993027_36ac04e9a0.jpg,Tshisumbu tshia bantu bavuabu baluate bu nyama ya nyama.,Halloween
2994104606_bc2df6c1f4.jpg,Mbua mutoke wa mu tshimpitshimpi udi wenda unyema pa lumuma,Dog
3017220118_6a9212dfdb.jpg,"Bantu basatu, mpala mikole, bimane bimane ku tshilamba tshia tshianana.",Three people in a group
3033825101_44a4390f16.jpg,Muntu udi ubusha mmupeshe mupunga.,Baseball player throwing a ball
3038045802_93f2cd5fbc.jpg,Muntu udi uya ku mvula wa kapia udi upita ku tshibandabandabanda tshinene tshia ku mikuna.,Skiing
3039209547_81cc93fbec.jpg,Mu tshimfuanyi tshia pabuipi tshia muntu uvua ne tshishelu tshia bulue ne tshinsalu tshia kavuala.,A man wearing a denim jacket and a green hoodie.
3041170372_c4376cd497.jpg,Muntu uvua wenda ku dikalu dia ku mikuna uvua upingana mu diulu.,Mountain biker
3046430047_d7b10123d0.jpg,Muntu kampanda ne bakaji babidi bavuabu bambaye bilamba bia bampanda-mamba,Halloween
3049770416_0fb1954315.jpg,Muntu kampanda udi uimba mu bikula kumpala kua butoke bua munya.,A man singing into a microphone
3051754615_3d6494c2ae.jpg,tshisumbu tshia bena luendu bavua mu buatu bua ndundu ne butekete,Dragon boat race
3085667865_fa001816be.jpg,Muntu udi wenza surf udi mu lupepele lua pa mutu pa mbuu.,Surfer doing a flip
3086526292_f799d237c7.jpg,Badi baleja bana basatu badi bimane pabuipi ne tshiamu tshia mitshi ya malu a patupu.,Street art
3091580843_178042c50b.jpg,Muntu kampanda uvua wenda mu njila uvua upita kumpala kua nzubu ya mashinyi.,sign
3091962081_194f2f3bd4.jpg,Muntu udi ne mansudi a lumuenu ne mpala mutekete yonso udi usomba pa lumuma luvua ne bantu bakuabu.,Magic
3095225232_2e6e6dc92e.jpg,Bantu batu baya ku tshiambilu tshia bantu.,Escalator
3102204862_f1d220230b.jpg,Muntu mukuabu udi mu lubilu udi usomba mu tshibuashibuashi.,Professional wrestling
3106223494_52d4d2d75d.jpg,Muntu uvua mufunde masiki ne uvua muvualu wa Santa Claus.,Santa
3106782647_b078830a9e.jpg,Muntu wa balume udi mu tshialu.,Bicycle
3106787167_e5f2312622.jpg,Bantu basatu badi benza rugby umue wa kudibu udi utambula mupunga udibu bakuate mu lupuishi.,Rugby
3107463441_7c68606450.jpg,Muntu mulume ne mukaji badi balongolola tshiamu tshia tshiamu.,Two students assembling a steel structure
3115174046_9e96b9ce47.jpg,muntu udi wenza skateboard udi upita ku mulonda.,Skateboarder doing a 360 flip on a stair rail
312156254_ef31dca5ed.jpg,Mbua mutekete udi utangila bola udi mu mabeji.,Dog playing with a ball
3123351642_3794f2f601.jpg,"Muntu uvua wenda mu mvula wa kapia mu mbuu, mumane kushipa mu luendu.",Snowboarder
3130093622_362f32f2bb.jpg,Mbua udi unyema mu kapia.,Dog
3147217787_ed21cd4990.jpg,Muntu udi ne tshingu tshia 23 udi uteka mupunga mu tshisangilu tshia basket.,Basketball player dunking a ball
3149038044_c7c94688c6.jpg,Bana babidi badi benza manaya a ndundu pamue.,Flag football player
3160531982_37f5636b8a.jpg,"Padi dîba dipatuka, muntu udi wenda upingana ne kabutu kakole ka pa buatu kakubuela ku tshibuashibuashi.",Paragliding
3169591322_d0b6d0cd04.jpg,Muntu udi wenda wenza skateboard udi mu diulu kumpala kua nzubu kampanda wa mabue matekete.,Skateboarder doing a trick
3173157541_70b16b4318.jpg,Muntu uvua ne tshisekedi tshîpi uvua muimane ku luseke lua mukaji uvua ne tshisekedi tshia bukalanga ku mutu.,A man and a woman
3173461705_b5cdeef1eb.jpg,Mbatu babidi mu mîdima ya mvula.,Dogs playing in the snow
3174156702_95a1cda2d9.jpg,Muana wa balume udi udia mu tshina tshia mâyi.,boy playing in a puddle
3178300150_d4605ff02c.jpg,Mulunda wa basketball udi upingana ne mupunga pabi bapikudi badi bakeba kumukuata.,Basketball player
3180806542_49b6de312d.jpg,muntu wa ku mvula wa mvula wa mvula wa mvula wa mvula wa mvula wa mvula wa mvula wa mvula wa mvula wa mvula wa mvula wa mvula wa mvula wa mvula wa mvula wa mvula wa mvula,Snowboarding
3181409177_edb09c2718.jpg,Muntu uvua wenda ku dikalu mu luendu.,Bicycle
3185645793_49de805194.jpg,Muntu uvua wenda pa dikalu udi upita ku mukuna ku dikalu diende.,Mountain biking
3187096035_65dc416291.jpg,Tshisumbu tshia bantu baseka pa tshiamu tshîpele.,laughing
3203742047_6a55065411.jpg,Nsongakaji kampanda udi upuka mu tshina.,Snowboarding
3207654194_43d6bebd68.jpg,Mbua udi unyema mu musenga,Dog running down a sand dune
3212085754_35fdc9ccaa.jpg,Badi bambuluisha mukaji wa dibaka bua kuvuala nsapato yende,Bride and her mother
3215695965_69fbeba3d5.jpg,Muana wa balume udi mu dikalu dia mabenesha.,Shopping cart
3216085740_699c2ce1ae.jpg,Bantu ba bungi badi bakuate bimanyinu bia bena États-Unis.,Crowd of people waving flags
3223302125_f8154417f4.jpg,Tshikopa tshia ski tshidi mu lupepele.,Ski jumping
3225310099_d8e419ba56.jpg,Masua avua mu tshibandabandabanda tshia kabalu ku mâyi.,The boat is lifted by a crane
3227140905_1d7e30e4c4.jpg,Muntu udi upanga karte padiye ne mukaji basomba ne basaka karte.,A man and woman playing a card game
3230101918_7d81cb0fc8.jpg,Mulondadi wa Hockey uvua ne tshingoma tshia bukalanga utshivua unua mâyi a mu buteyi bua mâyi a mu mâyi.,Hockey player
3234375022_1464ea7f8a.jpg,Muntu udi wenza snowboard udi upita mu tshibandabanda mu mvula wa kapia.,Skiing
3240558825_cd859d6230.jpg,Bantu badi batekemena bua kubuela mu mazuwa.,Floating temple
3242919570_39a05aa2ee.jpg,Mbua mutoke udi ne matshi a kalamba udi unyema mu mvula wa kapia,Dog
3246190363_68d903bfcb.jpg,Mbua mutekete udi unyema mu mâyi.,Dog running in the water
3246773992_89bf86937b.jpg,Nsongakaji udi mu tshingumba udi wenza dibue dia maja bu mudi bansongakaji bakuabu badi mu tshingumba batangila.,Irish dance
3252457866_b86614064c.jpg,Mbuabu babidi ba nsuki ya bule bavua ne mishiku ya kubula nyama bavua bapitshila mu tshitudilu tshia mitshi.,Greyhounds
3252588185_3210fe94be.jpg,Mukaji udi muimane kumpala kua mâyi ne lupela lukama udi useka.,girl laughing in front of a lake
3254817653_632e840423.jpg,Kasumbu ka bantu badi bimane pamue ne badi bela meji kumpala kua nzubu.,group of people
3271178748_630d269811.jpg,Bana betu ba balume ba bungi badi basaka bua kutua ndundu mu nzubu.,Soccer
327415627_6313d32a64.jpg,Mbalu babidi badi banyema mu bimuma pabuipi ne mâyi.,2 dogs running
3275627207_0b41e44597.jpg,muntu udi ne bikondo bia ku mubidi udi wakula ku telefone wende wa ku buatu.,Young man with dreadlocks
3276895962_c053263d01.jpg,Mbua mutekete ne mbua butoke ne wa bulau badi benda mu budimi budi ne lupela,Two dogs playing
327997381_55f90dc834.jpg,Mukaji kampanda udi mu salon udi upanga nsuki ne kuyila,Hairdresser
3283897411_af9d0b497d.jpg,Muana udi ne tshintu tshidi tshimija kapia.,Girl playing with fire
3286822339_5535af6b93.jpg,Bantu bavua benda mu njila bavua ne biamu bia mu Chine.,Street in Japan
3287969199_08e775d896.jpg,Tshinyunyi tshidi tshivula pa mâyi.,Great blue heron
3302804312_0272091cd5.jpg,Mbua mutoke ne mutoke udi unyema pabuipi ne tshibawu tshia mabaya ne bola wa ténis mu mukana muende.,Dog
3305767464_d64a336f60.jpg,Muana wa balume uvua ne tshisuikidi tshia ku mutu udi ubula bikondo.,Drummer
3307563498_e2b4f19272.jpg,Muana udi upingana ku tshibandabanda tshidi tshifikisha ku mâyi a pa buatu.,Swimming
3309042087_ee96d94b8a.jpg,Muntu wa ku mvula wa kapia udi uputuka mu mbuu mu kapia.,Snowboarding
3309578722_1765d7d1af.jpg,Muntu wa mu tshikisu udi wenza tshiamu tshia dikalu mu tshipepele padi biamu bia kapia bimutombokela,Stunt
33108590_d685bfe51c.jpg,bantu babidi badi batangila muntu udi mushitisha bintu mu njila.,Street food vendor
3315033940_e91f87b7f2.jpg,Muntu kampanda udi mu buatu bua luendu lupepele pa mâyi.,Speedboat
3316725440_9ccd9b5417.jpg,Muntu udi wenda ku mashinyi.,Mountain bike
3318995586_c2bc50b92e.jpg,Muntu udi ne buôwa udi upuila nsongakaji wa nsongakaji basketball muaba udiye udia.,Basketball
3319586526_3994e9cd58.jpg,Bantu bavua mu tshisangilu bavuala bilamba bia bungi ne balela.,Carnival
3320356356_1497e53f80.jpg,muntu udi upingana ku dibue.,Bouldering in the forest
3321063116_4e5deeac83.jpg,Mbatu basatu badi basaka mu mvula wa kapia.,Snow
3321516504_5ee97771cb.jpg,Muntu kampanda udi ne muana wa balume udi mulale mu tshilamba tshia tshiji.,father and son
3322389758_394c990b6a.jpg,Mbua mutekete udi ne mutshi mu mukana wende udi upita mu tshina tshinene tshia mu bimuma.,Dog
3328646934_5cca4cebce.jpg,nsongalume uvua upita mu mukuna wa musenga.,Sandboarding
3331009729_d3b14738e6.jpg,Mukaji kampanda uvua wenda uyukila ku telefone.,student
3333017828_b930b9d41b.jpg,Mbua mutoke ne wa bulama udi wenda wenda usomba ku muelelu wa mâyi.,Dog running on the beach
3334537556_a2cf4e9b9a.jpg,Tshisumbu tshia bantu bavua benda ku malenga ne bambwa babidi.,Skiers dressed as vikings
3336211088_4c294a870b.jpg,Tshisalu tshia bantu ba bungi tshidi tshienza muyuki.,People
3338217927_3c5cf3f7c6.jpg,Mbua mutekete udi utuka mu lupepele bua kukuata tshintu tshia kuenzela mudimu mu mvula wa kapia.,Dog playing in the snow
3349307529_c1a516b9dc.jpg,Muntu wa ku luseke lua mâyi uvua ne bilamba bia bule bia bule udi uya ku luseke lua mukuna wa neje.,Skiing
3350260112_fcb47ff6b2.jpg,Bantu ba bungi batu badia mu mâyi ku muelelu wa mâyi.,Beach
3351360323_91bb341350.jpg,Bantu babidi bavua ne bilamba bia bule bavua basonga bikunyi.,Guitarist and bassist
3354489242_dd529ffa1f.jpg,Bantu bavua benza manaya a hockey.,Hockey
3361411074_83f27d2a1c.jpg,Mbua udi unyema mu mukuna wa lupela.,Dog running up a hill
3366571152_20afb88ac1.jpg,Tshikena kumona tshia mu njila tshia mu nzubu wa dilambula.,A teahouse in the desert
3368207495_1e2dbd6d3f.jpg,Mbua udi udia mu tshipepele padiye ulonda bola wa ténis.,Dogs playing in a park
3370308329_7f2de5bb58.jpg,Bana banayi bavua benda benda benda benda benda benda benda benda benda benda benda benda benda benda benda benda benda benda benda benda benda benda benda benda benda benda benda benda benda benda benda benda benda benda,Children playing in the snow
3371279606_c0d0cddab2.jpg,"Bantu babidi bakulumpe bavua basombe ku mesa, umue uvua ne tshibuta tshia tshingoma",Two men sitting in a room
3371887001_44ab0c2f17.jpg,Muntu kampanda udi uya ku dikalu dia ku mikuna mu mpata.,Mountain biker
3373481779_511937e09d.jpg,Bantu babidi bavua ne bilamba bia hockey pa mâyi.,Ice hockey player
3375534917_62350bd06b.jpg,Bantu banayi badi benda ku tubalu ku muelelu wa mâyi.,Horse riding on the beach
337793983_ac5b2e848e.jpg,Bantu babidi bavua basombe pambelu pa kawilu uvua mupepebue ne mabala a buluu.,people sitting outside a restaurant
3383491811_fd9d3a891d.jpg,Mbua wa tshilamba tshia tshilamba tshia tshilamba tshia tshilamba tshia tshilamba tshia tshilamba tshia tshilamba tshia tshilamba tshia tshilamba tshia tshilamba tshia tshilamba tshia tshilamba,dog
3387661249_33e5ba0bc5.jpg,Mbua mutoke udi utangila kabalu katoke udi utuma mutu wende mu tshibawu.,Horse and dog
3393926562_66cc01b001.jpg,"Muntu uvua ne mansudi a butoke, tshiapu tshîma ne tshishelu tshîpi ne tshîpi tshia tshishiki tshiabu tshivua tshileja tshintu",man in leather jacket pointing
3407357681_5aeaab5b59.jpg,Mbua udi unyema mu mâyi.,Dog running in water
3407584080_c6abf71ae3.jpg,Muntu wa ku snowboard udi wenza tshilema.,Snowboarder
3413973568_6630e5cdac.jpg,"Muntu uvua wenda pa mâyi pa tshialu tshimue, ushala ne tshianza tshimue ku tshianza.",Kitesurfing
3415003392_139c0f3586.jpg,Muntu uvua wenda pa dikalu dia BMX uvua ne tshingu tshîpi ne mutekete uvua mu dikalu dia tshiji.,Mountain bike
3420260768_26a600b844.jpg,Tshimfuanyi tshia ténis tshidi pa kutangila bua kutema mupunga.,Tennis player
3423249426_02bedf9260.jpg,Tshisumbu tshia bakaji bavua bayukila pamue ne bantu bakuabu kabayi bamona malu a mu tshikuna atshi.,group of women
3426144752_28d63615ca.jpg,Nsongalume mukuabu uvua ne tshiluilu tshia ndeke.,boy with toy
343073813_df822aceac.jpg,Mbua mutoke udi mu mâyi.,Dog
3433470650_a8b1c27173.jpg,Kasumbu ka bantu bavua benda mu njila ne kasumbu ka tshiji kumpala kua nzubu mutoke ne utuku.,People in a crowd
3435233065_3411f2d29d.jpg,muana wa balume udi ushimuna mu dikaya ku dikalu diende,Mountain biker jumping over a tree
3436074878_21515a6706.jpg,Mbua udi ukeba kukuma muntu udi umubela,Dog biting a leg
3437315443_ba2263f92e.jpg,Nsongakaji wa nsongalume uvua ne tshingu tshitshile utshivua mulamate mutshi pabuipi ne njila.,girl
3441145615_b4fcd9eea0.jpg,Kasumbu ka bantu bavua ne bilamba bia maluba bavua benda ku dikalu mu njila.,Track cycling
3442540072_b22ca2410f.jpg,Muana udi upita mu tshibandabanda tshia ndundu.,child in a tunnel
3443460885_46115463b4.jpg,Nsongakaji kampanda utshidi muimane pa mâyi a mabue utangila mâyi.,girl on the beach
3452127051_fa54a902b3.jpg,Mbua wa langi wa mukuna wa butoke uvua ne tshinyenga tshia muelu uvua upingana pa tshiibi mu lubilu lua lutulu.,Dog running
3453313865_1ebff5393c.jpg,Muntu uvua kayi ne tshishipa uvua wenda wenda wenda ubuka ku njila,Longboarder
3459871361_92d1ecda36.jpg,Nsongalume uvua muendesha dikalu dia mashike uvua upita ku mutu kua luendu lua muinshi.,Skateboarder
3461049169_e068ae4f25.jpg,"Nsongakaji kampanda utshivua nsonga uvua wenda udia ku tshibuashi tshia mâyi, ne mukaji mukulakaje uvua umona.",Mother and daughter playing in a fountain
3461110860_37ef15af8e.jpg,Muntu kampanda udi mu tshisumbu tshia bantu udi ne tshintu tshîpi mu maboko.,Man in a crowd
346253487_687150ab04.jpg,Muana udi mu maboko a muntu mukole udi useka ku mêsu kua kamera.,smiling
3470951932_27ed74eb0b.jpg,Muana wa balume kampanda udi unyema ku tshitudilu tshia baseball.,Baseball player running to first base
3471117376_40585c3fd1.jpg,Nsongakaji wa nsasa wa mpunga udi usungula bunga mu mutshi.,girl in pink
3472364264_dbde5a8d0a.jpg,Mbua udi unyema pa mâyi.,Dog running on the beach
3477681171_b1bb8b211d.jpg,Mukaji uvua ne tshingalu tshia bule bua mpala wa nsuku wa tshifulu wakaya mu diulu ne maboko ne makasa ende bienda bienda bienda bienda bienda bi,girl jumping
3480379024_545e8ec818.jpg,basola babidi ba moto benda benda benda benda benda benda benda benda benda benda benda benda benda benda benda benda benda benda benda benda benda benda benda benda benda benda benda benda benda benda benda benda benda,MotoGP
3482859574_3908de3427.jpg,Tshisumbu tshia bakaji basatu ne mulume umue bavuale bilamba,Lolita fashion
3482879314_d3387e95b1.jpg,Bana bavua batangila muntu uvua wenda ne dikalu diende ku mikolo ivua mipangile.,Bicycle stunt
3492734013_e6b177ed99.jpg,Tshikena kumona tshia bantu ne tumama mu tshisanji.,A boy chasing pigeons in St Mark's Square
3493844822_c315a11275.jpg,Muntu udi mu buatu udi mu tshiamu tshia surf.,Surfer
3495453699_1c9faedf3c.jpg,"Muntu kampanda udi umueneka kumpala kua nsongakaji wa bakaji kampanda, ne maboko ende matambuke, ne ekeleziya munene ku nyuma.",The man is pretending to fly.
3498354674_b636c7992f.jpg,Muntu uvua wenda usuka ku tshiambilu tshia muinshi.,Skateboarder doing a 50-50 on a ledge
3516267455_ca17cc1323.jpg,Mbua udi unyema mu mâyi.,Dog
3520321387_710ab74cda.jpg,Mukaji ne muana badi baseka bua foto.,Mother and son
3522000960_47415c3890.jpg,Muntu udi wenza surf udi ufika ku tshipepele tshikole.,Surfer
3523972229_d44e9ff6d7.jpg,Muntu udi wenza makalu udi udia mu mbuu ne makalu ende adi pankatshi pa makasa ende.,Kickflip
353180303_6a24179c50.jpg,Mukaji wa mu bilamba udi wenza mashinyi pavuaye udimona mu lumuenu.,The girls of the show prepare for the show.
3532412342_e0a004b404.jpg,Muana wa balume udi mu tshiamu,Tire
3541491057_61a49588d9.jpg,Mbua ibidi idi ilomba mu tshitudilu tshia tumuma,Dog
3541962817_78bcd3835b.jpg,Kabalu ne musabuki badi bashala bashala bapita ku tshibumba.,Horse and jockey jumping a fence
3542341321_faa2d2d48a.jpg,Mbalu babidi ba nsuki ya kabungu badi bayula.,Dogs
3543378438_47e2712486.jpg,Muntu uvua muvuale tshingumba tshia bukalanga uvua udia piano ne mukaji uvua uimba.,A harpsichord and singer
3552435734_04da83b905.jpg,Mbua mutekete udi unyema mu mâyi.,Dog
3556571710_19cee6f5bd.jpg,"Eu mmamufuanyi wa bansonga basatu bavuale bilamba biabu ne umue uvua mu dikalu, ne wa mukaji mukuabu uvua muvuale tshishiki tshimpe.",Dutch wedding
3567214106_6ece483f8b.jpg,Mbua udi upanga mu tshina tshia mâyi mu lupela.,Dog playing in water
3569420080_72fbe84751.jpg,Muntu uvua ne tshingoma tshia mvita uvua pabuipi ne mukaji uvua ne nsuki ya nsuki ya nsuki ya nsuki ya nsuki ya nsuki ya nsuki ya nsuki ya,Military officer and his wife
3574627719_790325430e.jpg,Bansonga basatu badi bimba pamue ne umue udi utua gitare.,Concert
3582465732_78f77f34ae.jpg,Mukaji uvua musombe pa trampoline wa dikema uvua upanga mâyi mu tshipepele.,girl with a water bottle
3583704941_611353857e.jpg,Mukaji uvua mubande pa kabalu.,Horse and rider
3587009091_37188fd07e.jpg,Mbua udi ubuluila mu mâyi a bundu pabuipi ne mabue asatu.,Labrador retriever swimming with geese
3587092143_c63030ed6d.jpg,Bantu babidi bavua batua makoba.,Two men sparring in a boxing ring
3590739067_58baffb3a7.jpg,Mukaji kampanda udi mu nzubu udi utamba ku tshisangilu tshia tshisangilu tshia tshiamu.,woman playing guitar
3591461782_687e320042.jpg,Badi bumbusha mukelenge wa mikoko ku ngombe munene wa bule.,Rodeo
3592992234_6d3fe58a70.jpg,Muntu uvua ne tshingu tshimpe uvua wenda mu bimuma bia bungi ne mutshi.,Golf
3595643050_d312e4b652.jpg,Mbua mutoke udi muimane ku makasa ende a ku ndekelu ne bola mu mukana muende.,Dog
3596459539_a47aa80612.jpg,Muntu udi wenda ne dikalu dia moto mu lubilu padi bantu bakuabu batangila.,Motorcycle racer
3599442049_e448c7c9b2.jpg,Nsongalume wa tshifulu tshia tshingu udi uteta ne buatu.,Water
3600221224_945df01247.jpg,Mbua mutoke udi unyemena ku kamela mu njila wa buloba udi ne mikuna ku ndekelu kuabu.,Dog on a trail
3602838407_bf13e49243.jpg,Mbua mutekete mu mâyi.,Dog
3608752424_01a1cfd8a6.jpg,Mbalu babidi badi banyema mu mâyi pabuipi ne mitshi.,Dogs playing in the water
3610683688_bbe6d725ed.jpg,Mbua udi ubulukila mu mâyi,Dog in the water
3616525288_9c19223de6.jpg,Bena ku mashinyi badi benda ku tubalu mu lubilu.,Horse race
3619630328_2d0865b6f4.jpg,Mbua udi upita mu tshiibi.,Dog jumping over a hurdle
3621329299_6fb3f2935c.jpg,Muntu udi mu tshialu mu tshipepele pabuipi ne mâyi.,Bicycle
3626998066_3ae11ee278.jpg,Mbatu babidi ba nsuki ya kabungu badi benda benda pamue.,Two chocolate labrador puppies playing
3628059004_5c3529b120.jpg,"Bana bakaji babidi badi bimane ku tshiamu tshia kuteleja, ne umue udi ne gitare.",Folk singer
3631136463_53ff624b82.jpg,Mbalu babidi ba dikoba dibi badi benda mu bimuma bibidi ebi ne mutshi munene.,Dog
3637966641_1b108a35ba.jpg,"Bana betu bavua basaka baseball, mashinyi avua mamane kuimana ku ndekelu.",Baseball
3639617775_149001232a.jpg,"Mu tshibilu tshia dibaka badi benza tshimuenekelu tshia mukaji ne mulume, bonso bavuale tshilamba tshia mwela mutekete, anu mukaji wa dibaka.",Wedding party
3639684919_cb6fbf5638.jpg,Bena dibaka babidi bavua ne bilamba bia dibaka bavuala bua difoto.,Bride and groom
3640020134_367941f5ec.jpg,Mbua mutekete udi wenda unyema mu mâyi a panshi pa mâyi a mâyi.,Dog running in the water
3641999223_942f8198cc.jpg,muntu udi ulua mukankanyi wa mukankanyi mu tshingu tshia buakane,Cricket
3648097366_706c8a57a1.jpg,Bantu ba bungi bavua batangila muntu uvua wenza skateboard upita panshi ku mulonda.,Skateboarder
3653484549_f316590b0f.jpg,nsongakaji mukese udi upisha mishiku yende.,Birthday
3653837067_94050699ec.jpg,Kabalu ne musabuki badi bashala bashala bapita ku tshibumba.,Horse and rider jumping a hurdle
365584746_681f33fa46.jpg,Mukaji mukulakaje uvua mu tshisumbu tshia bantu uvua usaka tshinga tshia balema.,A woman with a walker is pushed by a young woman.
3655964639_21e76383d0.jpg,Mukaji uvua ne bilamba bia butoke ne bintu bia tshijila uvua wenda mu njila.,Bus lane
3656030945_fa003bd696.jpg,Bana betu basatu badi mu tubadi tuvuabu batula mâyi a mu tshina tshia mâyi.,bathing
3656906086_7034f69ab6.jpg,Mbua udi ukuma muana wa mukoko wa mbuabu.,Dogs
3662871327_b128d25f04.jpg,Balunda basatu bavua benza mpala wa filme.,three friends
3673484638_dce87295fe.jpg,Bana babidi bavua ne bilamba bia muinshi muinshi bavua benda mu njila wa kuimana.,Fashion show
3684518763_f3490b647a.jpg,Muntu uvua ne bintu bia tshiamu tshia or ne shorts ku tshibilu tshia difila.,A man in gold shorts and a black top dancing at a parade.
3688839836_ba5e4c24fc.jpg,Mukaji kampanda udi uteka tshimanyinu tshia ditalala munkatshi mua tshiluilu.,United in Pride
3689355450_fd559b816d.jpg,Muntu uvua ne tshinsalu tshia bule uvua usemena ku tshibuashibuashi.,A man jumping over a fountain
3690107455_0fdb4ecee7.jpg,Mukaji udi wenda pa mabue.,Hiking
3701226275_952547ba0f.jpg,Muana wa balume udi wenza mudimu ne tshiamu tshia tshiamu mu bianza biende.,A boy holding a hammer
3704431444_f337ec2b90.jpg,Mbua udi unyema pabuipi ne mavuala a mâyi manene.,Dog
370713359_7560808550.jpg,"Tshimudilu tshia bantu ba bungi tshia mu Mexique, tshialu tshipiatshipia mu tshibuashibuashi.",Restaurant
3708177171_529bb4ff1d.jpg,Muntu uvua wenza skateboard mu bilamba bia mîdima uvua upita pa tshitebe tshia bantu.,Skateboarder doing a flip
3708266246_97a033fcc7.jpg,Mbua mutekete udi upita mu tshiibi.,Dog jumping over a hurdle
3714551959_66ece78f27.jpg,Muntu uvua ne bilamba bia bule bia mu tshimpitshimpi pa tshialu tshia ku newu pa buloba buvua ne buayi.,Snowboarder
3717531382_e1e05e22c5.jpg,Kudi muntu udi wenda ujinga mu musulu ne mitshi ku luseke luende.,Fly fishing
3724113279_99b6e5bf41.jpg,Muntu udi wenza tshinyangu ne dikalu ku tshibumba tshia mabue.,Bicycle rider doing a flip
3724738804_f00748a137.jpg,Bana bakaji basatu bakatuadija kutuka mu musulu.,Swimming
3726168984_1fa2c8965b.jpg,Mbua mutoke ne mbua mitoke badi baluangana bua mishiku ya plastique.,Dogs playing
3726730085_2468ee9220.jpg,Muntu udi utambula muana mu tshibuashi udi kayi ne tshingu.,Baby being thrown in the air by his father
3729405438_6e79077ab2.jpg,Muntu udi wenda ne dikalu udi ulombola dikalu diende mu njila.,Bicycle
373219198_149af371d9.jpg,Mbua udi mu muaba udi mabue.,Golden retriever
3751594676_edfbfa0688.jpg,Muana wa balume udi udia mu tshiluba tshia manaya.,boy
378170167_9b5119d918.jpg,Mbua mundele udi wenda unyema mu njila wa pambelu.,Dog
382701159_f98c1988cd.jpg,Muntu udi upeta mishipa mu mbuu.,Surf fishing
386470686_1ae9242878.jpg,Muntu uvua mupuekele mu tumama tua mutshi uvua mujimine.,Tree
391020801_aaaae1e42b.jpg,Muntu mukulakaje uvua ne tshilamba tshîpi tshia Wal Mart wakaya kumpala kuende ne maboko ne tshianza.,man in white lab coat
392467282_00bb22e201.jpg,Mbatu babidi banene ba nsuku ya bule badi benda mu kapia.,Dogs
394463341_5311c53783.jpg,Mbua udi mu tshiamu udi ukeba kupitshila ku dîta dia dibue.,Dog
394563330_68b566368c.jpg,Muntu wa mu Asie udi ne mujengu muende muinshi mua makasa pavuaye ulombola dragon wa mu tshibilu tshia bantu.,Chinese New Year parade
404850242_3a55a4c874.jpg,Mukaji uvua ne tshilamba tshia bukalanga utshidi utuadija kuangata foto.,Woman in red jacket
410422753_de506155fa.jpg,Mbua udi unyema mu kapia.,Dog
412101267_7257e6d8c0.jpg,Mbalu babidi badi basomba ne bola wa ténis mu mvula wa kapia.,2 dogs playing in the snow
416106657_cab2a107a5.jpg,"Mbua mutoke udi unyema mu bimuma,",Dog
421808539_57abee6d55.jpg,Muana wa muana wa muana wa muana wa balume wa nsuki ya kabungu udi wenda mu mvula wa butoke.,Dog
427082246_5bf1c3676f.jpg,Muntu uvua ne tshingu tshiebe tshia bule uvua udia ne tshiluba tshiende tshia ndundu.,Dog
431282339_0aa60dd78e.jpg,Mbua udi upita mu tshiibi.,Australian shepherd
437527058_189f2a7eef.jpg,Bantu badi benda benda benda benda benda benda benda benda benda benda benda benda benda benda benda benda benda benda benda benda benda benda benda benda benda benda benda benda benda benda benda benda benda benda benda benda,Snowmobile
449352117_63c359c6e7.jpg,Mbua udi ulamba mu tshilamba tshia kamera.,Dog
483841513_e660391880.jpg,Nsongakaji uvua uimana ku tshiamu tshia ku makasa.,Girl doing a handstand on a trampoline
486300784_2cc7a770ff.jpg,Mbalu babidi badi banyema batangila ku muelelu wa mâyi mu mâyi a panshi.,Dogs playing in the water
488196964_49159f11fd.jpg,Mbua udi unyema mu mâyi ne bola mu mukana,Dog playing in the water
488416045_1c6d903fe0.jpg,Mbua mutoke udi wenda unyema mu mâyi.,Dog
494221578_027f51cdf4.jpg,Nsongakaji uvua ne tshingumba tshia bule tshia ndumba udi uya kumpala ku tshibandabanda tshia ndumba tshia ndumba tshia ndumba.,girl on slide
494921598_af73bda568.jpg,Muana udi udia ice hockey,Hockey
506412121_67ecc7ec05.jpg,Muntu kampanda udi ulua kuloba pabuipi ne mavuala a mâyi.,Surf fishing
509200598_171a1ab6c8.jpg,Mbatu babidi ba mpala mumbidi badi basaka mu lupela.,Two dogs playing
512550372_438849ce19.jpg,"Muntu uvua ne tshisekedi tshia manzanza, tshingu tshimpe, bilamba bia ku mubidi ne masanda a kutambuka uvua muimane pa dibue.",man in the bush
512634877_d7ad8c8329.jpg,Mbua mutoke uvua ne tshingoma tshia bukalanga uvua ulonda bola wa bukalanga.,Dog playing with a ball
516394876_8b9b8021bc.jpg,Muntu uvua ne tshinyangu tshia basalayi ba mvita tshia mu nzubu wende uvua utangila tshimuenekelu tshia masanka.,Star Wars
516998046_1175674fcd.jpg,Mbua udi unyema mu mâyi.,Dog running in the water
517094985_4b9e926936.jpg,Mukaji udi ne tshiamu tshia kusomba ne mbwa mu tshianza tshimue ne muana udi wenda ne dikalu mu tshianza tshikuabu.,Unicycle
522063319_33827f1627.jpg,Bana babidi badi badilenge bu bapala-mashinda.,two boys dressed as pirates
523692399_d2e261a302.jpg,Muntu wa ku kabalu ka pa buloba udi ne tshisekedi tshia bule udi wenda mu tshialu tshiende ku tshiambilu tshia betone.,Skateboarder
527288854_f26127b770.jpg,Muntu uvua ne tshinyangu tshia mvita tshia tshifuishi uvua ukeba kubanda ku dibue.,Rock climbing
531055369_936fd76a63.jpg,Mukaji munene uvua ne bintu bia ku mubidi uvua muimane pambelu pa nzubu wa maduka.,People
535249787_0fcaa613a0.jpg,Nsongalume uvua ne tshisekedi tshia bukunze wakaya ku bola ne tshingoma.,Baseball
537222436_ab406234ce.jpg,Mukaji uvua ne tshingu ne mashinyi ne tshibuta tshia bukete tshia bukunze uvua wenda mu njila.,woman walking on sidewalk
537532165_e4b7c0e61a.jpg,Muana udi mubande panshi ku tshisanji tshia tumama mu tshisanji tshia manaya.,Girl playing on monkey bars
537559285_29be110134.jpg,Collie udi upita pa tshiamu tshia tshiji.,Dog jumping over a hurdle
539705321_99406e5820.jpg,Muana uvua muvuale tshishiki udi wela panshi padiye ulua kutantamena muana uvua muvuale tshishiki bua kuya ku bola wa ndundu.,Soccer
539801139_7258ee437f.jpg,Muana wa balume utshivua utshivua utshivua utshivua utshivua tshipepele ne muntu mukole udi utshivua tshitende udi umuela tshianza,Father and son playing in the rain
543007912_23fc735b99.jpg,Bana betu babidi ba bakaji babidi ba mapasa bavua ne bilamba bia munyangi ne bia manzanza bavuabu bambaye bavuala mu tshibuashibuashi.,twins
543326592_70bd4d8602.jpg,Bantu bavua badisangishe kumpala kua mabue a mâyi pavuabu bumbangane ne mulume ne mukaji bavuabu bambaye bilamba bia tshiji.,Crowd of people in a park
590445887_4d4fa43923.jpg,Mukaji udi ne nsuki mienda udi wenza hula hooping.,Hula hooping
656260720_a7db4ce48b.jpg,"Nsongakaji uvua ne tshisamuna tshia mâyi, kapepe wa mâyi ne bilamba bia ku mubidi.",female swimmer
689359034_4a64c24ca4.jpg,Bantu badi pabuipi ne nzubu ya tshilamba tshia mâyi ya mu tshingumba mu tshimenga tshimue,Portable toilets
697582336_601462e052.jpg,Mbua mutekete ne wa kabungu udi unyema mu lupela.,Dog
733752482_ee01a419e5.jpg,Mbua mutoke ne mutoke udi wenda unyema pa lumuma.,Dog
745563422_f4fa7d9157.jpg,mukaji muena bulebe uvua ne tshinyangu tshia ku mpala muimane kumpala kua lupela ne bikopo bia mvinyo bia patupu,Barmaid
824923476_d85edce294.jpg,Mbua mutekete ne mutoke uvua ulonda bansusu bavua ne bundu.,Duck
838074897_9d6270b3cd.jpg,Nsongakaji mukese udi upita mu biamu bia kupela mâyi bua kudina.,Girl playing in water fountain
839295615_bb9baf2f95.jpg,Nsongalume wa nsongo wa lukasa udi usaka dikalu mu njila ne mashinyi a kale.,Car
860928274_744d14f198.jpg,Nsongalume wa nseke udi udia mu tshiamu tshia manaya tshia bule ne tshîa tshidi tshipueka.,boy
864290968_eccb46d5ab.jpg,Muntu wa luonji udi musombe ku tshiibi tshia mashinyi.,Bus driver
871290646_307cddd4e7.jpg,Muntu udi ne nsuki mikole udi mudivuaku bu muena maluvu.,Clown
875731481_a5a0a09934.jpg,Bana- bakaji bavuale bilamba bia pa buatu badi bimane pa tshiteba.,Samba dancer
925491651_57df3a5b36.jpg,Mbua udi upingana mu mâyi.,Dog
94232465_a135df2711.jpg,Mukaji eu udi wenda usaka pa kapia ne udi ukoka nsongakaji wa mu dikalu ku kapia.,Ice skating
96973080_783e375945.jpg,Mbua udi unyema mu kapia.,Dog running in the snow
96978713_775d66a18d.jpg,Bantu bakuabu badi benda benda benda batangila musulu wa mitshi ne wa mabue.,Bridge over a river in the mountains
102455176_5f8ead62d5.jpg,omu ku balinnya omuzira ng'ayambadde jaketi ya bbululu n'empale enzirugavu ng'alinnya ekisenge ky'omuzira omuzira .,Ice climbing
1026685415_0431cbf574.jpg,Embwa enzirugavu ng'esitula eky'okuzannyisa ekya kiragala mu kamwa ng'ayita mu nsiko .,Dog
1122944218_8eb3607403.jpg,Omwana ayambadde ekyambalo ekyeru ng'akutte bendera eriko omwezi n'emmunyeenye .,Baby with flag
115684808_cb01227802.jpg,Abantu basatu mu muzira baateeka ebyuma byabwe mu ntegeka .,Ice climbing
1160034462_16b38174fe.jpg,Omusajja omukadde ng'ayambadde ekikoofiira ky'omusiri ng'atudde ku ntebe mu ppaaka .,man sitting on a bench
119534510_d52b3781a3.jpg,Omusajja eyabadde mu sikaati enzirugavu ng'atudde ku mwalo n'asoma .,Man reading a book on a dock
1215334959_b1970965f7.jpg,Aba famire nga batudde ku ntebe okumpi n'ennyanja .,A family of four sitting on a wall with a beach in the background.
1220401002_3f44b1f3f7.jpg,Abawala babiri abato nga bazannya n'okuseka mu luggya lw'omuddo ogwa kiragala .,two girls playing
1235580648_7eebaed9bc.jpg,Abasajja abakyawa nga bakuba ekifaananyi .,Two men wearing hats
124881487_36e668145d.jpg,Omuntu ng'avuga eggaali n'agwa ku lusozi olw'olwazi .,Mountain biker
1253275679_e955fb7304.jpg,"""ADHD"" t-shirt",boy with down syndrome
1288909046_d2b2b62607.jpg,Embwa enzirugavu ng'ebuuka mu kidiba ky'okuwuga oluvannyuma lw'okuzannyisa emmyuufu .,Dog jumping into a pool
1304961697_76b86b0c18.jpg,Two children wakeboarding simultaneously decide to signal for a high five .,Wakeboarding
1354318519_2f9baed754.jpg,Omwana ng'aseka olw'okufumiitiriza kwe mu ndabirwamu .,baby
136886677_6026c622eb.jpg,Abasajja babiri nga batambulira mu mugongo wansi w'omugga .,Canoeing on the river
1383840121_c092110917.jpg,Embwa enzirugavu ng'eri ku kipande kya bbulu .,Dog
1386251841_5f384a0fea.jpg,Omukazi ng'atunuulira ebifaananyi ebimu mu ddirisa .,A woman looking at a display of clothes in a store
1388970365_162edcceb4.jpg,"Embwa ssatu , bbiri enzirugavu emu enzirugavu , zizannyira mu nsiko .",Dogs playing
1396703063_e8c3687afe.jpg,"Omusajja ayambadde enkuufiira , sikaati enjeru n'empale ya zaabu ng'alina omusaalaba .",cowboy
1398873613_7e3174dd6c.jpg,Omusajja alina t-shirt enzirugavu akwata waya ng'omusajja omulala atunuulira .,man holding a fishing rod
141755290_4b954529f3.jpg,Omukyala ono atunda limonade enkalu.,woman making fresh juice
1418019748_51c7d59c11.jpg,"Omusajja eyabadde ayambadde sikaati enjeru , enkoofiira y'omupiira eya bbulu ng'ayambadde amagulu , ng'akutte emmere emmyuufu n'enjeru eya checkered wrapping .",man
1433577867_39a1510c43.jpg,Embwa enjeru ennyonyoogeze ng'efuuwa mu mazzi ng'erina omuggo mu kamwa .,Dog
1463732807_0cdf4f22c7.jpg,Omulenzi omuto ng'afumiitiriza ku mupiira .,Boy on a swing
1470132731_fa416b7504.jpg,Embwa enzirugavu ng'eyita mu mazzi .,Dog
1473080948_bae2925dc8.jpg,"A person in a blue shirt , helmet and life jacket paddles a yellow kayak .",kayaker
1517807181_ca6588f2a0.jpg,Abaana babiri nga badduka mu nnimiro nga balina kite waliwo olukomera emabega n'ensozi,Children playing with a kite
1528205014_1323aa9dfd.jpg,Omusajja ayambadde engoye eza langi ez'enjawulo ng'akutte ekintu mu ngalo zombi n'akamwenyumwenyu olw'aba kkamera .,Man in a yellow shirt and blue shorts at a gay pride parade
1547883892_e29b3db42e.jpg,Omukazi ng'anyumirwa okusoma mu dduuka lya caayi,A woman sitting at a table outside a coffee shop
155221027_b23a4331b7.jpg,Abantu babiri beekalakaasizza mu nnimiro .,Parachute
1574401950_6bedc0d29b.jpg,Omulenzi ng'abuuka waggulu ku pulasitiika eya bbulu .,boy jumping off a slide
1579287915_4257c54451.jpg,Omusajja ng'ayimiridde ku lwazi olunene oluli mu kiwonvu .,Hiking
167295035_336f5f5f27.jpg,Omugenzi ng'ayambadde enkoofiira enjeru ng'ali ku ludda lw'olwazi .,Climbing
1680126311_b92a2e8e72.jpg,Omulenzi ng'akuba omupiira n'ekifuba .,Soccer
1721637099_93e9ec2a2f.jpg,Omulenzi ng'asula ku ngoye .,laughing
177302997_5b2d770a0a.jpg,Omwana atudde ku mbalaasi ya carousel .,Carousel
1814391289_83a1eb71d3.jpg,Omwana ayambadde nga Spiderman ng'akuba enduulu ku luggi .,Halloween
189721896_1ffe76d89e.jpg,"A man rock climbs up a very tall cliff , with a blue rope behind him .",Rock climbing
189740668_0b045f1ff2.jpg,Omusajja ng'alinnya ku kizimbe ekiwanvu .,Climbing
191003283_992257f835.jpg,Omulenzi omuto ow'ebbeeyi n'omuwala ayambadde jjiini nga bayita mu plaza .,Baby walking in the city
197924859_f6e39a7dfa.jpg,"Omuntu ng'anaaba ebweru , ng'akozesa ekyuma ekifukirira amazzi ng'ensibuko y'amazzi .",Outdoor shower
199463720_329a802206.jpg,Abantu babiri nga bavuga eggaali ku luguudo .,Bicycle
199809190_e3f6bbe2bc.jpg,Abalenzi basatu nga babuuka mu nnyanja .,Swimming
2000459828_3c9e109106.jpg,Two men are hiking with a small child near some interesting shape rock formations .,Hiking
2021602343_03023e1fd1.jpg,Omulenzi ng'akutte omupiira ku kisaawe ky'embaawo .,Basketball
2042009399_afad34e7c1.jpg,Ekibinja ky'abalenzi nga bazannya omupiira gwa bendera ng'abamu ku bayimiridde balaba .,Flag football
2058124718_89822bc96e.jpg,Embwa bbiri eza Weirmeiner mu bikoofiira ebimyufu nga zizannya n'ekinyonyi eky'okuzannyisa,Two dogs running
2061927950_dafba5b8a3.jpg,Omukazi n'omusajja abakutte omwana batudde ku siteegi .,Family
2062607137_dac194ad02.jpg,Embwa enzirugavu n'embwa enzirugavu bali wamu mu muzira omuwanvu .,Dogs
2065309381_705b774f51.jpg,A snowboarder coasting down the side of a snowy hill .,Skiing
2073964624_52da3a0fc4.jpg,omukazi alina amagoba n'enkuufiira ya pinki ng'avuga eggaali ye .,Bicyclist in Central Park
2079554580_f18d5c181b.jpg,Dalmatian adduka mu kibira .,Dog in the forest
2089122314_40d5739aef.jpg,Embwa edduka n'olupapula lw'amawulire mu kamwa .,Dog
2095078658_c14ba89bc2.jpg,Embwa edduka mu muzira .,Dog
2095444126_201ff9f222.jpg,Embwa ng'esuula amazzi,Dog
2097407245_c798e0dcaf.jpg,Omusajja ng'alina emikono egiyimiridde ku mayinja agaakubwa omuzira .,Glacier
2109911919_af45b93ef3.jpg,Omuntu ng'alinnya olusozi olujjudde omuzira .,Ski touring
2123932281_1a4fd38455.jpg,Omuwala omuto ng'alya keeki ne strawberries ku mmeeza ey'embaawo .,girl eating
2144049642_070cf541b4.jpg,Omuwala omuto ng'alaga langi n'obwegendereza mu bifaananyi by'ekitabo kya langi .,girl coloring
2157173498_2eea42ee38.jpg,Omuntu ali mu jaketi enzirugavu ng'akuba snowboard akawungeezi .,Snowboarding
2162469360_ff777edc95.jpg,Abakozi babiri abazimba nga bakolera ku kasolya .,Two men on a roof
2169951750_495820a215.jpg,Embwa enzirugavu ng'edduka mu muzira .,Dog
2173312932_269f9786fc.jpg,Embwa enzirugavu n'embwa enjeru bbiri zisiba oluvannyuma lw'omupiira .,Dogs playing
2180886307_5156460b2c.jpg,Embwa enzirugavu ng'esambira mu mazzi .,Dog swimming
2194494220_bb2178832c.jpg,"Omukazi cross-country skiing , ng'alina embwa enzirugavu .",Skiing with a dog
2196316998_3b2d63f01f.jpg,Omusajja akwata enkomerero y'ebikooyi by'ensawo ng'omusajja omulala azannya .,Bagpipe
2198484810_50a893824a.jpg,Embwa enzirugavu ng'ebuuka ku kizibu .,Dog running
2209888959_d636b1be0b.jpg,Omuwala ng'akutte omuggo ogw'embaawo .,Girl with a stick
2211593099_4a4f1c85d2.jpg,A group of boys pose for a picture .,Boys in a refugee camp in Afghanistan
2229509318_be3fef006b.jpg,Embwa ennene enzirugavu ng'eyimiridde ku bigere bye eby'emabega okumpi n'omukazi .,Dog and girl
223299137_b0e81ac145.jpg,Abantu basatu nga bali mu lyato nga bali ku mazzi ng'enjuba egwa .,Ganga River
2233426944_0959835ced.jpg,Embwa nnya ziddukira ku bbaala ya tennis ng'omulala ayimiridde emabega .,Dogs
2234910971_80e0325918.jpg,Abantu babiri nga batambula mu ddungu .,Mother and daughter walking in the desert
225909073_25c3c33a29.jpg,Omusumba Omugirimaani ng'adduka mu nnyanja,Dog
2268596214_ca532f5c63.jpg,Omusajja alina omutwe ng'atunuulira kkamera ya vidiyo .,cameraman
2280354512_c0d035d53f.jpg,Embwa enzirugavu n'enjeru eyimiridde mu nnyindo mu mazzi amacaafu .,Dog
2286236765_2a63eeb550.jpg,Omuwala omuto ayambadde pinki ng'ayimiridde omusajja ayambadde langi enzirugavu n'atuula wansi .,Father and daughter
2293424366_7b5fcd2398.jpg,Omulenzi omuto adduka ng' ayimirira basketball.,Basketball
2303356248_65dd6aba6f.jpg,Abaana babiri abambadde enkuufiira ez'omuzira n'engoye eza bbulu n'eza kiragala nga beekubira ku tayiro nga bafuluma mu muzira .,Two children playing on a swing in the snow
2304444199_05386d2e9c.jpg,Omuwala omuto ayambadde sikaati ya pinki ne jjiini ng'alinnya ekisenge ky'olwazi okulinnya .,Climbing
2305437797_e6c3460190.jpg,Embwa ng'esambira n'omuggo mu kamwa .,Dog swimming in the lake
2319087586_919472310f.jpg,"A guy with tattoos , sitting on a couch .",A man sitting on a couch
2322327298_7948338390.jpg,Embwa edduka mu muzira .,Dog
2330062180_355ccbceb5.jpg,Embwa edduka mu muzira .,Dog running in the snow
2354064281_10afa38206.jpg,Embwa bbiri mu nnimiro y'omuddo .,Dogs
236095031_5cb17dc54a.jpg,A young boy rock climbing .,Rock climbing
236095034_c983bdfbbf.jpg,Omusajja ali ku lwazi ng'alinnya n'abalaba wansi .,Rock climbing
236476706_175081ce18.jpg,Abakazi babiri batambulira mu luguudo olujjudde abantu .,Two women walking in a parade
2372763106_ddea79d36e.jpg,Embwa enzirugavu edduka mu mbiro .,Greyhound racing
2374247382_023a86b9ca.jpg,Omwana ng'avuga embalaasi ey'embaawo .,boy on rocking horse
237547381_aa17c805e0.jpg,Embwa enzirugavu n'embwa enjeru bali wabweru nga bazannya n'eky'okuzannyisa ekiyitibwa pull .,Dogs playing
2380740486_8cd5d4601a.jpg,Omuwala ng'alina amabaati abiri ku lusozi ng'alaba amazzi .,A woman feeding ducks on the shore of a lake
2384550175_e421d3a871.jpg,Abaana nga bazannya ku swing set ku ppaaka .,Playground
2389107995_ec756f3514.jpg,Embwa enzirugavu ng'esambira mu mazzi .,Dog swimming
241347823_6b25c3e58e.jpg,Omuzannyi w'omupiira ng'alina jjiini ya Sooners emmyuufu ku .,Football player
2414986483_004936f84b.jpg,Omuwala ayambadde ekyapa kya pinki ng'azina n'omusajja ayambadde sikaati ya blues brothers .,Dance
2426828433_ce894d1c54.jpg,Embwa ssatu enzirugavu zizannyira mu nsiko .,Dog
2432709509_2a4d0c833f.jpg,Omwana ng'atudde ku nsiko okumpi n'omuyaga ogwa konkriti .,boy sitting in grass
2444134813_20895c640c.jpg,Embwa zibuuka ku kizibu ku mukolo .,Dog agility
2467821766_0510c9a2d1.jpg,Ekibinja ky'abantu nga bayita mu kibira ekirimu omuzira .,Hiking
2477121456_1ac5c6d3e4.jpg,Omutwe gw'embwa enzirugavu gufuluma mu mazzi .,Dog
2479162876_a5ce3306af.jpg,Embwa enjeru egenda kutambula mu ddungu ne nnannyini yo .,Dog
2480021389_dda9fb2818.jpg,Omusajja ng'akulukusa ennyana ennene ng'obudde bukedde .,Rock climbing in the dark
2480327661_fb69829f57.jpg,Omulenzi omuto ng'akola martial arts .,A young boy in a karate uniform practicing a punch
248646530_03c6284759.jpg,Omwana bamusaddaase ne bamuggyamu omukwano Omwana bamu,Water play
2490179961_e842fda5eb.jpg,"Abawala babiri abato , omu alina chokoleti ku maaso , bakola amaaso .",two girls
2496370758_a3fbc49837.jpg,Embwa enjeru n'embwa enzirugavu nga badduka mu nnimiro ey'omuddo .,Greyhounds
2510029990_7014f907cb.jpg,Omwana ng'asala wansi ekyuma .,Boy on a slide
251958970_fa6b423f23.jpg,Omusajja ayimiridde okumpi n'ekibiina ky'abantu nga bakutte akapande k'okwekalakaasa .,The man who sold the world
2522467011_cc825d89ac.jpg,Omuwala omuto ayambadde sikaati emmyuufu empanvu ng'ayambadde hula hoops nnya eza langi ez'enjawulo .,Hula hooping
2525455265_f84ba72bd7.jpg,Omuwala ng'atudde ku ntebe wakati mu nsiko.,Girl sitting on a bench
2527303359_6c3dc3f282.jpg,Omuwala ayambadde ekyambalo ekyeru ng'atambula okugenda ku mazzi n'ava mu ngatto enjeru ku lubalama lw'ennyanja .,girl on the beach
2528547068_7d37479b9b.jpg,Mmotoka y'empaka emmyuufu ng'eva ku luguudo ng'enywa sigala .,Rally car
2533642917_a5eace85e6.jpg,Omwana omunnyogovu ng'ayimiridde mu mazzi .,boy in a lake
2538477523_1da77eb11c.jpg,Omusajja ng'agoba omuwala omuto ng'ayambadde sikaati emmyuufu enjeru ne bbulu .,Father and daughter walking down a path
2540884723_03d60ef548.jpg,omukazi ayambadde ekikoofiira kya pinki ng'atudde ku siteegi ng'omusajja ayambadde ekkooti enzirugavu ng'atudde emabega wa siteegi ntono .,"man and woman sitting on steps, woman is eating a sandwich"
2550109269_bc4262bd27.jpg,Embwa eri ku kitanda ng'ekutte omupiira gw'omupiira ogw'okuzannyisa .,Dog
2558312618_13d362df66.jpg,Embwa enzirugavu ng'ebuuka mu nnimiro .,Dog
256085101_2c2617c5d0.jpg,Akamwa k'embwa kaggulawo nga bw'akuba .,boxer
2561849813_ff9caa52ac.jpg,Omwana atudde ku bbiici y'omusenyu .,Beach
256439287_990ac4a761.jpg,Omukazi ng'asindika omusajja mu kagaali k'abalema ebweru .,A man in a wheelchair being pushed by a woman.
2568656919_6e49d2a82b.jpg,Embwa bbiri nga zidduka mu mazzi ku lubalama lw'ennyanja .,Beach
2587017287_888c811b5a.jpg,Embwa enzirugavu ng'eyita mu mazzi ag'obutonde .,Dog
2588625139_fdf6610218.jpg,Abavubuka babiri nga bazannya ne hula-hoops .,Hula hoop
2596619849_7b635dd310.jpg,Abaana bana nga bazannya wabweru .,children playing
2599903773_0f724d8f63.jpg,Little boy in plaid shirt blows bubbles outside .,boy blowing bubbles
2602679255_785b851b46.jpg,Omukazi ayambadde olugoye ng'avuga eggaali .,"World Naked Bike Ride in Zurich, Switzerland"
2603334363_cfa32c4482.jpg,Omuwala ayambadde olugoye lwa fairy ng'avuga eggaali essatu .,girl on tricycle
2621771656_09a620da6d.jpg,Ekibinja ky'abantu nga balindiridde wabweru w'ekikomera mu kitundu .,Crowd
2623496164_68ffeb5067.jpg,A biker on a dirt path .,Mountain biking
2623560640_0445c9a138.jpg,Abaana babiri bayimiridde wansi w'ekitundu ekyatemeddwa mu muti omunene .,The tunnel tree
263216826_acf868049c.jpg,abafumbo nga batudde ku lwazi oluli mu kiwonvu ekijjudde emiti,couple
2632381125_de32bdfdf6.jpg,Embwa bbiri zombi nga zirwana okufuga Frisbee nga bali mu nnyanja .,Dogs playing in the water
2635938723_11b85e6763.jpg,Omwana omuto ng'alya Popsicle emmyuufu .,boy eating ice cream
2655183854_5852790214.jpg,Omukazi ng'alaga ng'abalala batwala ebifaananyi by'ekintu,Tourists
2685788323_ceab14534a.jpg,Omusajja anaatera okuggyawo entebe n'atuula mu wooteeri .,This is my dad. He is a very cool guy.
2695093520_5cfeb0729d.jpg,Abafumbo nga bakwata emikono okumpi n'endabirwamu ennene ennyo ebweru .,Mirror
2695961935_a2a6338f26.jpg,Embwa ng'ebuuka ku kizibu ekiri ebweru .,Dog
2699125097_c6801d80ed.jpg,"Omusajja ow'ekifuba ekitaliimu kifuba ng'alina Mohawk , ebikire n'amagoba .",Man with a mohawk and a beard
2699733386_c346c87ea6.jpg,Embwa enzirugavu ng'eyita mu mazzi .,Dog
2702506716_17a7fb3ba4.jpg,Embwa ng'efulumya omutwe okuva wansi w'amadaala ag'ekika kya gray .,Dog
2706430695_3b5667741c.jpg,Abawala babiri bayimiridde mu kidiba ku mabbali g'oluguudo .,Girls playing in a puddle
2727051596_be65bfb3d3.jpg,Abalenzi babiri nga banyumirwa okutambula mu ppaaka y'amasanyu .,Boy on a ride
2737233999_34d60dc5c3.jpg,Abantu bana nga bazannya basketball ku pulaani ebweru .,Basketball
2738255684_0324ed062d.jpg,Ekibinja ky'embwa za greyhound kidduka okwetooloola ekkubo ery'ettaka .,Greyhounds racing
2744321686_8811d8428c.jpg,Omusajja ayambadde sikaati ya bbulu ng'asoma empapula emabega w'entebe eyamenyese .,"man sitting in a cafe with a sign on his chair that says ""wanted"""
2744600462_5804577296.jpg,A pack of bicyclists taking a turn during a race .,Bicycle race
2744705574_519c171ca0.jpg,Embwa edduka ku mazzi ng'erina Frisbee mu kamwa .,Dog playing in the water
2745811124_12c4426b8b.jpg,Omuwala ng'ali mu kibinja ky'abantu ng'akutte endiga eyasibiddwa .,A young girl shows her sheep at the fair.
2759596272_e0ce0a965a.jpg,Omuwala omuto ng'abuuka okuva ku mupiira .,Girl playing on a playground
2768662025_44001fe5d1.jpg,Omuvubuka ng'adduka mu dduwa y'oku luguudo.,Girl running
2771424045_1fdf9617eb.jpg,Omuwala ng'asinda omukwano n'omusajja mu langi mu maaso .,Man and woman
278105206_df987b0ca0.jpg,Embwa edduka mu muzira .,Dog
2785108434_cd4a1c949c.jpg,Omwana ng'abuuka mu bbanga ku lubalama lw'amazzi .,Jumping for joy
2804374083_311f98f5f2.jpg,Omuwala omuto ayambadde bikini ya pinki ng'aseka wansi mu ssweeta y'amazzi .,girl on water slide
2807177340_bc85291df5.jpg,Omulenzi ng'azannya ku kisaawe,Playground
2819254573_9ecb5f4d5e.jpg,Omwana ng'akuba enduulu ng'ali ku mupiira .,boy on a roller coaster
2823200990_7b02b7cc36.jpg,Omuvubuka ng'ava ku ntebe.,boy jumping
2826647354_650ff5eb03.jpg,Abavubuka babiri nga bavuga pikipiki zaabwe mu luguudo .,Bicycle
2830869109_c4e403eae6.jpg,Omulenzi n'omuwala nga bazannya n'ebikonde mu kidiba ky'omuddo.,girl running in the rain
2833431496_09d999db4d.jpg,Abaana babiri nga batunuulira wansi nga bayita mu kikomera .,children
2836360729_6500249fe6.jpg,Omukazi akamwenyumwenyu ku lubalama lw'ennyanja aziikiddwa mu nnyanja .,Kelp
2838619742_eed855d8a8.jpg,Omusajja atalina sikaati ng'alinnya olwazi .,man climbing
2839890871_4b7c7dbd96.jpg,Abaana babiri abambadde ebyuma bya martial arts nga balwana ku mpale ya bbulu .,Two young boys sparring in a karate tournament.
2853407781_c9fea8eef4.jpg,Omusajja ayambadde jaketi n'ekkooti ng'afukamidde n'anywa mu kikopo .,Homeless man
2856923934_6eb8832c9a.jpg,Abasajja babiri nga bavuga jet ski eya bbulu n'enjeru .,Jet ski
2862469183_a4334b904a.jpg,Embwa ennene enzirugavu ng'ebuuka ku mbwa entono enzirugavu .,Dog
2864340145_d28b842faf.jpg,Embwa enzirugavu ng'eyita mu mazzi .,Dog
2865564810_5c63328cd4.jpg,Waliwo akola flipping trick ku ggaali emmyuufu mu maaso g'abantu bangi .,Bicycle
2865703567_52de2444f2.jpg,Omusajja ng'ava mu kizimbe ekimu n'agenda mu loogi endala,Skateboarder
2868136205_3cf679208d.jpg,Omwana omuto ng'ali ku mmotoka ya pulasitiika,Toddler playing with toy car
2868668723_0741222b23.jpg,Omwana bamusaddaase ne bamuggyamu omukwano Omwana bamu,boy on a swing
2870875612_2cbb9e4a3c.jpg,Embwa ng'esambira n'omuggo mu kamwa .,Dog swimming in a lake
2880874989_a33b632924.jpg,Omwana omuto ng'atuuka okukwata ku ffumbiro .,child
2882893687_1d10d68f2b.jpg,Abaana babiri nga bali mu nsiko mu maaso g'ennyumba .,children
2885912662_a3a2dfde45.jpg,Omuwala omuto ng'agoba bbaala ya pinki ku luguudo lw'amayinja .,girl playing with a ball
2887103049_a867e74358.jpg,Omuzannyi wa skateboard ng'akola akatego .,Skateboarder doing a ollie in front of a building
2891961886_b7a2f0b0fd.jpg,Man skates along cement wall .,Skateboarder
2911107495_e3cec16a24.jpg,Omusajja ng'akola sikaati ku kikomera ky'ensimbi .,Inline skating
2911245290_b2c79f328a.jpg,Omusajja n'omwana nga bagenda wansi mu mazzi .,Water
2911658792_6a6ef07e3a.jpg,"Boy in a red , white and blue shirt skateboarding .",Skateboarder
2917843040_7c9caaaa8a.jpg,A guy in red jumping .,Jumping
2922981282_203f04bf9b.jpg,Abafumbo nga beebase ku kitanda nga bali wamu,couple
2931254547_e97c6d0d63.jpg,Omukazi atalina kifuba ng'akutte ekiwuduwudu kya conch ng'abantu bamutunuulira .,Water fight
2933637854_984614e18b.jpg,Omuzannyi w'omupiira ng'ayambadde jjiini ya layini ng'akutte omupiira,American football player
295258727_eaf75e0887.jpg,embwa bbiri enzirugavu nga zidduka ku njuyi zombi ez'ekkubo,2 dogs
2962977152_9d6958fdd5.jpg,Abazannyi b'omupiira babiri nga balwanira omupiira .,Football player
296873864_4de75de261.jpg,Embwa ng'etwala omuggo mu kamwa .,Dog
2977246776_b14be8290d.jpg,"Omuwala omuto ng'akulukuta , omukazi ayimiridde emabega we .",Girl on a swing
2978409165_acc4f29a40.jpg,Omusajja ayambadde olugoye lwa bbulu ng'avuga amayengo ku surfboard enjeru .,Surfer
2986620935_e97763983d.jpg,Abavuzi babiri nga babuuka ku pikipiki z'ettaka,motocross
2993167183_2bda95fa3d.jpg,Miami basketball player .,Basketball
2993388841_6746140656.jpg,Omuzannyi wa basketball mu layini alina omupiira ate omulala mu bbulu agezaako okumulemesa .,Basketball player
299572828_4b38b80d16.jpg,Omusajja eyabadde mu sikaati ey'ekika kya plaid akubye omuti n'Axle .,Tree surgeon
2999735171_87ca43c225.jpg,Abantu abawerako mu bbandi nga babuuka waggulu ne wansi ku nnyimba .,A band plays on the quad while students vote in the 2008 presidential election.
3003691049_f4363c2d5c.jpg,Omuwala ng'azannya n'embwa okumpi n'emmotoka ya poliisi .,"Car, Girl, Dog, Garage, Police, Vehicle"
3019857541_3de3e24f54.jpg,Embwa ng'ebuuka mu bbanga ku bikoola ebimu .,Dog
3021780428_497542a072.jpg,Omulenzi omuto ng'asindika omusajja omunene mu kagaali k'abalema .,wheelchair
3028561714_83fb921067.jpg,Embwa enjeru n'enzirugavu edduka mu nsiko .,Dog running
3029472296_d429b1586c.jpg,Abasajja babiri abambadde emijoozi emmyufu nga batambula ku bisenge by'ekizimbe ekyeru .,Parkour
3030566410_393c36a6c5.jpg,Omukazi ng'akutte omwana omuto ng'agwa mu kidiba ky'amazzi .,Water slide
3035785330_2fd5e32bb1.jpg,Omusajja ng'alwana n'omwana ku ttaka .,man on the floor
3036033157_522a43a550.jpg,Embwa ng'ekuba n'omupiira gwa bbulu spiky mu nsiko .,Dog
3036596725_541bbe0955.jpg,Embwa enjeru ey'ekika kya greyhound ng'eyambadde muzzle edduka ku luguudo .,Greyhound
3038941104_17ee91fc03.jpg,Omugoba wa sikaati ng'abuuka ku luguudo lw'ebidduka .,Skateboarder doing a ollie over a traffic cone
3047144646_2252ff8e04.jpg,Abantu bataano bayimiridde mu nsiko n'embwa ssatu .,Dogs and their handlers
3047264346_e24601bfbf.jpg,Omusajja ayambadde ekyapa ky'emmwaanyi ng'ali n'omukazi ayambadde amatu ga elf .,Halloween party
3050114829_18bc5a6d7c.jpg,Omuntu ng'atambulira wansi w'amayengo amanene .,Surfer in the tube of a wave
3080056515_3013830309.jpg,Omwana bamusaddaase ne bamuggyamu omukwano Omuwala ayambadde enkuufiira emmyuufu n'enjeru n'ekyapa .,two boys
308014594_f1d5e75507.jpg,Abakazi babiri nga bambadde engoye za Japan ez'ebbeeyi .,Geisha
3084149186_4bc08b0752.jpg,omugenzi ow'eddembe yeesibye ku lwazi ng'omusajja ayambadde t-shirt eya kiragala amutunuulira .,Bouldering
3087095548_6df7c2a8ed.jpg,Abantu bangi batunuulira ku mabbali g'olutindo .,Bridge collapse in Iran
3088572348_264c47f78c.jpg,a windsurfer is making a big splash in the ocean while riding a red windsurf .,Windsurfing
3091916691_b1c96669c6.jpg,Abasajja basatu akamwenyumwenyu nga bambadde emijoozi egya langi ez'enjawulo .,Men in Dhaka
3093970461_825b0cac2f.jpg,Abakazi babiri bali mu kifuba ku luguudo oluli ku lubalama lw'ennyanja .,Two women hug on the beach
3093971101_543237971d.jpg,Surfer in wetsuit riding before a wave,Surfer
3099965396_2a0018cb9e.jpg,Omusajja omukadde ayambadde ekkooti enzirugavu empanvu ng'ayimiridde ku luguudo .,The man in the green coat
3100251515_c68027cc22.jpg,Ekibinja ky'abantu abaabadde beekalakaasa mu kkubo .,"Demonstration against the nuclear power plant in the city of Karlsruhe, Germany"
3106857210_07a92577fc.jpg,Omukazi ayambadde t-shirt eya kyenvu n'engoye z'enjuba ng'atambulira ku mabbali g'oluguudo .,Woman walking on the boardwalk
3108378861_d2214d971e.jpg,Omukazi ng'ayimiridde okumpi n'omusajja atudde ku mwala .,couple
3118534315_cc03e5ddab.jpg,Omusajja ng'akuba vidiyo y'okuwandiika omulala ku poloti .,Two photographers
3122497129_d08f5729b8.jpg,Embwa bbiri mu muzira nga zizannyira ku mugongo omumyufu .,Dogs playing in the snow
3123770450_cedc16d162.jpg,Deer and turkeys in the snow .,Turkeys and deer
3133044777_8cc930a4ec.jpg,Omusajja atunda ebibala.,Fruit stand
3134387513_ceb75bea0a.jpg,Abantu babiri akamwenyumwenyu nga balina ebyokunywa mu ngalo nga buli omu afaanana munne okukuba ekifaananyi .,couple
3139389284_f01bd4c236.jpg,Embwa enjeru ng'ebuuka ku luguudo .,Dog
3143978284_ac086be9a3.jpg,2 N'omukazi n'azaala omwana,Baby with grandmother and mother
3145967019_1a83ebf712.jpg,Abakazi basatu nga bakuba ekifaananyi,three women
3150380412_7021e5444a.jpg,Embwa enzirugavu ng'eyita mu mazzi .,Dog
3155365418_43df5486f9.jpg,a snowboarder gets some air .,Snowboarding
3172369593_eb4d787ffb.jpg,Omuwala alina ensawo ennene enjeru ng'atunuulira ebifaananyi mu kivvulu ky'ebifaananyi .,The exhibition
3175712926_5a470d0886.jpg,Ekinyonyi kibuuka mu bbanga .,Great Blue Heron
3178599352_c57fdebcd2.jpg,Omuwala atudde ku ntebe enjeru n'omulenzi okumpi .,A young woman and a young man sitting on a couch.
3181328245_7c04ce1691.jpg,Abaana abato babiri nga batudde mu muzannyo gwa pulasitiika ogwa bbulu .,two toddlers playing together
3183883750_b6acc40397.jpg,"Two people pose for a picure holding a card that says "" know what this is ? """,two girls holding a book
3184206563_5435f2b494.jpg,Omukazi ayambadde sikaati ya bbulu ng'adduka mu nnimiro ya brown .,woman running
3189002057_3ef61b803e.jpg,Omusajja n'omuwala batambula ku lubalama lw'ennyanja ng'enjuba egwa .,Sunset
3197891333_b1b0fd1702.jpg,Aba famire nga beesimbyewo mu maaso g'omuliro n'omuti gwa Ssekukkulu .,Family
3202360797_2084743e90.jpg,Embwa ng'etambula mu luguudo lwa tayiro mu muzira .,Dog
3203908917_53e53c03d1.jpg,Abasajja bayokya bendera ya Yisirayiri .,Burning of a flag
3209523192_05a4cef844.jpg,A skier slaloms by a red flag .,Skiing
3211029717_2affe6bbd5.jpg,abantu bayimiridde ku mabbali nga bakuba amasasi ku masasi g'Abaruumi,Fireworks
3214579977_fa9fb006a6.jpg,Embwa enzirugavu ng'ebuuka mu muzira .,Dog
3215108916_0473007b47.jpg,Okutunuulira ku luguudo lw'eggaali y'omukka ku bantu abali ewala .,Train tracks
3216762979_813c45a8ec.jpg,Omwana omuto ng'atambula ku luguudo lw'ettaka .,boy
3217909454_7baa0edbb2.jpg,Omukazi omukulu ow'olususu oluddugavu ng'akutte omwana ow'olususu olukyaka .,grandmother and grandchild
3223224391_be50bf4f43.jpg,Embwa enzirugavu ng'edduka mu nnimiro,Dog
3226796100_08c49cfa5c.jpg,Omwana omuto ng'alina omupiira gwa Golf Club,Girl playing with a toy
3227111573_c82f7d68b1.jpg,Abantu basatu nga bayimiridde ku lusozi wakati okutuuka ku ntikko .,The three of us at the top of the hill
3227148358_f152303584.jpg,Ekinyonyi ekinene ekyeru nga kibuuka ku mazzi .,Snowy Egret
3227423095_5049951eab.jpg,Omuntu ali ku ggaali ng'abuuka waggulu mu bbanga .,Bicycle
3247168324_c45eaf734d.jpg,"Abantu babiri , omu ng'alina ekyapa ky'omusana , bakuba enduulu mu ddirisa ly'omukka .",Limousine
3249738122_decde6c117.jpg,Embwa ssatu ziggyayo omuguwa mu mbiro mu muzira .,dog sledding
3251088971_f4471048e3.jpg,"Omukazi omukulu ng'atudde ku mmeeza mu wooteeri , ng'akutte giraasi .",Woman in a bar
3255017708_2b02bfcdcf.jpg,Omusajja ayambadde sikaati za bendera ya Amerika ng'ayimiridde waggulu w'amadaala .,man wearing shorts with american flag pattern
3255620561_7644747791.jpg,Omugenzi ng'abuuka ku nnyumba mu kibira ekirimu omuzira .,Snowboarding
3257103624_e76f25ff9e.jpg,"Abasajja babiri , nga batambula mu kiwato mu mazzi , ng'omusajja omu talina sikaati ng'alina enviiri eza kiragala n'emikono gya pinki .",Swimming
3257107194_f235c8f7ab.jpg,Abasajja babiri balinnya ku mataayi nga batudde mu mazzi ag'omusulo .,Mud race
3259222980_04fb62df97.jpg,Abasajja babiri bayimiridde ku mmeeza nga balina eby' elektroniki.,Two men working on a radio station
3262793378_773b21ec19.jpg,Omuvuzi wa bodaboda ayambadde sikaati emmyuufu n'enkuufiira ng'abuuka eggaali ye ku waya,Bicycle
326334188_8850b7bfd4.jpg,Omusajja alina enkuufiira eya bbulu ng'alina ekyuma ekikuba omutwe ng'ayimiridde mu mpuku .,Cave
3263395801_5e4cee2b9e.jpg,A dirt biker rides his motocycle through the woods .,Mountain bike rider
3274691778_94bb57bba3.jpg,A band playing in a dark indoor area .,The stage
3275704430_a75828048f.jpg,Omuntu ayambadde ebyambalo ebiddugavu ng'abikka ku maaso n'emikono .,woman covering her face with her hands
327621377_0bc3b7fd26.jpg,embwa emu enzirugavu ng'edduka n'omupiira ne tayiro entonotono mu kamwa ate endala enzirugavu n'egoberera .,Dog
3279025792_23bfd21bcc.jpg,Embwa enzirugavu ng'edduka mu muzira .,Dog
3279524184_d5e2ffbaed.jpg,Embwa enjeru bbiri zidduka ku nnimiro ya langi enjeru ate emu erina eky'okuzannyisa ekya bbulu .,Two dogs running in a field
3285298241_9b1ed98d19.jpg,Omusajja ayambadde omupiira gwa bbulu ng'akuba amasasi .,Basketball player
3286198467_8880be127e.jpg,Embwa ng'etwala ekintu mu kamwa .,Dog
3286761458_34af7e4499.jpg,"Abakazi babiri abalina obubonero obugamba nti "" Free hugs "" .",Free hugs
3293751640_d81a6f3a0c.jpg,Omusajja ayimiridde mu maaso g'edduuka ly'amatooke ng'ayambadde jaketi enzirugavu .,Black man in a pea coat
3301935788_2bb7bbc515.jpg,"A person in a white coat and pink pants snowboards at the "" snow park "" .",Snowboarding
3302804312_0272091cd5.jpg,Embwa enzirugavu n'enjeru edduka okumpi n'ekisenge eky'embaawo ng'alina omupiira gwa tennis mu kamwa .,Dog
3304556387_203b9d4db0.jpg,Omusajja ng'azannya n'embwa bbiri mu luggya lwe .,Dog playing with owner
3315110972_1090d11728.jpg,Ekinyonyi ekinene ekyeru nga kibuuka ku mazzi .,Great egret
3319020762_d429d56a69.jpg,Abantu babiri bali mu mayengo .,Swimming
3319405494_58dee86b21.jpg,Abavuzi ba ski babiri bagezaako okukola obukodyo ate owookusatu n'ateeka emabega w'okubuuka kwabwe .,Skiing
3319586526_3994e9cd58.jpg,Abantu nga bali mu kivvulu nga bambadde engoye eza langi ez'enjawulo n'okuzina .,Carnival
3321516504_5ee97771cb.jpg,Omusajja ng'akutte omwana eyeebase ne bulangiti eya kiragala .,father and son
3322200641_c2e51ff37b.jpg,Embwa enzirugavu ng'ebuuka mu muzira .,Dog
3335997221_254366c400.jpg,Abantu bataano abaabadde mu ngoye enzirugavu nga banyumya mu kisenge ekyeru ekya bulijjo .,People
3339916063_63b960ed46.jpg,Abalenzi babiri abali mu yunifoomu nga bazannya omupiira .,Soccer
334737767_7f344eee16.jpg,Embwa enzirugavu n'eya tan nga badduka mu nnimiro,Dog
3347666612_659e6e2207.jpg,Abaana babiri bafuuyiddwa amazzi..,Kids playing with water
3349258288_5300c40430.jpg,Omugoba wa sikaati ali mu bbanga oluvannyuma lw'okusika omuguwa ku seminti .,Skateboarder doing a ollie over a curb
3352531708_a65dd694b1.jpg,Abantu nga bavuga emiramira ebiri ku bbiici .,Camel ride
3355827928_c96c0c3e88.jpg,Omusajja ng'ali ku ggaali mu mpewo,Bicycle
3356748019_2251399314.jpg,Abavuzi basatu abambadde emijoozi emiddugavu nga babuuka eggaali zaabwe eza BMX mu bbanga .,Bicycle motocross
3358558292_6ab14193ed.jpg,Abavubuka abalenzi basatu n'abawala babiri bakola ebifaananyi eby'essanyu mu maaso .,group of friends
3363836972_c87b58c948.jpg,Omuzannyi w'omupiira nga yeetegekera okukuba omupiira .,Soccer player
3364026240_645d533fda.jpg,a lone skier skiing down a snowy mountain on one ski .,Skiing
3365348059_9773165302.jpg,omukazi ow'ebbeeyi ng'anywegera amatama g'omusajja ow'enviiri enzirugavu .,couple
336551609_1385ab139e.jpg,Omuntu ng'atambulira mu kkubo ery'omuzira mu nsozi .,Skiing
3374384485_751f719be4.jpg,Omuntu ng'abuuka eggaali okuva ku ramp mu kibira ekitaliimu .,Mountain biker jumping over a wooden obstacle
3375549004_beee810e60.jpg,Ekibinja ky'abasajja abambadde ebyambalo ebya kiragala nga batambula mu layini .,Monk
3375843443_8d9b242aa5.jpg,A skateboarder high in the air at indoor ramp .,Skateboarder
3376972502_35e3e119cd.jpg,Omuntu ng'atambulira mu kifo ekirimu omuzira .,Skiing
3377570617_d2f2225a74.jpg,Abakyala babiri abalina enviiri empanvu n'omubiri omunene nga beesimbyewo ku kkamera mu maaso g'emiti .,two women
3380407617_07b53cbcce.jpg,Omwana ayimiridde mu muzira n'atunuulira eggulu ennungi .,Boy in snow
3383491811_fd9d3a891d.jpg,Brown dog with black collar licking nose .,dog
3384314832_dffc944152.jpg,Brown and white dog jumping over a low rail with a tennis ball in his mouth .,Dog
3386060324_b98fdfa449.jpg,Omuntu ng'akola akatego ku ggaali,Mountain biker jumping
3388836914_c267cf3a59.jpg,omukazi omuzannyi wa tennis ali mu layini okutwala omupiira ne racquet ye .,Tennis player
3398746625_5199beea71.jpg,Omusajja ng'akola emikono ku bbiici .,Handstand on the beach
3404552106_f516df0f5b.jpg,Ekibinja ky'abawala b'omu Asiya abambadde engoye eza pinki n'eza kyenvu nga bambadde layini enzirugavu,Thai girls in traditional dress
3414734842_beb543f400.jpg,Abafumbo nga bakutte emikono n'omukazi omulala nga batambula mu kkubo ery'emiti .,Family
3415311628_c220a65762.jpg,Omusajja omukadde avuga go cart n'omwana omuto .,Go-kart
3416013671_98b5c75046.jpg,Omusajja alina ebirevu mu maaso ng'akuba ensawo,Bagpiper
3423249426_02bedf9260.jpg,Ekibinja ky'abakyala nga banyumya wamu nga tebafaayo ku ndowooza z'ebikoola .,group of women
3425071001_e7c9809ef2.jpg,Omulenzi ng'akuba omupiira gwa tennis n'omupiira gwe ogwa tennis .,tennis player
3425853460_bfcd0b41f6.jpg,Omusajja ng'akuba omupiira gwa tennis mu mpaka z'omukugu .,tennis player
3431194126_ca78f5fde6.jpg,Abantu babiri batambula ebweru nga bakutte emikono .,old couple
3432656291_a6c7981f6e.jpg,Ekibinja ky'abantu nga bayimiridde okwetooloola omuliro omumyufu .,Fire truck
3441511444_b031585b45.jpg,Abasajja babiri nga bassa omukono ku kiwandiiko,Two men in front of a ship
3443351431_7b4061df5c.jpg,Ekiwuka ekya bbulu omuddugavu nga kibuuka ku bimuli ebyeru .,Carpenter bee
3446191973_1db572ed8a.jpg,Abantu abawerako bayimiridde n'ebikooyi by'amazzi .,People waiting for the ferry
345284642_77dded0907.jpg,Embwa enzirugavu ng'eyita mu nnimiro ey'omuzira ng'erina ekintu mu kamwa .,Dog retrieving a dummy
3454754632_977c1523be.jpg,Omuwala omuto ng'ali mu jaketi ey'ekika kya fleecy ng'akutte ensolo ey'omulembe n'akamwenyumwenyu .,girl
3467843559_a457ce37b6.jpg,"Abalenzi basatu nga beesimbyewo ku mabbali g'oluguudo , omulenzi omu ng'akutte kkamera .",three boys
3474406285_01f3d24b71.jpg,Embwa enzirugavu ng'ebuuka ku kizibu .,Dog agility
3474999131_788cbf253f.jpg,Embwa enzirugavu ng'ebuuka ku kizibu .,Dog agility
3482668767_66004ce736.jpg,Abaana abawerako nga bakutte ebifaananyi mu maaso .,A group of people holding up cardboard frames in front of their faces
3485599424_94de8ede51.jpg,Embwa ey'ekika kya leashed eri mu luggya lw'omuntu 'ennyumba .,Dog
3487261028_30791528ec.jpg,Embwa ng'ebuuka ku muwala omuto .,Dog
3488512097_e500cb499f.jpg,Omusajja ayambadde ebyambalo eby'omulembe omuli ne sikaati ng'avuga eggaali y'ettaka ku luguudo lw'ettaka .,Enduro
3493844822_c315a11275.jpg,Omusajja ow'empewo ng'ali ku surfboard .,Surfer
3495453699_1c9faedf3c.jpg,"Omusajja ng'alaga omuwala omuto , emikono gye nga gisimbye , ng'alina ekkanisa ennene emabega .",The man is pretending to fly.
3498354674_b636c7992f.jpg,Skateboarder sliding down a stair rail .,Skateboarder doing a 50-50 on a ledge
3498423815_5b8fc097f4.jpg,Omulenzi avuga eggaali ng'omusajja akwata eggaali .,Father teaching son to ride a bicycle
3505657604_8899161734.jpg,Abawala babiri mu buwale bayimiridde munda mu katale k'okugeza .,girls in the shower
3506216254_04d119cac7.jpg,"Omuvubuka , omusajja eyali ayambadde engoye z'enjuba ng'akuma sigala ku luguudo lw'ekibuga .",Man smoking a cigarette
3514297698_0512623955.jpg,Embwa ng'ekwata omupiira gwa tennis ogwa kyenvu ku lubalama lw'ennyanja .,Dog playing with a ball on the beach
3517124784_4b4eb62a7a.jpg,Omukazi ng'ayambadde yunifoomu ya baseball ng'akulukuta omupiira .,Softball
3520321387_710ab74cda.jpg,Omukazi n'omwana akamwenyumwenyu olw'ekifaananyi .,Mother and son
3520617304_e53d37f0af.jpg,Abasajja babiri ab'amagye nga beegezaamu 'take-down ' maneuver .,Marine doing a flying side kick
3526805681_38461c0d5d.jpg,Omusajja ng'akutte akapande n'embwa ku kabangali .,A man and his dog
3527715826_ea5b4e8de4.jpg,Omuwala ayambadde sikaati enzirugavu n'empale za pinki ng'azannya tennis ku kisaawe kya tennis .,Tennis
3537920947_6c5a956f47.jpg,Person skateboarding on a wooden bench .,Skateboarder
3539817989_5353062a39.jpg,Omusajja afukamidde ku ttaka nga yeetooloddwa embizzi eziwerako,man feeding cats
3541141771_67d305c873.jpg,Abantu babiri nga balinnya ekintu eky'ekika ekimu nga bali wala,Climbing
3552435734_04da83b905.jpg,Embwa enzirugavu ng'eyita mu mazzi .,Dog
3553374585_25b1bd6970.jpg,Abasajja basatu nga batambula mu maaso g'eweema eya langi ez'enjawulo nga balina akapande .,Tent for the victims of the 2010 Pakistan floods
3557316485_574a5f7a89.jpg,Omugoba wa sikaati ng'alinnya ku kasozi .,Skateboarder
3558251719_3af5ae2d02.jpg,Omusajja n'embwa bayimiridde mu nsiko .,Dog training
3560081723_62da0035bd.jpg,Omusajja avuga mmotoka ey'emipiira ena off-road .,Quad
3567604049_da9e1be4ba.jpg,Omwana ng'abuuka mu kidiba ekinene .,Swimming
3569420080_72fbe84751.jpg,Omusajja ayambadde yunifoomu ng'ayimiridde okumpi n'omukazi alina enviiri eza kyenvu .,Military officer and his wife
3569979711_6507841268.jpg,Omulenzi ng'akola flip mu bbanga ku bbiici .,Flip
3576250302_14779632bd.jpg,Omuvuzi wa bodaboda ng'akuba obucaafu ng'akyuka .,Off-road motorcycle
3594029059_cee1f4c59a.jpg,Empungu ebuuka mu bbanga .,Bald eagle
3600909823_ce72c26e66.jpg,Omuzannyi wa sikaati akola akakodyo ku kukwatagana n'omupiira .,Skateboarder in a bowl
3612485611_12dd7742f7.jpg,Abasajja babiri nga babuuka ebweru ku nsiko .,Two men playing kickball
3613030730_0b28b079ba.jpg,Omwana omuto ng'azannyira mu bbaafu n'ebicupuli ne suds .,boy in the bath
3613323772_d15cef66d1.jpg,Omwana ali ku sikaati ng'abuuka mu bbanga .,Skateboarder
3622929632_26fb800000.jpg,Embwa ng'erina baseball mu kamwa .,Dog with baseball
3624076529_9793655a21.jpg,Embwa ng'esambira n'omuggo mu kamwa .,Dog swimming
3628994466_a12065d29b.jpg,Omusajja ng'akutte ekikopo oluvannyuma lw'empaka .,English:
3631136463_53ff624b82.jpg,Embwa bbiri eza langi enzirugavu nga zitambula mu muzira bombi nga bakutte omuggo omunene .,Dog
3635991166_f95304af0a.jpg,Abalenzi bana bali wabweru ku muzannyo nga balina bbaala eya kiragala n'eya kyenvu .,Boys with a football
363617160_6cb0c723be.jpg,Omuwala omuto ng'asiiga langi enjeru ebweru .,A girl painting a mural
3638459638_ec74e3ff89.jpg,Amayengo mu nnyanja gagudde ku mukazi .,A woman is being splashed by a wave.
3638992163_a085cc0c24.jpg,Embwa enzirugavu n'enjeru ng'ebuuka mu mupiira omumyufu .,Dog jumping through a tire
3640422448_a0f42e4559.jpg,Omuvuzi w'eggaali y'ensozi ng'abuuka eggaali ye ku muti oguli mu kibira .,Mountain biker jumping a dirt jump
3647446816_bd4383c828.jpg,Omuwala ng'azannya omupiira gwa softball ng'ayingira awaka,Softball
3650111717_346804ec2f.jpg,Embwa entono ennyonyoogeze ebuuka okukwata omuggo .,Dog
3652859271_908ae0ae89.jpg,Omukazi mu langi emmyuufu ng'alina bbiya n'addirira omusajja mu langi enjeru .,The North Face
3655326478_4472c5c630.jpg,Omukazi ng'azannya n'embwa ye ku luguudo olulemesa .,A woman and her dog in agility
3668259129_e073af1533.jpg,Omuzannyi wa skateboard ng'akola akatego .,Skateboarder
3671262694_29fbeb9d95.jpg,Omugenzi ng'akola ekikwekweto ku ppaaka ya skate.,Skateboarder
3677613006_4689cb8e4e.jpg,DJ omukazi ng'akutte alubaamu ya Michael Jackson .,dj
3679341667_936769fd0c.jpg,abakazi babiri nga bakuba ebikonde .,Muay Thai
3679407035_708774de34.jpg,"Waliwo omusajja ayambadde ekyapa kya bbulu ekya shredded nga kigamba nti , "" Boys Will Do Boys , "" ng'akuba emikono ku kamera .",Crop top
3688839836_ba5e4c24fc.jpg,Omukazi ng'akutte akabonero k'emirembe mu kivvulu .,United in Pride
3691670743_0ed111bcf3.jpg,Omugoba wa sikaati ali mu mpewo ku mwala .,Skateboarder on a bridge
3694093650_547259731e.jpg,Abantu bali mu ngoye enkadde ezirabika .,group of pirates
3700554247_9824ae6f3a.jpg,Crane enjeru enoonya emmere mu mazzi .,Great egret
3705430840_e108de78bf.jpg,Omusajja ayambadde sikaati ya bbulu ng'avuga unicycle ku luguudo .,Unicycle
3705688385_47651205d3.jpg,Boy throwing something into the ocean .,Boy throwing stones into the water
3708266246_97a033fcc7.jpg,Embwa enzirugavu ng'ebuuka ku kizibu .,Dog jumping over a hurdle
371364900_5167d4dd7f.jpg,Embwa enzirugavu ng'eyita n'obwegendereza ku mazzi agamu .,Dog
3713922357_e0a013fb97.jpg,Omusajja ali mu langi emmyuufu ng'ali ku pikipiki y'ettaka ng'akuba ebifaananyi .,Downhill mountain biking
3726629271_7639634703.jpg,"Embwa nnya zitunuulidde ekintu ekitalabika , bbiri nga zibuuka mu bbanga .",Dogs playing
3741462565_cc35966b7a.jpg,Omuwala omuto ng'ayambadde sikaati ya pinki ng'anywa amata amanene aga chokoleti .,girl with milkshake
389643437_9a9830a3ba.jpg,Abawala babiri abalina enkoofiira za baseball balya emmere ebweru .,two girls eating
391020801_aaaae1e42b.jpg,Omusajja omukadde ng'ayambadde sikaati enjeru eya Wal Mart ng'alina emikono n'omukono mu maaso .,man in white lab coat
396360611_941e5849a3.jpg,Omuntu ayimiridde ku lwazi olw'amazzi ng'alina ettaka ery'ensozi emabega .,Lake
406642021_9ec852eccf.jpg,Omusajja ayambadde sikaati emmyuufu ng'alinnya ejjinja n'emikono egitali gimu .,Rock climbing
407569668_19b3f8eaf6.jpg,Abantu basatu batudde ku kawunta nga bakozesa kompyuta za laptop .,people working
408573233_1fff966798.jpg,Embwa enzirugavu n'enzirugavu edduka n'ekintu mu kamwa .,Dog
408627152_1feaa4b94e.jpg,Embwa enjeru ng'eri mu jaketi y'obulamu ng'etunuulira omusajja ali mu lyato .,Dog on a narrowboat
410422753_de506155fa.jpg,Embwa edduka mu muzira .,Dog
412082368_371df946b3.jpg,Omulenzi omuto nga yeetegekera okukuba pinata n'omupiira gwa bbulu .,Boy playing baseball with his father
412203580_2c7278909c.jpg,Omulenzi ng'ayita ku kipande ekya kyenvu ng'ayita mu mugongo gwa bbulu .,Surfer
414773731_c3f5bf43d5.jpg,Embwa erina ebyoya ebiddugavu n'eby'omu bulago edduka mu muzira .,Dog
416788726_5b4eb1466e.jpg,Ekibinja ky'abantu nga balaba omusajja ng'ayimiridde ku ntebe ng'ayambadde ekyapa .,A man in a costume standing on a chair in the street
417966898_a04f9b5349.jpg,Abawala babiri nga beesibye ku kizimbe ky'ekkuumiro .,Playground
419116771_642800891d.jpg,Ekibinja ky'embwa nga balwana okumpi n'emmotoka mu luguudo .,Dogs
422756764_e7eaac76bf.jpg,Embwa enzirugavu ng'eyigga omupiira ogwa kiragala .,boxer
444047125_66b249287c.jpg,"Omuntu alina ensawo n'omuggo ogw'okutambula , ng'atambula okugenda ku nsozi mu kiwonvu wansi .",Hiking in the mountains
444872454_9f51e07f88.jpg,Ekibinja ky'abayizi nga batambula wamu .,College students
449352117_63c359c6e7.jpg,Embwa ng'efuumula ku ttanka ya kkamera .,Dog
458004873_f084c47a88.jpg,Omusajja atudde ku ntebe ng'atunula ku musajja omulala ayimiridde .,Two people walking on a crosswalk
465994762_1760e83c5d.jpg,Embwa ng'ebuuka ku katemba .,Dog
468930779_8008d90e10.jpg,Embwa ng'esambira n'omuggo mu kamwa .,Dog
470887795_8443ce53d0.jpg,Omuwala ayambadde sikaati eya kyenvu ng'alaba omulenzi ng'anywa okuva mu bbaafu eya kiragala .,boy and girl
472661386_723aae880b.jpg,"Ekibinja ky'abaana nga basimbye satifikeeti zaabwe ,",group of students
478754346_addb53893c.jpg,bike bike,Mountain bike
479807115_3a484fb18b.jpg,Omuntu ng'avuga pikipiki n'agwa ku kasozi k'ettaka .,Enduro
483841513_e660391880.jpg,Omuwala ng'akola emikono ku trampoline .,Girl doing a handstand on a trampoline
506478284_7cf8bdbe36.jpg,"Young couple pose for camera in formal wear , omusajja omukulu n'omukazi mu maaso .",Prom
512306469_1392697d32.jpg,Omulenzi alina langi ya bbulu mu maaso ng'anywa engalo .,Toddler with face paint
515797344_4ae75cb9b1.jpg,Abasajja basatu nga batambula ku luguudo lw'ekibuga mu maaso ga bbaasi eya kiragala ne loole za FedEx bbiri .,Street scene in the city of Montreal
519167484_ee03e2a91e.jpg,Omuwala ayambadde olugoye lwa pinki ng'akulukuta hula hoop mu bulago .,Hula hoop
523249012_a0a25f487e.jpg,Omusajja atudde ku lwazi okumpi n'entebe ey'oku ntikko eyitibwa 'folding deck seat' n'omuggo gw'ebyennyanja .,Fisherman
532131603_c82d454c8a.jpg,embwa enzirugavu evudde mu mugongo omumyufu .,Dog
534200447_b0f3ff02be.jpg,Abawala babiri nga basuula omupiira mu luggya lwabwe .,Two girls playing football in a backyard
544257613_d9a1fea3f7.jpg,Omusajja ng'akola amaaso ag'essanyu ng'atunuulira kkamera ng'akozesa amaaso amawanvu n'akamwenyumwenyu akanene .,man with a goofy smile
54723805_bcf7af3f16.jpg,Abantu ku lusozi olulimu omuzira .,Moon over the summit
557601144_50b8c40393.jpg,Embwa enzirugavu edduka mu luggya lw'emabega .,Dog running in garden
561179884_8b6b925ef9.jpg,Omusajja ayambadde engoye eza kiragala ng'alina ensawo eya bbulu ng'akuba ebifaananyi ng'atudde ku lwazi .,Man with a camera on a tripod in a forest
587604325_af5d6df679.jpg,Embwa bbiri eza brown nga zizannya .,Two standard poodles playing
607339469_af851c4119.jpg,Omuwala omuto ng'aliisa amatooke .,Girl feeding ducks
640053014_549d2f23d2.jpg,Omuntu ali mu mpewo ku pikipiki eya kiragala .,motocross
694496803_f2a05869cf.jpg,Omusajja ng'atereeza omupiira waggulu ku mbugo .,Street performer
751737218_b89839a311.jpg,Omuvubuka ng'asaasaanya omukulu amazzi..,boy
753285176_f21a2b984d.jpg,Omuntu omukulu n'omwana nga bakwata emikono nga balinnya olusozi olw'omuddo .,children
756004341_1a816df714.jpg,Abaana babiri abato nga bambadde engoye z'enjuba,children
760138567_762d9022d4.jpg,Omuwala ng'abuuka mu kidiba ng'alina sikaati bbiri emabega .,Girl on a slide
766346887_a9a9d0637a.jpg,Omulenzi n'omuwala bagenda wansi mu nsimbi .,Playground
774009278_8e75b7d498.jpg,Embwa enjeru ng'ebuuka mu muddo ogwa kiragala okumpi n'ekisenge n'omugga,Dog playing with water
783353797_fdf91bdf4c.jpg,"Omukazi ng'ayimiridde mu maaso g'ebigambo "" Look Right "" ebiwandiikiddwa ku luguudo .",Look right
804087017_330bcc8c56.jpg,Abantu babiri batudde ku ntebe ku luguudo lw'ekibuga .,Easy Street
823697339_aadbeef495.jpg,"Abakazi babiri , omu alina enviiri emmyufu , bayimiridde wabweru w'edduuka .",two girls eating
835415474_7b7f2a9768.jpg,Omwana omuto ng'asinda omukwano ku kibegabega ky'omuntu omukulu .,Father and son
842961005_692737888e.jpg,"Omukazi ayambadde engatto ez'ekisinziiro , sikaati enzirugavu ne sikaati enjeru , ng'akutte ambulera ye eya bbulu ku mutwe ng'atambula ku mabbali g'oluguudo okumpi ne mita y'emmotoka .",Woman walking in the rain
866841633_05d273b96d.jpg,"Two kayakers ; n'emu ku mazzi, n'emu mu mazzi.",Kayakers on the river
872512911_ca383b40e4.jpg,Abantu bangi batuula oba bayimirira okwetooloola oluzzi okumpi ne Space Needle .,Fountain
872622575_ba1d3632cc.jpg,Omusajja ng'alinnya olusozi .,Climbing
942399470_6132d3e5d2.jpg,Omusajja alina ebirwadde ng'atudde ku ntebe ng'ayambadde jaketi ey'ebyoya n'enkuufiira .,Man with a long beard and hat
948196883_e190a483b1.jpg,"Waliwo omusajja akozesa ekyuma kya ATM , ng'omusajja yeebase ku ttaka okuliraana ye .",Homeless man sleeping on the street
95783195_e1ba3f57ca.jpg,Omukazi ng'ayita mu kabangali enkadde n'olutindo olutambulira wakati w'ensozi .,Man crossing a bridge in the mountains
96973080_783e375945.jpg,Embwa edduka mu muzira .,Dog running in the snow
1032122270_ea6f0beedb.jpg,Bambwa misato etɛlɛmi na elanga moko ya matiti makasi wana moto moko afukami pene na esika wana .,Greyhounds
104136873_5b5d41be75.jpg,Bato misato bazali likoló ya ngomba moko oyo bazali kotala lobwaku moko ya mai ya pondu .,Picnic on a mountain
1053804096_ad278b25f1.jpg,Mwana mwasi moko oyo azali na mibenga azali kosakana na kati ya mai .,girl running in the water
1075867198_27ca2e7efe.jpg,mobali moko azali kosakana na bambwa mibale ya moindo na libongo,Dogs playing on the beach
1118557877_736f339752.jpg,Mwana moko ya moke alati elamba ya kosukola ya langilangi ndenge na ndenge oyo ezali kosopana na mbu,boy playing in the water
1174525839_7c1e6cfa86.jpg,"Elenge moko, nsuki milai, elenge mwasi na libongo , azali kopumbwa na likolo .",girl running on the beach
1189977786_4f5aaed773.jpg,Mbwa moko ezali kopumbwa na kati ya pisini moko wana mosusu ezali kopota mbangu pembeni ya ndelo ya pisini .,Dogs playing in a pool
1244485675_822e6efe60.jpg,Mwana mobali moko azali kotala ndenge azali kokanisa.,boy looking at his reflection in a mirror
1280147517_98767ca3b3.jpg,Waterskier esalaka flip na nsima ya masuwa .,Wakeboarding
1319634306_816f21677f.jpg,Mbwa moko monene ya tan efandaka na ngomba moko oyo etondi na matiti .,Dog
1321949151_77b77b4617.jpg,Bana mibale balali na bakiti ya puffy na musée moko wana mikóló minei bazali kotala .,The children are lying on the sofa in the middle of the room.
1322323208_c7ecb742c6.jpg,Bana mibale ya mike bazali kosakana na banzete na libongo .,Beach
1348113612_5bfc5f429e.jpg,Mbwa moko ya moindo mpe ya mpɛmbɛ ezali kopumbwa na pisini moko oyo ezali na ebele ya bale ya tenisi na kati .,Dog swimming
1348957576_c4a78eb974.jpg,Mobali moko ná mwasi moko bafandaki pene na masuwa ya mike.,couple
135235570_5698072cd4.jpg,Moto moko oyo azalaki na elanga oyo basimbami na drapo ya Amerika.,Frisbee
1357753846_6185e26040.jpg,Mbwa moko ya moindo ezali kotambola na kati ya ebale moko ya mai .,Dog running through water
1402859872_0fc8cf8108.jpg,Mwana mwasi ya moke ya high-fives robot ya mosaka .,High five
1412832223_99e8b4701a.jpg,Elenge mwasi moko azali kopumbwa na zɛlo,Girl jumping on the beach
141755292_7a0b3364cf.jpg,Elenge mobali ná elenge mwasi bapesi ye biloko ya kolya,Food
1432179046_8e3d75cf81.jpg,Mobali moko azali kobɛta tennis na ye moko liboso ya efelo moko monene na parkingi moko .,Street photography
1433142189_cda8652603.jpg,Moto azali komata na nzela oyo ezali na matiti mpe akómi na ngomba moko monene.,Hill
143688283_a96ded20f1.jpg,Mobali moko alati simisi ya mpɛmbɛ mpe ekoti azali kosalela bisaleli ya komata ngomba .,rock climbing
1446053356_a924b4893f.jpg,Bana basi mibale na bisika ya ndembo bazali kosakana na esika moko ya masano .,Soccer
1448511770_1a4a9c453b.jpg,Mbwa moko ya mpɛmbɛ ezali kopumbwa likoló mpo na kokanga Frisbee,Dog jumping over a hurdle
1460500597_866fa0c6f3.jpg,Mobali moko afandi na mesa na shambre moko .,The man in the bar
1461667284_041c8a2475.jpg,"Moto moko oyo azali kobɛta gitare afandaka liboso ya mikro , ntango mobali moko ná mwana mobali bazali kobina mpe mwasi moko atɛlɛmi pene na .",Street musicians
1465666502_de289b3b9c.jpg,Mbwa moko ya moindo oyo ezali kosakana na ebale .,Dog shaking off water
1467533293_a2656cc000.jpg,Bana basi mibale ya mike balati langi ya rozɛ bazali kosakana na esika ya masano,Playground
1479513774_70c94cf9d3.jpg,Mwasi moko alati kazaka ya mai ya pondu azali kotindika butó mpo na kokatisa balabala.,Woman waiting to cross the street
1479857177_9d4a6f38fd.jpg,Moto oyo azali kotambola na scuba azali na nse ya mai.,Scuba diver with a case of fish
1510078253_96e9ec50e7.jpg,"Mbwa ya brun ezali komeka koswa bale moko ya mpɛmbɛ na misapi ya mosaka ya mosaka ya puppy ya langi ya pondu, ya pondu mpe ya bule",Dog
1557838421_a33f2a4911.jpg,Ezali na bambwa mibale oyo bazali kosakana moko na mosusu.,Greyhounds
156967462_72db9b722c.jpg,Bambwa mibale bazali kosakana na mai .,Dogs swimming in the river
166654939_80ea4ddbcc.jpg,Mituka ezali kopota mbangu na nzela ya mabelé,Dirt track racing
1674612291_7154c5ab61.jpg,Mbwa moko epumbwaka mpe ezwi eloko ya kosakana na yango.,Dog
1721637099_93e9ec2a2f.jpg,Mwana mobali oyo alati bilamba,laughing
1771490732_0ab5f029ac.jpg,3 Bana mibali bazali kobeta ndembo,Soccer
1785138090_76a56aaabc.jpg,Mwasi moko alati elamba ya kosukola azali kotambola na balabala pembeni ya banzete misato.,Bare
1799188614_b5189728ba.jpg,Mwana mobali moko azali kokima mbangu na nsinga ya mbu na libongo .,boy chasing a seagull
1813266419_08bf66fe98.jpg,Moto oyo azali na simisi oyo ezali na bandelo azali kosakana na bato oyo bazali komwangisa biloko.,Girl jumping in water
186890605_ddff5b694e.jpg,Mobali moko azali koningisa nsinga mpe azali koningisa mai na laki .,Rope swing
1921398767_771743bf4e.jpg,Mbwa moko na libongo ezali kobenda eloko moko,Dog on the beach
1957371533_62bc720bac.jpg,Mbwa moko ya moindo mpe ya mpɛmbɛ eningisi mai yango moko .,Dog shaking water off
195962284_e57178054a.jpg,Mwana mobali moko azali kosopana na mai pembeni ya ndako moko .,Man playing in water
1982852140_56425fa7a2.jpg,Bato mibale bazali kokima na libongo moko .,Beach
1984936420_3f3102132b.jpg,Mwana moko ya moke ya mobali akangi mbisi na ebale moko wana mwana mwasi ya moke azali kosalisa .,Kids playing in a stream
1989145280_3b54452188.jpg,Mwasi moko alati maneti ya moyi na motó azali kotala na nse.,woman with sunglasses
1999444757_1b92efb590.jpg,Mwasi moko amonisi mopanga na ye,Karate
2009636597_e3f4fe19fb.jpg,Mobali moko oyo azali na gitare ya kura azali komɛla likaya mpe afandi libándá .,Street musician
2065309381_705b774f51.jpg,Moto moko oyo asalaka masano ya libaya ya nɛjɛ oyo ezali pembenipembeni ya ngomba moko oyo etondi na mbula - mpɛmbɛ .,Skiing
2065875490_a46b58c12b.jpg,Mikuwa ya mikuwa efandaka na efelo moko pembeni ya nzela moko .,A woman walking along a pavement in London
2090386465_b6ebb7df2c.jpg,Bato mibale balati bilamba ya eleko ya mpio makasi .,Two women in winter coats
2095007523_591f255708.jpg,Mwana moke azali kotala na kati ya ba bar ya playpen na camera .,baby
2101128963_fdf8b2a0d7.jpg,Mosani moko ya baseball atɛlɛmi likoló ya ngomba.,Baseball player
2123932281_1a4fd38455.jpg,Mwana moko ya moke ya mwasi azali kolya gato mpe fraise na mesa moko ya mabaya.,girl eating
2130986011_47cb05c8c9.jpg,Mwana moke akufi.,boy on a sled
2136514643_93d8f75a77.jpg,Elenge mwasi moko oyo azali kosɛka azali kotambola mpe elenge mwasi moko oyo azali koyengayenga elongo na telefone.,two young women walking
2148695079_9ae6a9b1c7.jpg,Bambwa mibale ya mpɛmbɛ oyo ezali kotambola na nɛjɛ .,two dogs in the snow
2149968397_a7411729d1.jpg,Mwana moko ya mobali azali kotambola na mai monene.,boy in the sea
2158247955_484f0a1f11.jpg,Bambwa misato bazali kopota mbangu na banzela ya bapneu na nɛjɛ .,dogs
2183967273_d182e18cf6.jpg,Mbwa moko ya moke ezali kolalisa nyama oyo etondi na biloko liboso ya televizyo,Dog watching television
2191453879_11dfe2ba3a.jpg,Mwana mobali moko azali kokima na elanga,boy running
2195620255_6693479734.jpg,Ba retriever mibale ya wolo oyo ezali kopota mbangu na esobe oyo etondi na mbula - mpɛmbɛ makasi .,Two dogs running
2196846255_2c1635359a.jpg,Mbwa moko etɛlɛmi na mai .,Dog
219843859_94b6d0a580.jpg,Mobali moko azali komata na elongi ya lobwaku moko ya monene .,Climbing
2199793371_343809ff70.jpg,Mbwa monene ya brun ezali kosakana na bale ya bale na nɛjɛ,Dog playing with a soccer ball in the snow
2201222219_8d656b0633.jpg,Mwana moko ya moke afandi na kiti moko ya langilangi mpe azali na gitare na mabɔkɔ mpe buku moko oyo afandi pembeni na ye.,boy with guitar
2205328215_3ffc094cde.jpg,Moto oyo azali kotambola na velo na nse ya ngomba ya mabelé na zamba,Mountain biking
2209496328_2a34fd201d.jpg,Mbwa moko ya mpɛmbɛ ezali kobɛta mai na mai wana ezali kosimba eloko moko ya motane na monɔkɔ na yango .,Dog
2221818690_9003756d33.jpg,"Moto oyo elongi na ye ya mpɛmbɛ epakolami makasi, azali kobɛta piololo.",A man with a painted face and headphones around his neck speaks into a microphone.
2226587791_66e29dd01d.jpg,Mwana moke na kati ya mai oyo mabɔkɔ na ye ya mokóló ezali kosimba ye.,Baby swimming
2245348304_08bc5642f1.jpg,Mobali moko afandi na kɛsi moko mpe abɛti gitare na balabala .,Homeless man playing guitar
2245618207_fa486ba2b7.jpg,Mwana moko alati langi ya motane azali kopumbwa likoló ya eloko moko ya motane wana basusu bazali kosɛka ye.,Carnival
2255332561_3375897ff0.jpg,Moto yango azali pembeni ya ngomba.,A park ranger surveys a colony of northern gannets on a cliff in Alaska
2255338013_566127590b.jpg,Moto moko azali kokita na nse ya ngomba oyo ezali likoló ya mbu.,Cliff jumping
2257294002_0073263c54.jpg,Bana misato bazali kopumbwa ntango mobali moko ya mokóló azali kotala na molɔngɔ́ ya bakiti oyo ezali penepene .,Kids playing at the airport
2267682214_e1434d853b.jpg,Mbwa moko ya shaggy oyo ezali eloko ya kosakana na monɔkɔ na yango .,Dog with a toy
2271468944_3264d29208.jpg,Mwana moke ya mobali asopi mai na katini na motó ya mwana mosusu ya moke ya mobali.,Water fight
2272489996_95b0a62d15.jpg,Bambwa mibale bazali kokima mbangu na elanga moko ya matiti makasi .,Two dogs running
2273105617_7c73d2d2d3.jpg,Mwasi oyo azali na veranda alati kazaka ya brun .,man in doorway
2279945145_8815c59217.jpg,Mbwa moko ya mpɛmbɛ mpe ya brun ezali koningisa mai .,Dog shaking off water
2287023569_fd7a9c60b8.jpg,Mbwa moko epumbwaki likoló mpo na kokanga bale na monɔkɔ na yango .,Dog catching a ball
2290330500_e7bdaa58e1.jpg,Mwana mwasi moko ya molende azali kobɛta volleyball,Girl playing volleyball
2306186887_0bd8ed3792.jpg,"Bambwa mibale ya brun bazali kosakana na matiti , mpe moko na yango azali komema bale moko ya motane .",2 dogs playing
2319175397_3e586cfaf8.jpg,Bambwa mibale ya mpɛmbɛ bazali kosakana na nɛjɛ .,Two dogs playing in the snow
233242340_09963100a3.jpg,Mbwa moko ezali kokima mbangu na rampe ya moindo mpe ya mosaka na nzela oyo ezali kopekisa yango .,Dog
2333288869_8c01e4c859.jpg,Mwasi moko oyo azali na ngɛngɛ te asimbi lobɔkɔ ya mwana hr bolumbu ntango batɛlɛmi na mbonge ya mbu.,Mother and daughter at the beach
2337919839_df83827fa0.jpg,Elenge mobali alati veste ya fleece azali kobeta bale ya ndembo elongo na elenge mwasi na nsima .,Soccer
2341254813_c53a5ef27a.jpg,Mwana mobali moko alati simisi ya mai ya pondu azali kopumbwa na maboko na ye na likolo na suka ya esika ya bowling .,Bowling
2344875609_8e172d682b.jpg,Elenge mwasi moko alati elamba ya mbula mpɛmbɛ abimi na libulu ya mbula - mpɛmbɛ .,Snow
2346189044_546ed84aa9.jpg,Mwana mobali moko ya moke atɛlɛmi na etaze moko monene mpe afungoli monɔkɔ polele.,boy dancing
2353102255_67d9d2e40a.jpg,Mbwa moko ya moke ya moindo mpe ya brun ezali konguluma na mbwa moko ya monene ya moindo mpe ya brun .,Doberman Pinscher
2363540508_9dd1ccf7c7.jpg,Mwana mwasi ya moke na tunnel slide,girl on slide
2385871317_44cde2f354.jpg,Elenge mwasi moko alati sakosi ya bule azali kotambola pembeni ya lopango ya plastiki ya bule .,Girl walking to school
239807547_4923efc821.jpg,Bambwa mibale bazali kosakana pembeni ya mabanga .,Two dogs playing
2402462857_7684848704.jpg,Mbwa yango ya mpɛmbɛ mpe ya kaki etɛlɛmi liboso ya zamba mpe lolemo na yango ezali kotambolatambola .,Dog
2409597310_958f5d8aff.jpg,Bana mibali mibale ya mike bazali komata na motuka moko ya masano .,two boys in a wagon
2410399168_1462c422d4.jpg,Bambwa yango mibale bazali kopumbwa zingazinga na .,Greyhounds playing
241346105_c1c860db0d.jpg,Mosani ya ndembo azali kopota mbangu na ndembo moko oyo azali komeka kobeta .,Running back
241346352_c5a0ea43c6.jpg,Mosani moko ya ndembo azali kobeta bale wana bafana oyo bazali kobunda bazali kotala .,Football
241346709_23204cc2bc.jpg,Mosani ya ndembo oyo azali kopota mbangu na bale .,Running back
241347150_5ff37818c2.jpg,Mosani moko ya ndembo alati bilamba ya mpɛmbɛ azali kobunda na mosani moko ya Université ya Oklahoma .,Football
241347271_a39a5a0070.jpg,Lisano ya ndembo ezali kokende liboso .,American football
241347689_d0b1ac297d.jpg,Basani mingi ya ndembo bafandi na mabele .,Football player
2414710960_a4cde4af60.jpg,Mbwa oyo alati polo ya bule asimbi eloko ya lisano ya langi ya mosaka na monɔkɔ .,Greyhound playing with a ball
2414986483_004936f84b.jpg,Elenge mwasi oyo azali na top ya rozɛ azali kobina na mobali moko alati robe ya bandeko ya blues .,Dance
2417623030_afdc1024b5.jpg,Bazali kosala foto moko po na kokanga foto .,group of friends
242559369_9ae90ed0b4.jpg,Mwasi moko bolumbu afukami likoló ya mabanga ya ebale moko ya mozindo te.,Naked woman in a lake
2428094795_d3a8f46046.jpg,Mwana moke ya mwasi oyo azali na ekɔti ya mwa violɛ ya fuzzy azali kotambola na velo ya tricycle na libanda .,Tricycle
2429729667_42effc165d.jpg,Bana bazali kobwaka bilei na moto moko na kati ya lisano ya parke ya masano .,Pirate
244399048_8332bb3270.jpg,Mbwa kopumbwa na eloko moko na monɔkɔ na yango .,Dog
2447035752_415f4bb152.jpg,Bato mosusu bafandi na pisini moko ya mai pembeni ya ebale .,Hot springs
2448210587_9fe7ea5f42.jpg,Mwasi moko ya mobange afandi na ekumu ya nzete na mbwa moko ya mpɛmbɛ .,Dog
2456907314_49bc4591c4.jpg,Moto moko oyo azali na bwato azali kosalela mwa nzete moko ya monene mpo na kotindika masuwa mosusu mosika .,"Ganga River, Varanasi"
2460477085_088e25f857.jpg,Mobali moko ná bana mibali mibale bapumbwaka na trampoline .,father and sons playing on a trampoline
246055693_ccb69ac5c6.jpg,Mbwa moko ya blondi ezali kokita na eskalye moko oyo ezali kokende na nsima ya ndako.,Dog
2479553749_f7ac031940.jpg,Mwana moke azali kotala filme ya merry-go-round .,Carousel
2483993772_f64e9e4724.jpg,Mbwa moko ya moindo mpe ya brun oyo ezali koluka kokanga bale ya bule .,Dog playing with a ball
2485467050_1d5e2696d4.jpg,"Bana minei, na libándá na lopango moko, bapumbwaki likoló.",Kids jumping in the air
2492258999_5764124bba.jpg,Mibali mibale bafandi pembeni ya nzela na bawagɔ ya bamagazini oyo etondi na biloko na bango.,Homeless men sitting on a sidewalk
2500354186_0836309cc9.jpg,Mwana mobali moko ya moke mpenza amemi pinɛ ya velo na lipeka na ye.,A boy with a tire
2502079538_10ef2e976b.jpg,Kamela moko ememaka biloko ya bato mibale.,Camel carrying water
2502354602_f4d6dcf42d.jpg,Mobali ná mwasi oyo balataka bilamba ezangá nsinga.,Bride and groom
2507182524_7e83c6de82.jpg,Mbwa ezali kolanda bale moko na kati ya salite .,Dog
2508313118_524e93d48c.jpg,Mbwa moko ya brun ezali koluka kokanga Frisbee .,Dog
2510020918_b2ca0fb2aa.jpg,Mwana mobali moko ya moke azali kotambolatambola na tiyo moko ya mpɛmbɛ .,boy in a tunnel
2517284816_9b8fd3c6b6.jpg,Ebele ya bana mike .,Dance
251792066_b5233b3d86.jpg,Ezali na mbwa moko ya moindo oyo ezali kokanga eloko ya kosakana na yango ya langi ya mai ya pondu na monɔkɔ .,Dog
2518094853_dfce24ce8c.jpg,Mbwa monene ya tan ezali koleka na elanga moko ya matiti mpe lolemo na ye ekangami .,Dog
2520909293_9bb7f7364e.jpg,Mobali moko alati simisi ya mosaka azali kosala mayele mabe na likolo elongo na velo na ye .,Bicycle
2529116152_4331dabf50.jpg,Emonani ete moto moindo oyo azali kobuka mabina na pavillon .,B-boy
2534424894_ccd091fcb5.jpg,Mwana mwasi moko azali kopumbwa likoló ya matiti na esika moko ya zɛlo pene na mbu .,girl jumping on a sand dune
2534502836_7a75305655.jpg,Mbwa moko ya moke ya brun mpe ya mpɛmbɛ oyo ezali koleka na matiti ya milai .,Dog
2540360421_f7c2401da8.jpg,Libanga moko ya mobali oyo azangi simisi azali komata likoló.,Climbing
2542662402_d781dd7f7c.jpg,Mwasi moko oyo azali pembeni ya mbwa oyo ezali kopota mbangu na nzela ya baobstacle .,Dog agility
2544426580_317b1f1f73.jpg,boy kosakana na motuka,Baby
2563578471_9a4e4c2ecc.jpg,mwana mobali moko afandi pembeni ya libongo .,boy
2565685680_c30972455d.jpg,Nyama moko ya moindo to mibale ezali na kati ya mai .,Dog
2578395598_6982734d46.jpg,Mbwa moko ya mpɛmbɛ oyo ezali kokima na matiti .,Dog
2579266054_1ec58aa92f.jpg,"Roller coaster ezali koleka na kati ya twist moko, kobalusa bato na likolo .",Roller coaster
2604825598_593a825b5b.jpg,"Bambwa mibale ya brun mpe ya mpɛmbɛ, moko ezali kopumbwa likoló ya nzete moko wana oyo ezali na nsima ezali kokima na kati ya matiti .",Dogs
2612488996_9450de0e54.jpg,Moto moko oyo azangi ndako atɛlɛmi na elembo pembeni ya bakɛsi ya kotonga ya orange .,"A homeless woman holds a sign that reads ""homeless anything helps"""
261490838_2f3ac98b12.jpg,Mbwa moko ezali kolanda mboloko na elanga moko oyo ezali na bafololo ya langi ya mosaka .,Dog chasing a deer
262681159_e5fed3acf0.jpg,Elenge mwasi alati simisi ya motane asimbi shɛnɛti na ye na kati ya ebele ya bato.,Girl in red shirt
2630806789_6835bbae95.jpg,Ba kayak misato ebimi na mai na ngomba moko na nsima .,Kayaking
2635400219_2e1a984fd3.jpg,Mwasi moko ya moyen-orient alati litambala ya bule na motó afandaka pembeni ya elenge mobali moko alati bilamba ya bule .,Angelina Jolie and a boy in Afghanistan
2635938723_11b85e6763.jpg,Mwana moko ya moke azali kolya Popsicle ya motane.,boy eating ice cream
2656749876_e32495bd8c.jpg,Sango moko amemi sakosi moko ya moke ya bule azali kotambola na balabala azali kosolola na telefone ya mabɔkɔ.,A man in a priest's cassock walking down the street with a phone in his hand.
2660008870_b672a4c76a.jpg,Mwana moko ya moke azali kosakana na pisini moko ya mai .,Swimming
2661567396_cbe4c2e5be.jpg,Mobali moko alati simisi ya langi ya mai ya pondu azali kofanda na libándá ya masano .,Baseball fan in empty stadium
2662816021_ac474e0fde.jpg,Mbwa ya mpɛmbɛ esimbi mwa nzete na monɔkɔ na yango ntango ezali kobima na mai .,Dog
2664102751_d5a737a566.jpg,Mobali moko oyo azali na parachute amibongisi mpo na kokita .,Kitesurfing
2672445419_251ce9419a.jpg,Mwana moko ya mobali azali kosɛka ntango azali kotambolatambola na banganda na esika ya masano.,boy
2675397335_1dcdbd12f5.jpg,"Mbwa moko ya moke mpenza, ya moindo oyo ezali kopota mbangu na elanga moko .",Greyhound
2676764246_c58205a365.jpg,Ba greyhound misato bazali kopota mbangu na nzela ya engbunduka,Greyhounds racing
268654674_d29e00b3d0.jpg,Mbwa mpe basi elongo na bana oyo bazali na pusupusu bazali kokatisa gbagba moko na bamboka mike .,Bridge over the river
2691966747_cfa154982b.jpg,Mbwa moko ya mpɛmbɛ oyo ezali kobima na nzela moko ya bulé .,Dog running through agility tunnel
2695961935_a2a6338f26.jpg,Mbwa moko epumbwaka likoló ya epekiseli na libándá .,Dog
2700147489_f1664f2b61.jpg,Mobali moko azali kopumbwa likoló ntango azali kosala stunt moko na skateboard na ye.,Ollie
2710698257_2e4ca8dd44.jpg,Moto atɛlɛmi likoló ya mabanga oyo ezali na mangenda pene na mbu.,Man standing on a rock with arms outstretched
2714878018_1593c38d69.jpg,mwana mobali moko ya moke azali kopumbwa na londende ya mai .,boy jumping in sprinkler
2729685399_56c0e104b1.jpg,Bato misato bazali kosolola na balabala moko ya engumba .,Emma Watson
2741051940_89fb6b2cee.jpg,Mbwa moko ya mpɛmbɛ ezali kosakana na sakosi moko ya plastiki .,Dog
2751466788_4fab701cc3.jpg,Mobali moko azali kokende epai ya polisi moko oyo atɛlɛmi na nzela oyo bakabaka na balabala moko ya engumba.,Pedestrians crossing a busy street in New York City
2759089516_cbb993cb92.jpg,Mwana moko ya ntaba azali komata na porte moko ya moke .,child
278002800_3817135105.jpg,Mobali moko alati jakete ya moindo azali kolya bagato ntango atɛlɛmi pembeni ya mibali mosusu mibale .,People eating
278002947_3fd22a2cb6.jpg,Moto yango azali na Mohawk.,Mohawk
2797149878_bb8e27ecf9.jpg,Mwana mobali moko ya moke alati kapo ya moindo asimbi likonzí ya koboma mbisi.,Fishing
2805873509_4f68afc4b4.jpg,Moto moko oyo azalaki na sakosi ya mokɔngɔ likoló ya ngomba pembeni ya libanga moko oyo ezalaki kobima na likoló.,Hiking
2815755985_0fa55544c0.jpg,Mwana mwasi moko ya moke ya blond oyo azali kokɔta na ndako moko ya bule ya inflatable .,girl on bouncy castle
2831314869_5025300133.jpg,"Moto moko alati sapato ya minene, ya brun, ya ndembo afandi na nse ya masini oyo eza na minyɔlɔlɔ ya minene.",man on a boat
2834752476_3177e617f1.jpg,Elenge mobali moko afandi na kiti mpe azali komɛla likaya.,man smoking
2839890871_4b7c7dbd96.jpg,Bana mibale balati bisaleli ya art martial bazali kobunda na matela ya bule .,Two young boys sparring in a karate tournament.
2847615962_c330bded6e.jpg,Mbwa moko oyo bamonaki ezali kobalukabaluka likoló ya pade oyo batyaki na veranda moko .,Dog
2849194983_2968c72832.jpg,Mwana mwasi oyo nsuki na ye ya kaki ezalaki kobeta mai .,girl in the pool
2853205396_4fbe8d7a73.jpg,Mbwa moko ya mpɛmbɛ mpe ya moindo epumbwaka na mai .,Dog
2863180332_372510aa49.jpg,Moto oyo alati ekoti abandi komata na patinage na ngomba moko ya balabala .,Street racing
2867937005_91c092b157.jpg,Elenge mwasi moko alati tutu ya rozɛ atɛlɛmi na motó .,girl in pink dress
2873522522_829ea62491.jpg,Mosani ya rugby na langi ya motane amibongisi mpo na kobwaka bale .,Rugby player
2878190821_6e4e03dc5f.jpg,Mwana alati simisi ya mpɛmbɛ ya salite mpe maneti ya moi atɛlɛmi na lopango,boy
2887171449_f54a2b9f39.jpg,Mwasi oyo azali na manɛti azali kosala na masini ya kotonga bilamba.,Tailor
2890075175_4bd32b201a.jpg,Mbwa moko ya brun oyo ememi pinɛ na monɔkɔ na yango .,Dog
2891961886_b7a2f0b0fd.jpg,Moto azali kosala lisano ya skate pembeni ya efelo ya sima .,Skateboarder
2894576909_99c85fd7a7.jpg,Moto oyo alati kayak ya motane azali na mokakatano na barapids .,kayak
2902269566_419d9f1d8e.jpg,Moto moko oyo azali kosala biker ya mabelé azali kopumbwa likoló .,motocross
2928835996_88b9f9503d.jpg,Ebele ya bato bazali kotala esika mosantu ntango basimbi mabɔkɔ likoló,Hindu religious festival
2931950813_93145c4746.jpg,Mwana mobali moko azali kosala fɔtɔ pembeni ya tukutuku na ye .,Boy on a scooter
2934801096_230ae78d7e.jpg,"Mobali moko ná mwana mobali batɛlɛmi liboso ya elembo oyo bakomi ""LIFELO. """,The sign in the background is a 100000th birthday sign for the 1000th anniversary of the birth of William Shakespeare.
2939475047_84585ea45c.jpg,Mosani moko ya ndembo azali komeka kozwa ndembo epai ya mosani mosusu ya ndembo oyo azali kokima.,Football
2949880800_ca9a1bb7e6.jpg,"Bana basi mibale balati bikins batɛlɛmi na laki ,",two girls in a lake
2951750234_a4741f708b.jpg,Moto moko alati kazaka ya marin mpe ekɔti ya moindo azali kopumbwa likoló ya mwa partition na mpunda .,Horse and rider jumping
2953015871_cae796b6e7.jpg,Mbwa moko ezali kobalukabaluka na mokɔngɔ na matiti .,Dog
2955985301_e4139bc772.jpg,Elenge mwasi moko oyo azali na nsuki ya brun oyo ezali kogumba azali kosɛka na kamera .,smiling
2956413620_d59de03a06.jpg,Mobali moko alati ekoti azali kotambwisa motuka ya moindo ya momekano ya mbangu na balabala,Car
2962977152_9d6958fdd5.jpg,Basani mibale ya ndembo bazali kobunda mpo na bale .,Football player
2965604928_435dc93bf7.jpg,Mbwa moko ya gris ezali kopota mbangu na elanga moko ya matiti makasi .,Dog
2967630001_cdc5560c0b.jpg,Mbwa oyo ezali kotambola na mai na mbu .,Dog at the beach
2970183443_accd597e0a.jpg,Mbwa ya moke ya pembe oyo eza na spot na mokongo ezopumbwa na mopepe na ndembo na monoko na elenge mobali ya moke pe mobali azali kotala .,Dog playing with a ball
2977379863_2e8d7a104e.jpg,Elenge mwasi oyo alati kapo elongo na bana mosusu oyo balati bilamba,Halloween
2992808092_5f677085b7.jpg,Basani mibale ya hockey ya elanga bazali kobunda mpo na bale .,Shinty
2992999413_018f48aabc.jpg,Etuluku moko ya bato ya Amish batɛlɛmi libándá ya ndakonzambe moko.,Funeral
2994205788_f8b3f2e840.jpg,Mobali moko asimbi telescope mpe alali na ebaelo ya engbunduka .,Man with a vacuum cleaner
2999162229_80d17099b6.jpg,Mwana mwasi moko alati orange azali kopelisa buji.,A little girl lights a candle at a grave.
3006093003_c211737232.jpg,Mobali moko azali kosolola na telefone ya maboko ntango azali na elembo ya kampanie ya Obama .,A man holding a sign and a cell phone
3025438110_40af7e6a80.jpg,Mwana mobali moko azali kopumbwa likoló ya libulu moko monene na mabelé .,The road was destroyed by the earthquake
3029043380_b28644ea5d.jpg,Mwasi oyo azali kobɛta tenisi azali komibongisa mpo na kopesa bale .,tennis player
3035949542_cb249790f5.jpg,Basani mibale ya ndembo bazali kolanda bale moko na matiti .,Soccer
3043501068_be58ac47e1.jpg,Velo ya motocross ezali kopumbwa na likoló liboso ya bato .,motocross
3044359043_627488ddf0.jpg,Mbwa moko ezali kopumbwa longwa na libongo na pisini ya mai .,Dog swimming
3048380686_732db55281.jpg,Mosani moko ya hockey amekaka kosala gol tango mobateli ya porte pe mosani mosusu bazali kotala na likolo .,Hockey player
3048461682_e89f81b1c7.jpg,Mbwa moko ya moke ya mpɛmbɛ ezali kopumbwa likoló ya etape moko na mabelé oyo ezipami na nkasa .,Dog
3051754615_3d6494c2ae.jpg,Etuluku moko ya bato ya bwato bazali kobunda na masuwa ya langi ya mai ya pondu mpe ya motane,Dragon boat race
306315650_e064f5c677.jpg,Mwasi moko atɛlɛmi libándá ya zando moko ya Mexique .,A woman selling hats in front of a store
3066338314_2c3fb731d1.jpg,Mobali moko afandi na mesa.,man in a bar
3070713991_8696796937.jpg,Mwana moko azali kopumbwa na bapneu ya kala,Adventure
308956341_642589e9cc.jpg,Mbwa moko ya moindo ezali koningisa mai,Dog shaking water off
3091916691_b1c96669c6.jpg,Mibali misato oyo bazali koseka moke balati basimisi ya langi ya kongɛnga.,Men in Dhaka
3096163135_584901a5ae.jpg,Mwana moko alati ekɔti ya motane oyo esalemi lokola lobɔkɔ.,Fan with a hat with the hands of a fan
3106223494_52d4d2d75d.jpg,Mobali moko alati masque mpe alati robe ya Père Noël .,Santa
3106787167_e5f2312622.jpg,Mibali misato bazali kobeta rugby moko na bango azali komikanga bale oyo bazipi yango na potopoto .,Rugby
3111208043_dbe8e87fa1.jpg,Moto oyo azali kopota mbangu na piste .,Athlete
311267421_e204e643cf.jpg,Bambwa mibale bazali kokima mbangu na elanga moko ya matiti makasi .,Dogs
3120189281_1938460e85.jpg,Mobali moko ná mwana moko bazali kotambola na nɛjɛ elongo na mbwa mibale .,Snow
3122606953_a979dd3d33.jpg,Bambwa mibale ya minene ya moindo ezali kokima na kati ya nɛjɛ .,two dogs playing in the snow
3131160589_dc73c209b7.jpg,Moto moko alataki lokola Père Noël azali komata na efelo ya libanga .,Santa Claus climbing a wall
313326614_b2adbe59e0.jpg,Mobali moko alati kazaka ya motane atɛlɛmi na likolo ya baeskalye ya stade .,Man in red jacket standing on stairs
3141440149_00becbbb93.jpg,Bana mibali mibale batɛlɛmi na kuku moko .,boys dancing
3143980056_7a64a94b58.jpg,Mwana moke asimbi elongi ya mwasi .,Baby girl playing with her grandmother
3144705706_391d7b77c7.jpg,Bana bazali kosakana na libondo ya neige.,Snow
3150440350_b0f2a9e774.jpg,Moto moko ya masuwa azali kotalatala moto moko oyo afandi na mabelé azali kolela.,A sailor helps a man who is passed out on the street.
3150659152_2ace03690b.jpg,Moto moko oyo alati bwato ya bule azali kotambola na mokili ya maimai oyo ezali na bansinga ya mbila ya milaimilai .,Boat in the jungle
3163198309_bbfe504f0a.jpg,Moto moko ya ski azali koya likoló ya ngomba oyo etondi na nɛjɛ wana bato bazali kotala .,Skiing
3176131893_7181c733aa.jpg,Bana mibali minei bafandi na pɔtɔpɔ́tɔ.,mud
3181409177_edb09c2718.jpg,Moto oyo atambwisaka velo na rampe .,Bicycle
3182161610_4d349b257f.jpg,Bana mibale ya mike bazali kosakana elongo .,two babies playing
3185787277_b412d7f5b7.jpg,Bato minei na kati ya moto moko na shambre moko .,Christmas party
318667317_108c402140.jpg,Mobali moko alati kapo ya moindo asimbi mwa elembo moke .,homeless man
3189307452_aebc12380b.jpg,Mbwa ya mpɛmbɛ oyo ezali na ndelo na nɛjɛ,Dog
319847643_df7c2a1d25.jpg,Mai ezali kopakola mwana elongi na ye na nzela ya libulu oyo bakati ye .,child
319938879_daf0857f91.jpg,Moto moko alati elamba ya bule oyo eza na motoki na esika ya balɛtrɛ na marquee ya ndako ya teyatre na lisalisi ya nzete moko ya molai .,Man cleaning marquee
320093980_5388cb3733.jpg,"Mwasi moko alati litambala, azali kosɛka, mbwa moko azali kolɛmbisa ye .",girl with afro hair laughing
321229104_3cbaf0f51c.jpg,Moto atɛlɛmi na kati ya ebele ya ngalasi ya glasi ya ngalasi.,Ice
3223809913_ae15d14d9a.jpg,Moto ya lisano ya skate azali kopumbwa na libaya na ye na likolo wana moto mosusu ya lisano ya skate azali kotala .,Skateboarder performing a trick
3225025519_c089c14559.jpg,Mobange moko azali kosolola na Mike oyo mobali mosusu ya kala asimbaki .,Interview
3225037367_a71fa86319.jpg,Etuluku moko monene ya bato bayanganisami.,Crowd of people
3226541300_6c81711e8e.jpg,Mibali mibale balati bilamba ya motane bazali kosala masano ya karate .,Kung fu
3228069008_edb2961fc4.jpg,Mwana ya mbwa ya Brown azali koswa nzete,puppy
3229442620_fd47d01b59.jpg,Ndɛkɛ moko ezali kopumbwa likoló ya mwa zɛlo .,Bird
3234401637_84e0d14414.jpg,Bato mibale bazali kotambola na bavelo na balabala moko oyo ezali mpamba pene na mbu .,Bicyclists in the evening
3242808166_8638150274.jpg,Moto moko oyo azali kotambola na velo ya motane azali kotambola na banzete mpe azali kokita na ngomba oyo etondi na mbula - mpɛmbɛ .,Mountain biker in the dark
3246804978_ea2c9e56f2.jpg,Etuluku moko ya bana ya mbwa na kati ya matiti.,Pugs
3246991821_750a3097e2.jpg,Elenge mwasi moko alati robe ya rose azali kobimisa fulufulu na esika oyo babalɛnɛ ezali kotambola .,girl blowing bubbles
3249891874_6a090ef097.jpg,Ezali na bana basi minei oyo bazali na bilamba ya mikuse elongo .,three young women walking
325576658_59f68bdbd6.jpg,Mobali moko afandi na kiti moko ya bulé oyo ezali na bolangiti ya bulé oyo ezali kozipa elongi na ye .,Homeless man on a bench in New York City
3258394043_a0b6a94dce.jpg,Bana mibale ya mike bazali na posa ya kosala filme elongo na mikóló nsambo .,Children's television
3258396041_69717247f7.jpg,Mobali moko alati jakete ya moindo asimbi mikro tii na elongi ya elenge mwasi moko .,Journalist interviewing a man
3259579174_30a8a27058.jpg,Elenge mobali oyo alati ekɔti ya eleko ya mpiɔ azali koselita na ngomba oyo etondi na mbula - mpɛmbɛ .,Skiing
3261493263_381a4c5cc7.jpg,Bambwa bazali kobenda moto na sled na nɛjɛ.,dog sledding
3262760716_1e9734f5ba.jpg,Mobali moko asimbi mwana oyo asimbi manɛti ya miso.,Baby and father
3263141261_db3a4798b5.jpg,Mwana moko ya moke ya langi ya bulé azali kolanda ye na mwasi moko oyo alati bilamba ya bule .,boy running
3265964840_5374ed9c53.jpg,Moto moko oyo azali kotambola na mbula - mpɛmbɛ azali kopumbwa na mopɛpɛ likoló ya libaya moko ya motane ya nɛjɛ liboso ya esika oyo nɛjɛ ezalaka .,Snowboarder
3274691778_94bb57bba3.jpg,Bande bazali kosakana na esika moko ya molili na kati ya ndako .,The stage
3275537015_74e04c0f3e.jpg,Bana basi minei balati bilamba ya kobeta mai bazali kobeta volleyball na libongo .,Beach volleyball
3281078518_630a7a7f4f.jpg,"Bansoso, bambwa mosusu mpe dindon bazali komeka kobimisa mwa bilei na katini moko ya mpɛmbɛ.",Animal
3287549827_04dec6fb6e.jpg,Moto moko ya masano ya libaya ya neige azali komeka mayele mabe na nse ya engbunduka ya libanda.,Snowboarding
3298199743_d8dd8f94a0.jpg,Elenge mobali moko alati simisi ya langi ya mai ya pondu azali kopumbwa likoló,Jumping
3307077951_dd31f1971c.jpg,Mbwa moko ya moindo mpe ya mpɛmbɛ ezali kokima likoló ya matiti .,Dog
3318995586_c2bc50b92e.jpg,Mobali oyo asimbi masanga azali kobwaka basketball esika mwana moko ya moke ya mwasi azali kosakana .,Basketball
3329793486_afc16663cc.jpg,Moto moko ya masano ya libaya ya neige azali kokita na rampe na kati ya mbula - mpɛmbɛ .,Snowboarder
3334057289_68ece38a85.jpg,Mbwa azali na kati ya lopango.,boxer
3346711367_5e7b29e20f.jpg,Mbwa moko ya brun mpe ya mpɛmbɛ ezali koleka na matiti oyo mbwa moko ya moindo ezali kolanda .,Two dogs running in a field
3347701468_bb0001b035.jpg,Ekipi moko ya ndembo oyo eza na bilamba ya bule etondi esika moko po maboko na bango ezali kosimba likolo ya mitó na bango .,Flag football
3348384389_73b6647017.jpg,Mbwa oyo ezali na kɔle ya motane ezali na mino na yango likoló ya mbwa na kɔle ya bulé .,boxer
3349955993_a04aea97d8.jpg,Bana oyo bazali libándá na balabala bazali kobɛta bale.,Futebol de rua
3364861247_d590fa170d.jpg,"Groupe ya basi na bana; moko ya minene, moko azalaki kobendana mpe mosusu ya kosɛka.",Crowd of people
3368819708_0bfa0808f8.jpg,Moto oyo azali kopumbwa na libaya ya neige .,Snowboarder
3376435746_1593d9b243.jpg,Moto na masuwa pembeni ya libongo.,Boat on the water
3376898612_41c91de476.jpg,Mibali mitano balati tuxedos bapumbwaki likoló liboso ya ebale moko ya moke,Groomsmen
3376942201_2c45d99237.jpg,Mbwa mibale ezali koganga na kuku moko wana moto afandi na mesa .,dogs
3377570617_d2f2225a74.jpg,Basi mibale oyo baza na nsuki milai mpe ba physiques ya minene bazali kosala camera liboso ya banzete .,two women
3380364224_2626d9d354.jpg,Moto ya masano ya libaya neige na katikati ya mopepe likoló ya ngomba ya neige .,Snowboarder
3392851587_a638ff25e2.jpg,Bana basi mibale bazali kosepela na plateforme moko ya kobaluka .,Two girls on a ride at a park
3399616238_77acf4ee12.jpg,Mobange moko alati misopo ya pondu pe maneti azali kotala na ngambo ya camera .,man
3400082864_9c737c1450.jpg,Mosani ya tenisi na katikati ya lisano moko .,tennis player
3405113041_4b72c24801.jpg,Ndɛkɛ moko ya monene ezali kopumbwa likoló ya mai .,Bird
3415113018_7b95ddcd11.jpg,Moto moko azali kopumbwa na mosusu na ntango ya lisano moko na matiti .,Rugby
3415809168_af9dabdba5.jpg,"Bambwa mibale bazali kopota mbangu na kati ya mabele, moko ezali na bale na monɔkɔ .",Two dogs playing
3416013671_98b5c75046.jpg,Moto moko oyo azali na mandefu na esika ya liboso azali kobɛta bagpipe,Bagpiper
3417672954_46b75dea8d.jpg,Skateboarder na simisi ya pondu azali kosala mayele mabe na mopepe .,Skateboarder performing a trick
3419916411_72934edcdb.jpg,Mbwa oyo ezali kosakana na matiti .,Dog
3420323191_d66e003264.jpg,Mobali moko alati kayak ya motane.,Kayak
3421131122_2e4bde661e.jpg,Motambwisi ya Kayak atomboli maboko ntango azali kopanza mai .,Kayaker in a surf
3424424006_98f9d1921c.jpg,Mobali moko oyo alati kazaka azali kopumbwapumbwa epai ya mwasi na ye.,Bride and groom
3425573919_409d9e15b2.jpg,Etuluku moko ya bato bazali kotala lisano ya lisano ya chess .,People playing chess in a park
3433982387_3fa993cf5a.jpg,Elenge mwasi moko alati robe ya mpɛmbɛ azali kotala fulufulu wana mwasi moko na mwana moke ya mwasi bazali komona .,Bubble show
3435233065_3411f2d29d.jpg,Mwana mobali moko azali kopumbwa na velo na ye na zamba,Mountain biker jumping over a tree
3437781040_82b06facb3.jpg,Basani mibale ya hockey oyo bazali koluka kozwa puck .,Ice hockey
3443326696_fe0549c5be.jpg,Etuluku moko ya mibali mitano oyo balataki bilamba ya uniformi bazali kosala fɔtɔ mpo na kamera .,Firefighters
345684566_235e8dfcc1.jpg,Mbwa ya brun mpe ya mpɛmbɛ ezali kotambolatambola likoló ya salite oyo ezali na banzete na nsima .,Dog
3463523977_f2ed231585.jpg,Mwana mwasi moko ya nsuki motane azali kopumbwa pembeni ya swan .,A little girl chasing a swan
3463922449_f6040a2931.jpg,Mbwa ezali kopota mbangu na ntango ya momekano moko .,Dog
3474406285_01f3d24b71.jpg,Mbwa moko ya brun ezali kopumbwa likoló ya mokakatano moko .,Dog agility
3477369101_8e0c61d8f4.jpg,Mbwa moko ya moindo oyo ezali kobalukabaluka na matiti .,Dog rolling in the grass
3477681171_b1bb8b211d.jpg,Mwasi moko alati simisi ya langi ya rozɛ azali kopumbwa likoló mpe mabɔkɔ mpe makolo epanzani na mipanzi na ye .,girl jumping
3477712686_8428614c75.jpg,Bilenge mibali mibale bazali kobunda na zɛlo wana mobali moko azali kotala .,Children's log rolling
3477977145_4df89d69a1.jpg,Ba greyhound mibale bazali kopota mbangu zingazinga ya nzela moko .,Greyhounds racing
3485657956_7481582565.jpg,Bambwa mibale ya moindo bazali kosakana na matiti .,Dogs playing
3508051251_82422717b3.jpg,Mobali moko ya mobange oyo azangi ndako azali kotambola pembeni ya parke .,Homeless man
3510219078_670b6b3157.jpg,Mbwa moko ya moindo mpe mbwa ya brun mpe mpɛmbɛ ezali kopota mbangu mpe kobɛta .,Dogs playing
3514179514_cbc3371b92.jpg,Mosani moko ya baseball azali komeka kokanga bale moko wana azali lisusu kopota mbangu na base .,Baseball
3516267455_ca17cc1323.jpg,Mbwa ezali kokima mbangu na mai .,Dog
3516960094_87fb4889de.jpg,Mwasi moko oyo azali komekana na momekano moko molai ya kopumbwa .,Long jump
3517124784_4b4eb62a7a.jpg,Mwasi moko alati sokoto ya baseball azali koningisa ngembo .,Softball
3518126579_e70e0cbb2b.jpg,Elenge mobali oyo azali kotambola na eloko moko na nse azali kokende .,Stairs
3533470072_87a5b595ba.jpg,Bana basi mibale oyo bazali kopesa elembo ya kimya.,two girls
3534548254_7bee952a0e.jpg,Elenge mwasi moko alati t-shirt ya mosaka alingi kobwaka bale ya kopola ya maimai mpe ya mosaka .,Water balloon
3544673666_ffc7483c96.jpg,Mbwa ya brun epumbwaka mpo na kokanga bale .,Dog
3551447084_becc6a4666.jpg,Moto oyo azali na velo ya mabelé azali komata likoló ya ngomba ntango bato bazali kotala na mopanzi .,motocross
3560726559_4c4bed9f2d.jpg,Bilenge oyo bazali na molato ya Leta basimbi mabɔkɔ,Prom
3566111626_9a35a7b2c0.jpg,"Moto oyo azali na velo, azali kokende na mpɛpɔ.",Bicycle
3569979711_6507841268.jpg,Mwana mobali moko azali kosala flip na likolo na libongo .,Flip
3571039224_b34fa2f94c.jpg,Mbwa moko ya moindo oyo ezali na kɔnde ya motane ezali kokangisa motó na ye na mai .,Dog
3581538034_783b7d0d09.jpg,Moto moko oyo azali kobenda libaya ya mai ntango azalaki kopumbwa likoló .,Kitesurfing
3594029059_cee1f4c59a.jpg,Mpongo epumbwaka likoló .,Bald eagle
3597146852_3d000a5d5f.jpg,Mwana mobali alati bilamba ya moindo azali kosala lisano ya skate na likolo liboso ya bafololo mpe elembo ya mpɛmbɛ mpe ya bule .,Skateboarder doing a ollie over a curb
3599442049_e448c7c9b2.jpg,Mwana mobali moko oyo azangi simisi azali kobɛta nɛjɛ makofi .,Water
3609027309_af75f773d9.jpg,mwa et mon danseuse,A woman and a boy dancing
3611603026_9112b0c53f.jpg,Mwasi moko oyo azali na sakosi moko monene ya palata atɛlɛmi na esika oyo batɛkaka biloko ya kolya.,women
3613323772_d15cef66d1.jpg,Mwana mobali oyo azali na lisano ya skate azali kopumbwa na kati ya mopɛpɛ .,Skateboarder
3616638478_641d02183d.jpg,Mwasi moko oyo azali na simisi ya mai ya pondu mpe mwasi moko alati simisi ya orange oyo ezali na mabɔkɔ oyo esembolami,two women
3636418958_f038130bb2.jpg,Elenge mwasi moko oyo alati leotard ya rose ya mɔtɔ azali kopumbwa na kati ya mopɛpɛ .,Gymnastics
3636491114_ab34dac833.jpg,Moto azali kosala backstroke na pool,Swimming
3640661245_c8c419524d.jpg,Elenge mwasi alati robe ya motane ya polka dot mpe elamba ya motane na motó azali kosakana na lisano ya rose ya maboko,girl playing with toy
3644941648_012ec87848.jpg,Moto azali kosala lisano ya kokita na mai na ndako moko ya molai .,Person performing a backflip
3647170476_0fd71a4c9f.jpg,Mwasi na bana na bana na ba cones na bango ya crème glacée .,Ice cream
3651107058_d84d4c3c25.jpg,Moto oyo alati biloko ya orange mpe sapato ya chunky azali kobenda makolo na ye likoló ya matiti .,Person wearing black and orange fishnet stockings and black boots
3655155990_b0e201dd3c.jpg,Bambwa mibale bazali kosakana na mai .,Dogs playing in the water
3659769138_d907fd9647.jpg,Mpɛpɔ moko epumbwaka na lipata ya milinga nsima na yango .,"Aircraft, Airplane, Vehicle."
3667318593_fa1816b346.jpg,Mwana mwasi afandi na kotambola ya swing .,Girl on a swing at a fair
3672106148_56cfb5fc8d.jpg,Moto moko alali na matiti na elanga mpe azali kotánga buku moko.,man reading a book in a park
3673165148_67f217064f.jpg,Mbwa moko etɛlɛmi na libongo .,Dog on the beach with the rock in the background
3674168459_6245f4f658.jpg,Basi mibale ya basi oyo basalaka masano ya karate bazali komonisa ete bato mosusu bazali wana.,Karate
3675825945_96b2916959.jpg,Moto ya lisano ya skate na pisini moko oyo ezangi bato .,Skateboarder
3677964239_6406ed096f.jpg,Elenge mwasi moko asepelaka na crème glacée elongo na basi mibale ya mikóló na esika oyo eza lokola piere-lokola .,three women and a child on a boardwalk
3686924335_3c51e8834a.jpg,mbwa asombaka na tiyo .,Dog playing with water
3696246123_99d4d10140.jpg,"Bambwa mibale oyo eza na libanda, moko azali na mabele pe moko azali kopumbwa na likolo mpona kozwa bale .",Dogs playing
3700004668_99c3e3f55b.jpg,Mwana mobali moko oyo monɔkɔ na ye efungwami polele alati kazaka ya bomoi ya langi ya mosaka mpe maneti ya kobatela mai elongo na mobali moko oyo azalaki pembeni na ye.,Swimming
3712742641_641282803e.jpg,Mbwa moko ya moindo mpe ya mpɛmbɛ ezali kobɛta mai na laki moko .,Dog
3720366614_dfa8fe1088.jpg,Mbwa moko ya moke ya moindo etɛlɛmi na makolo mibale mpe alati tutu ya rozɛ .,Dog
378453580_21d688748e.jpg,Mbwa yango ememaka nzete mpe epumbwaka likoló ya nzete moko na zamba.,Dog
380041023_0dfd712ef1.jpg,Mbwa moko ya brun ezali kopota mbangu.,Dog
390986651_c801db91a0.jpg,Mwasi moko azali kobimisa motó na ye na hema na ye na mopanzi ya moutnaine oyo etondi na mbula - mpɛmbɛ.,Campsite in the snow
392976422_c8d0514bc3.jpg,Mwana mobali alati elamba ya striped azali kotambola pembeni ya ledge .,Boy looking around a corner
397286183_745abbf40d.jpg,Mobali moko alati kazaka ya bule azali kotala kamera .,me
400851260_5911898657.jpg,Moto moko atɛlɛmi na nɛjɛ ntango moi elali.,Sunrise
404850242_3a55a4c874.jpg,Mwasi moko alati kazaka ya motane abandi kokanga fɔtɔ.,Woman in red jacket
405331006_4e94e07698.jpg,Mobali moko alati ekɔti ya bule mpe simisi azali kotambola na mpunda ya mpɛmbɛ .,Cowboy on a horse
415657941_454d370721.jpg,Mwana mwasi moke azali kobaluka esika ya masano merry-go-round wana bana mosusu bazali komata na mpunda .,Playground
41999070_838089137e.jpg,Etuluku moko ya bambwa bazali kosakana na pisini moko ya monene .,Dogs playing in a pool
424869823_7aec015d87.jpg,Elenge mwasi moko liboso ya monama.,girl and rainbow
448257345_ce149c2ea6.jpg,Moto azali kolya saani ya pasta oyo eza na mbwa ya moindo pe ya brun na lokolo na ye .,Dog eating pasta
464527562_a18f095225.jpg,Mbwa moko ya brun ekangi miso mpe Frisbee ya violɛ na monɔkɔ na yango .,Dog
477254932_56b48d775d.jpg,Elenge mwasi moko azali kobalola pisini moko wana basusu bazali kobɛta mai .,Swimming pool
481054596_cad8c02103.jpg,Mobali moko ná mwasi moko bazali koyambana na balabala moko .,Street performers
487071033_27e460a1b9.jpg,Moto ya lisano ya skate asalaka mayele mabe mpo na bato oyo bazali kotala yango.,Skateboarder doing a trick
492493570_c27237a396.jpg,Elenge mwasi alataki robe ya kosukola ya rose na loboko ya mobali na mopepe na nsima ya seagull na libongo pene ya mai .,Girl chasing a seagull on the beach
494792770_2c5f767ac0.jpg,Brown mbwa ya nsuki milai na elanga .,Dog
494921598_af73bda568.jpg,Mwana moko azali kosala lisano ya hockey na glace,Hockey
495055747_a75872762a.jpg,Mwasi moko ya mobange azali kokatisa nzela na engumba moko .,Woman in blue velvet dress and red jacket crossing the street
502671104_b2114246c7.jpg,Elenge mwasi moko alati robe ya kosukola ya motane azali na pisini .,Swimming
509200598_171a1ab6c8.jpg,Bambwa mibale ya moindo bazali kosakana na matiti .,Two dogs playing
522700240_d9af45e60d.jpg,Mbwa moko elali likoló ya mbeto oyo eza na elamba ya bule wana ezipamaki mpe mwa moke na lokasa ya bule .,Dog sleeping
543326592_70bd4d8602.jpg,Etuluku moko ya bato bayangani liboso ya maziba wana babalani mibale balati bilamba ya mposo ya nyama bazali koyambana .,Crowd of people in a park
557101732_32bbc47c12.jpg,Moto yango oyo azali na mandɛfu ya mpɛmbɛ azali kotambola na velo pene na bisi .,Bicycle
566921157_07c18a41e2.jpg,Mbwa mibale ezali kokima na salite,Dogs
576093768_e78f91c176.jpg,Bana mibali misato bazali kotala ordinatɛrɛ ya mabɔkɔ ntango minei basololaka na telefone.,Computer
576920249_df1bdc2068.jpg,Mwana moko alati simisi ya mpɛmbɛ azali kobɛta mabɔkɔ .,Girl in white t-shirt and grey pants
700884207_d3ec546494.jpg,Mwasi moko asimbi bebe oyo alati maneti ya moyi.,baby
701816897_221bbe761a.jpg,Elenge mwasi moko azali kopumbwa liboso na makolo na pisini moko ya kobeta mai mpe mwana mwasi mosusu ya moke mpe mwasi mosusu bazali kotala .,Swimming
743571049_68080e8751.jpg,Mwana mobali moko ya moke azali kobalola eloko moko oyo ezali kongɛnga zingazinga na likoló .,Sparklers
765298136_7805fbb079.jpg,Mobali moko alati bilamba ya motane azali komata na mai oyo ezali kokwea na nsinga ya motane .,Canyoning
775664534_3f6de7d413.jpg,Bana misato bazali kokima mbangu na ngomba moko ya matiti .,children running down a hill
852469220_bc0fee3623.jpg,Mbwa moko ezali kobɛta mai na nzela ya mai .,Dog swimming in a lake
862156271_3eacea90a8.jpg,Bana basi mibale bazali kotambola moko pembeni mpe bazali kosolola.,Two girls walking
947969010_f1ea572e89.jpg,Mbwa oyo ezali na mwa nzete na monɔkɔ na yango ebimaka na mai.,Dog shaking off water
950273886_88c324e663.jpg,Mobali moko alati simisi ya motane azali koluka komata na libanga moko .,man in red t-shirt climbing a rock
96420612_feb18fc6c6.jpg,Mobali moko alati bikumu ya mai ya motane azali kopumbwa likoló ya tablo ya ebembe.,Sandboarding
970641406_9a20ee636a.jpg,Etuluku moko ya bato batɛlɛmi likoló ya balcon .,The elevator
1019604187_d087bf9a5f.jpg,Imbwa y'umweru igiye gufata umupira w'umuhondo mu kanwa,Dog
1030985833_b0902ea560.jpg,Laboratwari y'umukara n'umukara iri hanze kandi laboratwari y'umukara iri gufata ibikinisho mu kanwa kayo.,Two dogs playing with a frisbee
1056359656_662cee0814.jpg,Umwana w'umukobwa,Train rides
106514190_bae200f463.jpg,Umukinnyi w'ikipe y'igihugu Amavubi agiye kujya ku musozi w'urubura,Ski touring
1067675215_7336a694d6.jpg,Umugabo wambaye imyenda migufi y'ubururu aryamye mu muhanda,man sleeping in parking lot
1079274291_9aaf896cc1.jpg,Abana babiri b'abakobwa,boys
1087539207_9f77ab3aaf.jpg,Abana bakinnye ku kibuga cy'indege enye,Quad
1144288288_e5c9558b6a.jpg,Umugabo wambaye imyenda migufi arimo kwiruka mu muhanda afite umutwe.,Jogging
1160441615_fe6b3c5277.jpg,Abakobwa batatu bagendaga mu muhanda w'ubusitani,The entrance to the garden
1174525839_7c1e6cfa86.jpg,"Umukobwa ufite umusatsi muremure, ufite umusatsi muremure, uri ku nkombe y'inyanja, arimo kwiruka mu kirere.",girl running on the beach
1177994172_10d143cb8d.jpg,Abana babiri b'abakobwa,Water fight
118187095_d422383c81.jpg,Abana babiri b'abakobwa,People in a parade
1187435567_18173c148b.jpg,"Ni imbwa ntoya, ifite ibishyimbo, ikina n'ikinyabupfura.",Dog
1193116658_c0161c35b5.jpg,Hari umukobwa ufite ubumuga bwo kutabona n'umwana mu igare.,Girl on unicycle and boy on scooter
1240297429_c36ae0c58f.jpg,Imbwa inyura mu byatsi.,Greyhound racing
1253275679_e955fb7304.jpg,Ahabanza Amakuru Amakuru y'Imyidagaduro,boy with down syndrome
1262077938_8b9516c273.jpg,Umukobwa ufite igikapu cy'umukara yicaye ku ntebe y'ibiti,Girl sitting on a bench
127490019_7c5c08cb11.jpg,Umugore arimo araterana umupira w' golfe.,Golf
1282392036_5a0328eb86.jpg,Ahabanza Amakuru Amakuru y'Imyidagaduro,Woman and child with a cart of medieval crafts
128912885_8350d277a4.jpg,Umukinnyi w'umupira w'amaguru w'umupira w'amaguru w'umupira w',Dog playing with a ball
1308472581_9961782889.jpg,Uyu mukobwa ufite umupira w'amaguru ufite,Girl running through the water
1311132744_5ffd03f831.jpg,Imbwa y'umukara ifite ibara ry'umutuku inyura mu ubwatsi,Dog
1312020846_5abb4a9be2.jpg,Abana babiri b'abakobwa,Pugs
1321723162_9d4c78b8af.jpg,Abakobwa babiri b'abakobwa,Ice skating
133189853_811de6ab2a.jpg,"Abagabo bamwe baraseka ubwo basomana mu gituza n'undi mugabo, bombi bambaye imyenda y'umwihariko",Kiss
1334892555_1beff092c3.jpg,Abakobwa babiri b'abakobwa,Playground
133905560_9d012b47f3.jpg,Imbwa ebyiri z'imbwa ziri gukina mu nduru,two dogs playing in the snow
134724228_30408cd77f.jpg,Abakobwa babiri b'abakobwa,Two girls walking in a park
1394396709_65040d97ab.jpg,Imbwa igwa mu mazi,Dog retrieving a toy in a lake
1402843760_d30f1dbf0f.jpg,Imbwa y'umweru iri hanze.,Bichon frise
1410193619_13fff6c875.jpg,Umwana w'umukobwa,Toddler reaching for a mirror
1424237335_b3be9920ba.jpg,Abakobwa babiri b'abakobwa,Girls playing on a playground
1428641354_f7453afbea.jpg,Umugore n'umuhungu bagiye gukora hamburgers mu gikoni,Food
1433577867_39a1510c43.jpg,Imbwa y'umweru iri mu mazi ifite inkoni mu kanwa kayo.,Dog
143680966_0010ff8c60.jpg,Uyu mugabo ni we ufite ubumuga bwo mu bwoko bw'amabuye y'agaciro.,Rock climbing
1456393634_74022d9056.jpg,Umwana w'umuhungu akora imyitozo ngororamubiri ku kibuga cy'indege,Beach
1464120327_d90279ca3a.jpg,Umwana w'umuhungu yashyize mu maso idirishya,Toddler looking at a window display
1473618073_7db56a5237.jpg,Umwana w'umuhungu uri mu gitaramo cya Green Plastic,swing
1476241331_2f43b67aed.jpg,Abana babiri b'abakobwa,two boys at a water fountain
1479857177_9d4a6f38fd.jpg,Bye bye suba diver.,Scuba diver with a case of fish
1480712062_32a61ad4b7.jpg,Umukinnyi w'umupira w'amaguru ufite umupira w'amaguru ufite umupira w'amaguru,Scuba diver with crayfish
1521623639_4bda3407cc.jpg,Umugabo yicaye ku buriri hanze y'ikibuga cy'imyidagaduro,Homeless woman on a couch under a bridge in the US
1523800748_a59e980eee.jpg,Abana babiri b'abakobwa,children running on the beach
1526181215_c1a94325ae.jpg,Imbwa igwa mu mazi,Dog jumping into water
1561658940_a947f2446a.jpg,Umwana w'umukobwa uri mu gitaramo cy'ubugimbi,Girl on a swing
1580172290_e19067e0dd.jpg,Abana babiri b'abakobwa,Baby and toddler
1659358141_0433c9bf99.jpg,"Imbwa y'umukara iri mu byatsi, ururimi rwayo ruhagaze.",Dog
1663454406_5e2cf8c5bb.jpg,Umugabo afite ikimenyetso imbere y'itsinda ry'abantu ku munsi w'ibicu.,"Protestor holding a sign that reads ""Don't be hatin' yo"""
1680126311_b92a2e8e72.jpg,Umwana w'umuhungu yakubitaga umupira mu gituza,Soccer
171488318_fb26af58e2.jpg,Imbwa igendera mu byatsi,Dog in mud
1794818900_e0ffdd268e.jpg,Umukobwa wambaye imyenda y'ubururu yambaye,Girl on a playground
1801663973_5ad393caeb.jpg,"Umugore munini ufite umusatsi muremure w'umuhondo wambaye umukara, aryamye ku giti aganira n'umugabo upfukamye iruhande rwe.",A couple of young people in a park
1805990081_da9cefe3a5.jpg,Umwana w'umukobwa,Boy running with his dog
1812525037_528465037c.jpg,Abana babiri b'abakobwa,A group of people dressed in costumes
189721896_1ffe76d89e.jpg,"Ibuye ry'umugabo rizamuka hejuru y'umusozi muremure cyane, rifite umugozi w'ubururu inyuma ye.",Rock climbing
1923476156_e20976b32d.jpg,Umuntu uri ku igare afite imbwa y'umweru ku mbuga...,Dog
1937104503_313d22a2d0.jpg,Imbwa igwa mu mazi,Dog
195962284_e57178054a.jpg,Umwana w'umuhungu yanyuze mu mazi iruhande rw'inyubako,Man playing in water
1977827746_4e13d7e19f.jpg,Abana babiri barya ibyokurya byo hanze,Corn dogs
2004674713_2883e63c67.jpg,Umugabo umwe ahagarara inyuma y'imbwa ebyiri avugana n'undi,Dogs playing
2009636597_e3f4fe19fb.jpg,Umugabo ufite guitar y'amashanyarazi anywa itabi yicaye hanze,Street musician
201682811_105241dee3.jpg,Abantu babiri barebye ku ishusho ya zahabu,Statue of Mahatma Gandhi playing cricket
207275121_ee4dfa0bf2.jpg,Imbwa nini y'umukara iri kwiruka mu gikari cy'ubwatsi.,Dog
2073105823_6dacade004.jpg,Umugabo ufite umupira w'amaguru ufite umupira w',Skateboarder
2083778090_3aecaa11cc.jpg,Umugabo wambaye ipantalo y'umukara n'inkweto y'umukara yambaye agapfukamunwa,Man in fur hat
2090545563_a4e66ec76b.jpg,Abana babiri b'abakobwa,Two children playing on a skateboard
2090997177_76d482b158.jpg,Imbwa y'umukara iri kugenda mu musenyi,Dog
2095444126_201ff9f222.jpg,Imbwa igwa mu mazi,Dog
2102581664_5ea50f85c6.jpg,Imbwa y'umukara iri hejuru y'uruzitiro rw'umukara n'umweru.,Dog agility
2102732029_9ae520914d.jpg,Abakobwa babiri b'abakobwa,two girls taking a picture
2107837987_ffecfc367a.jpg,Umwana w'umuhungu ahagaze hafi y'amazi afite ibuye mu ntoki,boy
2115631346_9585a479b0.jpg,Imbwa ebyiri z'umukara zanyuze mu nduru,two dogs running in the snow
2144049642_070cf541b4.jpg,Umwana w'umukobwa,girl coloring
2149968397_a7411729d1.jpg,Umwana w'umuhungu yasekaga mu nyanja,boy in the sea
2158267555_db1d94e468.jpg,Umwana w'umukobwa,Pony rides
2160266952_a2ab39191b.jpg,Abana babiri b'abakobwa,Girl on a hopper ball
2161799386_27aa938421.jpg,Umwana w'umuhungu yicaye mu cyumba cy'ubururu,boy on toilet
2169067981_cc19268f23.jpg,Abana babiri b'abakobwa,Dance
2187222896_c206d63396.jpg,Uyu mwana wambaye ishati itukura ari iruhande rw'urukuta rw'ubururu,Boy in red shirt
2188192752_09d9fc5431.jpg,Umwana w'umuhungu yanyuze mu itsinda ry'abantu bafite amabuye y'agaciro mu isiganwa,Boy running
2193223202_4d908c0450.jpg,Abakinnyi batatu bakina umupira w'amaguru mu kibuga,boys playing football
2196316998_3b2d63f01f.jpg,Umugabo yafashe iherezo ry'inkweto mu gihe undi mugabo akina.,Bagpipe
2199200615_85e4c2a602.jpg,Imbwa inyura mu byatsi.,Dog
2208055895_37cd8e1edf.jpg,Umwana w'umuhungu yambaye imyenda y'imbeho mu gihe cy'ubukonje,Snow
2211593099_4a4f1c85d2.jpg,Itsinda ry'abana b'abahungu ryafotowe mu buryo bw'amashusho,Boys in a refugee camp in Afghanistan
2216695423_1362cb25f3.jpg,Imbwa enye zikina hanze n'inkoni,Dogs playing
2220185725_45d4fa68d9.jpg,Imbwa ebyiri ziri mu mazi ubwo umugabo areba ku kibuga cy'indege,Dogs
2243904502_2d265fed80.jpg,Imbwa yirukana ibikinisho mu kanwa,Dog
2248487956_2603f55ab9.jpg,Uyu mukobwa wambaye imyenda itukura yambaye ipantalo kandi areba umuhungu wambaye imyenda y'ubururu,woman and boy
2255332561_3375897ff0.jpg,Uyu mugabo ari ku musozi.,A park ranger surveys a colony of northern gannets on a cliff in Alaska
2268596214_ca532f5c63.jpg,Umugabo ufite udupfunyika tw' amajwi arimo areba kamera.,cameraman
2268729848_d418451226.jpg,Umwana w'umuhungu yakubiswe n'imodoka muri gari ya moshi,Train
2279496715_8ef3ee6edb.jpg,Umwana w'umukobwa,wheelbarrow
2285741931_07159a21f2.jpg,Umukobwa ufite inkweto z'umweru n'inkweto z'umweru agiye kugendera ku igare,Girl riding a scooter
2296166785_292a4e9f4c.jpg,Abana babiri b'abakobwa,Sandboarding
2298661279_016d87ba2f.jpg,Umwana w'umuhungu uri hejuru y'ikibuga cy'indege,Boy on a slide
2301867590_98c0ecb0cb.jpg,Abana babiri b'abakobwa,Angels
2322334640_d4d22619ff.jpg,Umwana w'umuhungu wambaye agapfukamunwa mu muhanda,boy on a razor
2337809114_899ba61330.jpg,Umwana w'umukobwa atewe inda n'umuhungu n'umukobwa,family
2339106348_2df90aa6a9.jpg,Abakobwa babiri b'abakobwa,Two young women in a crowd
2351479551_e8820a1ff3.jpg,Umugabo ufite ipantalo y'ubururu yaguye mu kirere,Parkour
2355819665_39021ff642.jpg,Uyu mwana yagiye ku igare rye ry'umukara n'umukara mu muhanda,Bicycle
2363540508_9dd1ccf7c7.jpg,Umukobwa ukiri muto mu kibuga cy'indege,girl on slide
2367317953_503317493e.jpg,Umukobwa wambaye ikoti rya Puma yambaye imyenda,female
2381583688_a6dd0a7279.jpg,Umugore w'umusaza wambaye ikoti ry'umweru n'umweru,old woman
2393298349_e659308218.jpg,Abana babiri bakina umupira w'amaguru hafi y'imbwa y'umukara n'ihene y'umweru.,Soccer
2396100671_3a9d67f03d.jpg,Umwana w'umukobwa wambaye imyenda y'inkweto ku igare,child
2396746868_0727e06983.jpg,Umwana muto agiye kumanuka agana ku muhanda w' igishushanyo cy' ubururu.,Playground
2405599120_ec5f32af6f.jpg,Umwana yicaye hasi akikijwe na diapers na basket.,Baby
2406591500_403f145905.jpg,Abana babiri b'abakobwa,Kids running in the garden
2409597310_958f5d8aff.jpg,Abana babiri b'abakobwa,two boys in a wagon
241345905_5826a72da1.jpg,Umukinnyi w'umupira w'amaguru yakomeretse mu mukino,American football player
241346471_c756a8f139.jpg,Umukinnyi w'umupira w'amaguru yahanganye n'itsinda ry'abandi bakinnyi mu kibuga,Football
241346923_18bd84bea4.jpg,Umukinnyi w'umupira w'amaguru yirukana umupira mu gihe abandi bamuhunga.,Football
241347441_d3dd9b129f.jpg,Umukinnyi w'umupira w'amaguru wambaye imyenda y'imbere,Football player
241347580_a1e20321d3.jpg,Abakobwa babiri b'abakobwa b'abakobwa,Girls at a football game
2415265825_fbfe0c8556.jpg,Imbwa y'umukara iri kugenda mu musenyi,Flat-coated retriever
2416964653_db3c2b6a0e.jpg,Abakobwa babiri b'abakobwa,Two girls
2417341107_97dbab9c5e.jpg,Umwana w'umuhungu akora imyitozo ngororamubiri ku kibuga cy'indege,Handstand on the beach
2418191216_82711d5c5c.jpg,Umugore ufite ubumuga bwo mu nda yambaye imyenda y'abakobwa,smiling
2423138514_950f79e432.jpg,Abana babiri b'abakobwa,Two boys playing in the water
2426303900_0a8d52eb14.jpg,Abana babiri b'abakobwa b'abakobwa b',Kids playing in the shower
2428797297_7fc3c862db.jpg,Imbwa ebyiri ziri gukina n'ibikinisho by'ubururu,two dogs playing with a toy
2434074318_e35a567220.jpg,Umugabo ahagaze hafi y'igishushanyo kiri ku musozi.,Summit of the highest point in the park
2441815792_43565b1312.jpg,Bamwe mu baturage bafotowe,group photo
2446315531_7c9704eec0.jpg,Imbwa ebyiri z'abanyarwanda ziri gukubitana mu musenyi,2 dogs playing
244774022_a12c07afdb.jpg,Umuntu uri ku igare ry' igare ku mugezi.,Surfer
2453971388_76616b6a82.jpg,Abakobwa babiri b'abakobwa,Water
2455528149_6c3477fd33.jpg,Bamwe mu baturage bari mu mashusho y'indirimbo y'indirimbo y',Art exhibition
2456615908_59cdac6605.jpg,Imbwa y'umukara yasimbutse uruzitiro rw'umuriro ifite inyoni yapfuye mu kanwa,Labrador retriever
2458862292_466a920ee2.jpg,Umugabo ahagaze iruhande rw'imodoka,Car wash
2467821766_0510c9a2d1.jpg,Abaturage bo mu Karere ka Nyarugenge banyura mu karere ka Nyarugenge,Hiking
2470493181_2efbbf17bd.jpg,Abahungu babiri bahagaze ku kibuga cy'indege mu gihe bakina n'umugozi w'ubururu.,Children playing a game
2471297228_b784ff61a2.jpg,Abakobwa babiri b'abakobwa,Girls playing with scarves
2471493912_2d4746b834.jpg,Abakobwa babiri b'abakobwa,Mud
2473737724_355599a263.jpg,Abakobwa bakora imyitozo ngororamubiri mu kibuga cy'indege,Judo
2473738924_eca928d12f.jpg,Abakobwa babiri b'abakobwa,Karate
2474918824_88660c7757.jpg,Umugabo wambaye ishati itukura azamuka ibuye mu gihe undi mugabo ahagaze inyuma kugira ngo amufashe.,Bouldering
2475300106_b8563111ba.jpg,Imbwa inyura mu gikari.,Dog
2480664591_e6d22ed61c.jpg,Abantu babiri bari mu bwato banyuze mu biti binini,Rowers on the lake
2490179961_e842fda5eb.jpg,Abakobwa babiri b'abakobwa,two girls
2502007071_82a8c639cf.jpg,"Umugabo wambaye imyenda y'izuba, umugore wambaye ibirahure by'izuba, n'umwana wambaye ipantalo y'ubururu imbere y'inyubako y'amatafari.",Mullet
2505056124_1276e8dbcb.jpg,Umwana w'umuhungu ufite umubyibuho itukura n'umweru,boy flying a kite
2520909293_9bb7f7364e.jpg,Umugabo wambaye ishati y'umuhondo arimo gukora imyitozo ngororamubiri mu kirere akoresheje igare rye.,Bicycle
252124738_796599e94b.jpg,Umugore w'umunyarwandakazi yicaye iruhande rw'umugabo ufite ingano y'ingano,Corn on the cob
2521983429_33218366bd.jpg,Umugabo n'imbwa bari ku mabuye ku nkombe y'inyanja,Dog and woman on a rocky beach
2527163162_d0fb802992.jpg,Umwana w'umuhungu wambaye agapfukamunwa afite inkoni nini,Girl in a kilt
2528552898_9e49a7033f.jpg,Imodoka y'umuhondo iri mu muhanda imbere y'itsinda ry'abantu.,Rally car
2533010184_ef2fd71297.jpg,Umugore wambaye agapfukamunwa k'umweru yicaye hafi y'amabara y'umweru,A woman wearing a hijab in a garden of white tulips
2534652796_c8a23288ab.jpg,Abana babiri b'abakobwa,children playing on space hoppers
2537583012_4a358a6a8a.jpg,Abagabo babiri bari munsi y'umuhanda,Inline skating
254901702_67ada9867c.jpg,Umugabo wambaye ikoti ry'umuhondo yambaye imyenda y'umuhondo,Frisbee
2549968784_39bfbe44f9.jpg,Umwana yambaye imyenda yo koga,Swimming
255091930_aa2b5c0eb9.jpg,Umugabo w'umugabo ufite umubyibuho ukabije,Food vendor
2560278143_aa5110aa37.jpg,Hari igikoko cyitwa beagle kigenda kigenda kigenda ku musozi w' urumamfu.,Dog
2568417021_afa68423e5.jpg,hari umuhungu ufite umupira wa basketball imbere y' inzu y' abirabura.,A boy holding a basketball
2579268572_d78f8436cb.jpg,Ahabanza Amakuru Amakuru y'Imyidagaduro Umuyobozi w'Akarere ka Nyabihu yavuze ko abaturage bafite ubumuga bwo mu mutwe,Roller coaster
2587017287_888c811b5a.jpg,Imbwa y'u Rwanda yanyuze mu mazi abira,Dog
2587818583_4aa8e7b174.jpg,Umugabo yakuye umwana mu kibuga cy'umupira,Ball pit
2589308405_e208b5e745.jpg,Abakobwa babiri b'abakobwa,Two girls in a sack race
2592019072_a6c0090da4.jpg,Umukobwa w'umukobwa,girl running
2597958208_e03aa149c9.jpg,Umwana w'umuhungu n'umukobwa bakina hanze,children playing
2598979962_c01811cfca.jpg,"Umugore wambaye ishati itukura, ipantalo y'umweru n'amashati y'umweru arimo gukina Tennis",Tennis player
2599131872_65789d86d5.jpg,Abakobwa babiri b'abakobwa,girls on trampoline
2600386812_8790879d9a.jpg,Imbwa y'umukara ihagaze mu mazi areba imiraba y'inyanja ku munsi w'izuba.,Dog on the beach
260850192_fd03ea26f1.jpg,Hari umuntu uri munsi y'urutare runini.,Cave
2612040125_0a93889f06.jpg,Abana babiri b'abakobwa,Dogs playing frisbee
262963190_a78b799e89.jpg,Umugabo wambaye ingofero y'umweru n'imyambaro y'umwijima ahagaze mu misozi y'urubura.,Skiing
2635164923_2a774f7854.jpg,Umwana w'umukobwa,Skateboarder
263522013_d118d46b2d.jpg,Imbwa igwa mu mazi,Dog shaking water off
265223847_636ba039c1.jpg,Umukinnyi w'umupira w'amaguru ufite parachute y'umuhondo agiye kugwa,Paragliding
2663794355_e726ec7e05.jpg,Abagore babiri b'abakobwa,Sunbathing
2665586311_9a5f4e3fbe.jpg,Abakobwa babiri b'abakobwa,Ruins of the old church
2671602981_4edde92658.jpg,Umwana w'umukobwa wambaye ikoti ryo koga yasimbutse mu mubiri w'amazi,girl jumping into water
271637337_0700f307cf.jpg,Imbwa igwa hejuru y'umusozi,Dog
2716903793_fb7a3d8ba6.jpg,Abana babiri b'abakobwa,two boys pulling a cart
2724485630_7d2452df00.jpg,Abagore babiri b'abakobwa,"Two women wearing shirts that say ""I love beer"""
272988646_1588bde6a8.jpg,Umugore ufite ubumuga bwo mu bwoko bwa Mohawk agiye kujyana n'umwana muto,Punk with a mohawk and a child
2735558076_0d7bbc18fc.jpg,Abantu bicaye hasi bambaye inkweto zihuye n'inkweto,Young man wearing a keffiyeh
2751602672_ca5e1f6447.jpg,Umugabo afite inkoni hejuru y'imbwa.,Dog training
2752809449_632cd991b3.jpg,Umugore yicaye ku gituza cy'umugabo muri gahunda y'ubwikorezi rusange.,Bus
2768972186_92787cd523.jpg,Imbwa nini y'umukara iri inyuma y'imbwa y'umweru,Dog
2773011586_6f4cd41e84.jpg,Abantu bari mu rugendo rw'imodoka muri pariki cyangwa Carnival.,Roller coaster
2774430374_fee1d793e7.jpg,Umuhungu muto yiteguye gukubita inkoni ye ya baseball.,Baseball
2775249812_f4db95e818.jpg,Umukobwa wambaye ikoti ry'umweru ahagaze mu isoko,girl playing in a fountain
2780031669_a0345cfc26.jpg,Abana babiri b'abakobwa,Snow
2782433864_5a0c311d87.jpg,Imbwa eshatu zihagaze mu musenyi maze zirebana.,Dogs
2785115802_137fa30000.jpg,Imbwa igwa mu mazi,Dog
2789238858_14261dd25a.jpg,Imbwa y'imbwa,Greyhound
2797185895_4d9e1e9508.jpg,Abantu babiri bambaye imyenda y',Canoe on the river
2797438951_88a3ed7541.jpg,Umukobwa wambaye imyenda y'ubururu yambaye,Lake
2797511323_bf20acab45.jpg,Imbwa y'umweru ifite umupira mu kanwa kayo,Dog
279901198_e7a88c855a.jpg,Imbwa ziri kwiruka hanze hafi y'ahantu hatuwe n'ishyamba.,Dogs playing
2800934095_b84a5009dd.jpg,Uyu mwana w'umukobwa w'umukobwa,Dog
2801851082_8c3c480c0f.jpg,Umwana w'umuhungu ufite imisatsi miremire afite umusatsi munini w'imbere ku mubiri we,boy in inner tube
2807177340_bc85291df5.jpg,Umwana w'umuhungu akinira ku kibuga cy'imikino,Playground
2810333931_47fd8dd340.jpg,Itsinda ry'abana bari mu cyiciro cya mbere cy'abana bafite inkoni n'inkota.,Children at a sports event
2812125355_5e11a76533.jpg,Umwana arya ibise by'ibyatsi.,boy eating
2812590023_50182bc417.jpg,Umwotsi uva inyuma y'imodoka y'umutuku iri ku kibuga cy'indege.,Dragster
2813784259_d201044d71.jpg,Umukinnyi w'umupira w'amaguru yakuye umupira mu kibuga,Soccer player
2814037463_74de97da86.jpg,Umugore wambaye imyenda y'imbuto y',woman
2814406547_a237ef0122.jpg,Umugabo yambaye imyenda y'amabuye y'ibara ry,man in floral robe
2815755985_0fa55544c0.jpg,Umwana w'umukobwa,girl on bouncy castle
2826647354_650ff5eb03.jpg,Abana babiri b'abakobwa,Bicycle
2833431496_09d999db4d.jpg,Abana babiri b'abakobwa,children
2836703077_fa9c736203.jpg,Abana babiri b'abakobwa,Two boys on a ride
2837908308_8bc25c6b02.jpg,Imbwa y'imbwa,Dog jumping over a hurdle
2845691057_d4ab89d889.jpg,Umugore yafata imodoka iparitse mu modoka y'isiganwa,Girl with a racing car
2851931813_eaf8ed7be3.jpg,Umwana w'umukobwa yicaye mu byatsi,Girl playing with a butterfly
2857609295_16aaa85293.jpg,Imbwa yafashe imbwa iri kumwe n'abarebaga inyuma,Disc dog
2860040276_eac0aca4fc.jpg,Blonde baby swinging baby swinging,boy on a swing
2863349041_5eba6e3e21.jpg,Abana babiri bakina mu cyumba cy'imyidagaduro,Laundry
2877503811_4e311253ec.jpg,Abantu benshi bicaye imbere y'inyubako y'umutuku n'umweru.,group photo
2878578240_caf64c3b19.jpg,Abana bakina mu mupira w'amaguru,Fountain
287999021_998c2eeb91.jpg,Abantu babiri bicaye hejuru y'umusozi ufite imigozi.,Climbing
2881087519_ca0aa79b2b.jpg,Ahabanza Amakuru Amakuru y'Imyidagaduro,Bicycle
2882589788_cb0b407a8d.jpg,Umukobwa wambaye imyenda y'ubururu yambaye,Cheerleader
2882893687_1d10d68f2b.jpg,Abana babiri b'abakobwa,children
2909609550_070eea49b5.jpg,Imbwa iri ku mpera y'ikibuga cy'indege,Dog
2913818905_8e4d9aa82a.jpg,Imbwa ebyiri ziruka mu musenyi,2 dogs playing on the beach
2922512807_d382528a93.jpg,Umusore yamanutse mu kibuga cy'indege ku kibuga cy'indege,Skateboarder doing a ollie over a step
2932498509_27cb0038ec.jpg,Abana babiri b'abakobwa,boys playing in the water
2934359101_cdf57442dc.jpg,Umukinnyi w'umupira w'amaguru ufite ingofero itukura yashyize amazi mu kanwa n'umutoza we mu mukino wa Boxing.,boxer
2934573544_7ffe92a2c9.jpg,Imbwa y'umukara yiruka mu byatsi,Doberman
2935986346_29df6cf692.jpg,Imbwa yambaye imyenda,Irish wolfhound
2944836001_b38b516286.jpg,Umugabo yafashe umupira mu gihe imbwa iri kwiruka,Dog jumping to catch a ball
2949880800_ca9a1bb7e6.jpg,Abakobwa babiri b'abakobwa,two girls in a lake
2949982320_c704b31626.jpg,Umupira w' amagare wa BMX ukora urugendo rwo ku rukuta ku muhanda.,Skateboarder
2950637275_98f1e30cca.jpg,Umuntu ahuza ikiganza kimwe.,B-boy
2956562716_5aa3f6ef38.jpg,Imbwa z'amoko atandukanye zirakina mu rugo.,Dogs playing in a dog park
2959581023_54402c8d88.jpg,Umugabo wambaye imyenda yo koga y'ubururu yinjiye mu mazi nyuma yo gusimbuka ku rutare.,Swimming
2971478694_79e46ea7e5.jpg,Benshi mu bagore bambaye imyenda itandukanye iri mu buye.,Women in a temple in Rajasthan
2974587819_742fb7c338.jpg,Abakinnyi b'ikipe y'igihugu Amavubi bakina hanze,Street musicians
2976684095_ce7ccfd423.jpg,Umwana w'umukobwa akora imodoka mu murima w'i Nyamasheke,Handstand
2982928615_06db40f4cd.jpg,Imbwa inyura mu byatsi.,Dog
2987576188_f82304f394.jpg,Bamwe mu baturage bari hafi y'inzu y'imyidagaduro bafite imihanda myinshi,The Alhambra
2991993027_36ac04e9a0.jpg,Bamwe mu basore bambaye nk'abasozi,Halloween
2991994415_504d1c0a03.jpg,Abakobwa babiri bambaye imyenda y'umutuku bari kumwe,two girls in costume
2993167183_2bda95fa3d.jpg,Umukinnyi w'umupira w'amaguru wa Miami,Basketball
2999162229_80d17099b6.jpg,Umukobwa wambaye imyenda y'umuhondo amurika imideri,A little girl lights a candle at a grave.
3002448718_a478c64fb4.jpg,"Abagore bane bari imbere ya Odeon bambaye imyenda y'umukara, ibara ry'umuhondo n'umweru n'imyenda ya jean.",People walking in a parade
3005124440_c096b310fb.jpg,Abantu batatu bafite ibimenyetso bya politiki,People holding political signs
3009644534_992e9ea2a7.jpg,Imbwa ifite umupira mu kanwa kayo,Dog
3019917636_4e0bb0acc4.jpg,Umukobwa w'umukobwa,Bicycle
3027399066_ca85495775.jpg,Ahabanza Amakuru Amakuru y'Imyidagaduro,Greyhound racing
3038941104_17ee91fc03.jpg,Umuntu ukora siporo y' igare y' igare y' umuduga.,Skateboarder doing a ollie over a traffic cone
3051341320_1d0166e775.jpg,Abantu benshi bari mu modoka y'ubururu.,Roller coaster
3054989420_3e755ca352.jpg,Abana barimo gukina n'amababi mu mpeshyi,children playing in the leaves
3056530884_27766059bc.jpg,Abakobwa babiri b'abakobwa,two girls on a swing
3069216757_c419b3898e.jpg,Uyu mukobwa yari yambaye ishati y'ibara ry'umuhondo ahagaze mu muryango afite ukuboko kwe kurambuye.,woman
3079341641_f65f6b0f8b.jpg,Abakobwa babiri b'abakobwa,Two little girls running into a room.
3079786914_fe598b0e54.jpg,Abana babiri b'abakobwa,2 girls in a tunnel
3079787482_0757e9d167.jpg,Abana babiri b'abakobwa,baby
308956341_642589e9cc.jpg,Imbwa y'umukara yaguye mu mazi,Dog shaking water off
3089842255_359ccf5c40.jpg,Umukobwa yakubiswe n'inkongi y'umuriro mu murima,Girl rolling on a large inflatable cylinder
3091921457_83eee69591.jpg,Abana bane basohotse mu idirishya,Children in a window
3098714492_19939e3b19.jpg,Umugeni n'umugeni bafatanye mu birori by'ubukwe bwabo,Wedding party
310213587_778fe8fb5b.jpg,Umugabo yanyweye soda ahagaze imbere y'intebe hafi y'itsinda ry'abantu bicaye,A man smoking in a park
3103340819_46de7954a9.jpg,Abana babiri b'abakobwa,couple
3105315670_5f86f73753.jpg,"Uyu mukobwa yambaye ikoti ry'umukara n'umukara, kandi ari ku muhanda.",Central Park
3106883334_419f3fb16f.jpg,Imbwa y'umunyarwanda iri kwiruka inyuma y'imbwa y'umukara iri kwiruka inyuma,Dogs
3111208043_dbe8e87fa1.jpg,Umugabo agendera mu nzira.,Athlete
3111502208_71e2a414f5.jpg,Abagore babiri b'abakobwa,Roller derby
3119887967_271a097464.jpg,"Abagabo babiri bareba camera, mu gihe umwe ari imbere agaragaza urutoki rwe.",two men
3120266797_47e7d91614.jpg,Abantu n'ibiti by' amahwa birimo imiterere y' igicu cy' indogo.,Silhouettes of people in a field
3128514681_a51b415c31.jpg,Abagore babiri bambaye imyenda y'imbere mu muhanda,Two girls in a street with lights
3138504165_c7ae396294.jpg,Umukinnyi w'umupira w'amaguru arinda igitego,Hockey goalie
3138746531_f6b816c126.jpg,Abantu batatu bicaye hafi y'inkongi y'umuriro,Fire
3139160252_75109e9e05.jpg,Abagore batatu bari kumwe imbere y'igiti cya Noheli,Christmas
3148286846_40ae914172.jpg,Abana babiri bakina mu bwato bw'ubururu mu kibuga cy'indege,Kayak
3149804151_1cc8d10783.jpg,Abakinnyi babiri b'Ikipe y'Igihugu Amavubi banyura mu kibuga cy'indege,motocross
3153828367_5fc2c37c07.jpg,Umwana w'umukobwa yicaye mu gituza cya Santa,Santa Claus
3154152744_4e93ec8a62.jpg,Imbwa ebyiri z'umukara zinyura mu nduru zifite ibikinisho bitukura mu kanwa k'imbwa imwe.,Two dogs playing in the snow
3154528397_89112faf4b.jpg,Umukinnyi w'ikipe y'igihugu Amavubi anyura mu kirere,Ski jumping
3169591322_d0b6d0cd04.jpg,Umuyobozi w'Akarere ka Nyabihu yavuze ko imbere y'inyubako zimwe na zimwe z'amabuye y'agaciro,Skateboarder doing a trick
3177799416_5bd0382370.jpg,Umuntu umwe yaguye mu musozi w'urubura.,Snowboarding
3178489390_13a6ae7524.jpg,Abana babiri b'abakobwa,Two boys playing
3181599388_68559cfc17.jpg,Abagabo babiri bari mu kibuga cy'indege barwanira mu kibuga cy'indege,Wrestler
3185695861_86152b2755.jpg,Imbwa iri mu murima ifite umupira wa Tennis mu kanwa.,Dog
3185787277_b412d7f5b7.jpg,Abantu bane bari mu cyumba kimwe.,Christmas party
3187492926_8aa85f80c6.jpg,Umugabo wambaye imyenda y'umukara yambaye imyenda y',Swimming
3198237818_cb5eb302f0.jpg,Umugabo wambaye Speedo n'umugore w'umwirabura wambaye bikini y'umukara n'umweru agenda ku nkombe y'abantu benshi.,Beach
3201427741_3033f5b625.jpg,Umugore wari wambaye agapfukamunwa akubita umwana mu mutwe,Mother and child
3204922011_185e48949a.jpg,Umukinnyi w'umupira w'amaguru w'umupira w'amaguru w'umupira w',Surfer
3207676216_48478bce97.jpg,Umugabo yakubiswe n'imbwa nyinshi mu nduru,Dog sledding
321229104_3cbaf0f51c.jpg,Umuntu ahagarara mu murima munini w'urubura.,Ice
3212625256_685bc4de99.jpg,Umugabo yasomanye n'umugore mu nzira,Kissing
3217910740_d1d61c08ab.jpg,Abana babiri b'abakobwa,Computer class
3218481970_1fa627b3da.jpg,Umukinnyi w'umupira w'amaguru arimo kwiruka no gufata umupira w'amaguru hejuru y'ikibuga.,Basketball player dunking a ball
3222496967_45d468ee66.jpg,Umugore w'umunyarwandakazi ufite ikinyamakuru yambaye imyenda y'umweru yambaye imyenda y'umweru,Man and woman
3223302125_f8154417f4.jpg,Umukinnyi w'umupira w'amaguru ari mu kirere.,Ski jumping
3223709894_97824ba76f.jpg,Imbwa inyura mu byatsi.,Dog running in a garden
3225998968_ef786d86e0.jpg,Umugabo wambaye imyenda y'umutuku yaguye ku musozi,Skiing
3227594168_3351722aae.jpg,Abagore babiri b'abakobwa,Picnic
3232252882_05db7c2216.jpg,Ahabanza Amakuru Amakuru y'Imyidagaduro Imbwa enye zihunga,Dog walking
3238654429_d899e34287.jpg,Umukinnyi w'umupira w'amaguru aguruka mu kirere akora uburiganya ku musozi w'urubura.,Snowboarder in a jump
3240558825_cd859d6230.jpg,Abaturage bategereje ubwato,Floating temple
3242919570_39a05aa2ee.jpg,Imbwa y'umweru ifite amatwi y'umweru iri kwiruka mu nduru,Dog
3246190363_68d903bfcb.jpg,Imbwa y'umukara yinjiye mu mazi,Dog running in the water
3246804978_ea2c9e56f2.jpg,Itsinda ry'abasozi mu gitaramo cy'i Nyabihu,Pugs
3247423890_163f00a2cb.jpg,Umukinnyi w'umupira w'amaguru ufite imipira itandatu y'umukara n'umweru,Juggling
325576658_59f68bdbd6.jpg,Umugabo yicaye ku ntebe y'ubururu afite agapfukamunwa k'ubururu mu maso.,Homeless man on a bench in New York City
3258391809_38fc6211f7.jpg,Umugabo n'umugore bashyizeho camera,cameraman and camerawoman
3258394043_a0b6a94dce.jpg,Abana babiri b'abakobwa,Children's television
3259229498_2b5708c0c6.jpg,Abantu bicaye hanze kugira ngo babone umuntu uri ku kibuga.,Open air cinema
3259579174_30a8a27058.jpg,"Umusore wambaye umwambaro w' imyambaro y' inzimbe, yamanukaga umusozi urimo urubura.",Skiing
3262301835_9f1a49b80a.jpg,Abantu batatu bategereje bisi hanze y'inyubako,Bus stop
3262793378_773b21ec19.jpg,Umukinnyi w'umupira w'amaguru wambaye ishati itukura n'inkweto yashyize ku igare rye hejuru y'umuyobozi,Bicycle
3263395801_5e4cee2b9e.jpg,Umukinnyi w'umupira w'amaguru yanyuze mu ishyamba,Mountain bike rider
3266261886_36e1323d2f.jpg,Abakinnyi babiri ba Sumo barwana.,Sumo
3270273940_61ef506f05.jpg,Abana babiri b'abakobwa,Two girls playing
3275627207_0b41e44597.jpg,Umugabo ufite dreadlocks avuga kuri telefoni ye,Young man with dreadlocks
3281611946_f42deed2e1.jpg,Abagabo babiri bambaye imyenda y'amazina y'abantu banywa inzoga kandi baseka,two men at a party
3286222970_1fa445e38f.jpg,Uyu mukobwa arimo kwiruka muri pariki y'igihugu hafi y'ikibuga cy'indege,girl running
3306212559_731ba9bd05.jpg,Abantu bane bari mu gikoni mu gihe bareba izuba rirenga.,Sunset
3321516504_5ee97771cb.jpg,Umugabo yafashe umwana uryamye afite agapfukamunwa k'umuhondo,father and son
3322443827_a04a94bb91.jpg,Umugabo yicaye iruhande rw'inzu itukura mu gihe yari arimo kunywa itabi,A man smoking outside a coffee shop
3326454455_960e5442e9.jpg,Umukinnyi w'umupira w'amaguru w'umugabo wambaye imyenda itukura asimbuka mu kirere maze akuramo imyenda migufi.,Rugby player celebrating a try
3328247381_a9f7fb4898.jpg,Abana babiri b'abakobwa b'abakobwa b',Surfers
3330675488_8692476a4a.jpg,Abana babiri b'abakobwa,Skiing
3336759846_5220e27deb.jpg,Bamwe mu baturage bafotowe,Kissing
3339319023_5dcc3ef81a.jpg,Umukinnyi wa baseball agenda agendera ku mupira wa baseball.,Baseball
3339747039_1a8455c210.jpg,Umugabo yicaye ku nkengero z'umusozi areba ikibaya gikomeye.,A view of the valley of the river
3341077091_7ca0833373.jpg,Umwana w'umuhungu ufite umupira w'amaguru mu gihe yari mu kirere mu nzira za gari ya moshi,Skateboarder
3341782693_426bf7139b.jpg,Umukinnyi w'umupira w'amaguru ahagaze mu kibuga cy'umupira w'amaguru,Water
3345025842_bc2082a509.jpg,Umukobwa ahagaze ku ibuye ritwikiriwe n'ikintu mu kanwa ke.,Girl playing on a skateboard
3349308309_92cff519f3.jpg,Abakobwa babiri b'abakobwa,Camel ride
3351493005_6e5030f596.jpg,Ahabanza Amakuru Amakuru y'Imyidagaduro,Snowboarding
3351704877_28dea303aa.jpg,Abakobwa babiri b'abakobwa,Camel ride
3352697012_751b079bbb.jpg,Abagore babiri b'abakobwa,Backflip
3353950389_1153d5e452.jpg,Abantu bateranira mu kabari,Nightlife
3368819708_0bfa0808f8.jpg,Bye bye snowboard jumping.,Snowboarder
3369354061_2bab79f91f.jpg,Umukobwa wambaye imyenda y'ubururu yambaye,girl walking
3371279606_c0d0cddab2.jpg,"Abagabo babiri bicaye ku meza, umwe afite ikibazo cy'imyidagaduro",Two men sitting in a room
3376809186_4e26d880b7.jpg,Itsinda ry'abantu bari mu mazi ._.,People bathing in the river
3381161854_af8b05243c.jpg,Imbwa ebyiri ziruka mu biti,two dogs running
3381788544_2c50e139dd.jpg,Itsinda ry'abakobwa bo muri Aziya rihagaze hamwe,Smile
3392851587_a638ff25e2.jpg,Abakobwa babiri b'abakobwa,Two girls on a ride at a park
3399944164_ec24123945.jpg,Umugore yaryamanye na kamera maze umugabo amusubiza inyuma afata ifoto.,couple
3400082864_9c737c1450.jpg,Umukinnyi wa Tennis ari mu mukino.,tennis player
3404978479_8a81843e17.jpg,Umwana w'umukobwa,See saw
3406409018_03de95181e.jpg,Umunyezamu w' igikombe cya Hockey agera ku mupira mu gihe cy' umukino w' umwuga.,Hockey
3412822878_5d961492e5.jpg,Umwana w'umukobwa,Skateboarder doing a 50-50 on a rail
3413571342_b9855795e2.jpg,Umugabo wambaye imyenda myinshi y'amabuye y'agaciro agendera ku kibuga cy'indege,Surfer
3415287719_3c776f370e.jpg,Abakobwa babiri b'abakobwa,Jumping
3419634480_c390f62a6e.jpg,Imbwa y'umukara yiruka mu byatsi,Dog
3431194126_ca78f5fde6.jpg,Abantu babiri bari hanze mu gihe bafite amaboko,old couple
3431860810_44277cd360.jpg,Imbwa y'imbwa,Dog
3434452829_62cee280bc.jpg,Abana babiri b'abakobwa,Two boys in Liverpool football club kit
3434526008_02359881a0.jpg,Umugabo wambaye ishati idafite amaboko arimo gukora igikorwa cyo mu kirere ku rukuta rwa grafite.,Skateboarder
3438858409_136345fa07.jpg,Abagabo babiri bambaye imyenda y'umuhondo babyinanye n'abagabo babiri bambaye imyenda y'umukara kuri stade.,Dance
3439982121_0afc6d5973.jpg,Umusaza yicaye ku ntebe nziza afite imbwa nini y'umweru iryamye hejuru ye.,Dog
3441104823_33cdae5a56.jpg,Itsinda ry'abantu benshi ryashyizeho umurongo wo hanze . . .,Crowd
3441701164_6dbbdf1bce.jpg,Umuntu uri mu isiganwa ry' amasiganwa y' amasiganwa y' amasiganwa y' amasiganwa y' amasiganwa y' amasiganwa y' amasiganwa y' amasiganwa y,Motorcycle racer
3443030942_f409586258.jpg,Umugore yamanutse ku musozi w'urubura,Skiing
3446586125_cafa0bfd67.jpg,Imbwa yirukana umupira mu kanwa,Golden retriever
3450874870_c4dcf58fb3.jpg,Umugabo n'umugore bari mu rugendo rw'umusozi w'urubura,Skiing
3451523035_b61d79f6a8.jpg,Ahabanza Amakuru Amakuru y'Imyidagaduro,Greyhound racing
3453259666_9ecaa8bb4b.jpg,Abana babiri b'abakobwa,Two boys on a tire swing
3455757720_7aeba57056.jpg,Umwana w'umukobwa,Dog on the beach
3457315666_b943111dec.jpg,Imbwa y'umukara n'umweru yasimbutse hejuru y'ikibuga cy'indege mu gihe cy'igerageza rya agility.,Bearded collie
3457784061_8f77f43a9c.jpg,Umukinnyi w'umupira w'amaguru ufite umupira w'amaguru ufite umupira w'amaguru,Bowling
3460458114_35037d4d4c.jpg,Abana babiri b'abakobwa,Swimming
3465791729_5bf9bd8635.jpg,Abakozi babiri b'Akarere ka Nyabihu bicaye mu muhanda mu Butaliyani,Bridge over a canal in Venice
3467073304_aefe553c4d.jpg,Umugore ukinira Volleyball,Beach volleyball player
3472540184_b0420b921a.jpg,Abana babiri b'abakobwa,boys running
3476451861_5b9c9ce191.jpg,Umuntu agendera ku igare ku giti.,Bicycle
3478877323_0a507a601b.jpg,Abana babiri b'abakobwa,children playing in a field of tulips
3482668767_66004ce736.jpg,Bamwe mu bana bafite amashusho y'iyi foto mu maso yabo,A group of people holding up cardboard frames in front of their faces
3490528249_6aae9b867b.jpg,Imodoka ebyiri zitwara abagenzi,Drag racing
3490874218_babb404b39.jpg,Umugabo ufite igare ry'ubururu riri ku igare ry'ubururu riri mu kirere nyuma yo gusimbuka ku muhanda.,Bicycle dirt jumping
3497224764_6e17544e0d.jpg,Uyu mukobwa yambaye ishati y'umweru ifite ipantalo itukura kandi yandika kuri note pad.,A girl is holding a white paper and a pen.
3498240367_cbd8c6efbf.jpg,Abana babiri b'abakobwa,children
3500136982_bf7a85531e.jpg,Itsinda ry'abakinnyi b'Ikipe y'Igihugu Amavubi riri ku kibuga cy'indege,Inline skating
3514019869_7de4ece2a5.jpg,Imbwa y'umukara n'umukara iri kwiruka hejuru y'inkweto z'umweru,Dog
3517127930_5dbddb45f6.jpg,umukinnyi wa softball urimo gukina ku kibuga,Softball
3527524436_a54aca78a9.jpg,Umuntu wambaye ishati y'umukara n'umukara yambaye amaboko hejuru y'umutwe n'abantu bari inyuma.,Snowboarder in a tutu
352981175_16ff5c07e4.jpg,Umukinnyi w'umupira w'amaguru yafashije undi mu kibuga,ice climbing
3533470072_87a5b595ba.jpg,Abakobwa babiri b'abakobwa,two girls
3537218226_478d2e4f26.jpg,Abantu babiri barimo kuzamuka mu kibuye,Climbing
3544312930_3a0b8d70c1.jpg,Umugore wambaye imyenda y'ubururu yambaye ikoti ry'umuhondo mu biganza bye,girl
3544669026_1b5c0e6316.jpg,Imbwa ibyina igafata umupira,Dog playing with a ball
3551281733_b43bf6f870.jpg,Ahabanza Amakuru Amakuru y'Imyidagaduro Indege y'indege ya Drone,Hummingbird
3551787566_b5ebbe2440.jpg,Umugore yamanutse ku musozi mu nzira y'umuvuduko,Mountain biker
3561130207_d1ed166daa.jpg,Imbaga y'abakobwa bari mu birori byo kwizihiza uyu munsi,Karaoke
356143774_ef3e93eede.jpg,Abana babiri b'abakobwa,Swans
3561537309_e271d57492.jpg,Umwana w'umuhungu ahagaze mu nyanja afite amaboko arambuye.,boy in the ocean
3564543247_05cdbc31cf.jpg,Abana babiri b'abakobwa,Two boys jumping into a pool
3565021218_d2bc1aa644.jpg,Umukobwa wambaye imyenda y'umuhondo akikijwe n'amabara y'umuhondo,girl in yellow dress
3567604049_da9e1be4ba.jpg,Uyu mwana agiye kwinjira mu kibuga cy'indege kinini,Swimming
3569667295_6e51db08ef.jpg,Imbwa y'umukara n'umweru iri kwiruka kandi igwa mu mazi.,Dog
3573202338_f43dd22d28.jpg,Abakobwa babiri b'abakobwa,Beach
3582066525_e9d6377f56.jpg,Umugabo yajugunye ikirunga mu mazi,Cliff jumping
3582689770_e57ab56671.jpg,Abantu babiri barimo kugenda n'amaguru maremare ku kibuga cy'indege,Cannon
3582742297_1daa29968e.jpg,Imbwa eshatu ziri gukina nabi mu kibuga cy'indege,Two dogs playing
3585495069_33cba06d0a.jpg,Abana bane b'abakobwa b,Dodgeball
3587596696_9c5964c94d.jpg,Abantu benshi bafite umubyibuho ukabije bakoresheje intoki zabo,Flying disc
3595398879_13e33b8916.jpg,Umwana w'umuhungu asimbuka mu maboko y'uwo mugabo.,Father and son
3596131692_91b8a05606.jpg,Abana batatu bambaye imyenda y'umupira w'amaguru bakurikiranye umupira w'ubururu n'ubururu,Soccer
3603116579_4a28a932e2.jpg,Umugabo ukina umupira w'amaguru,Baseball
3608752424_01a1cfd8a6.jpg,Imbwa ebyiri zinyura mu mazi hafi y'ibiti,Dogs playing in the water
3610683688_bbe6d725ed.jpg,Imbwa igwa mu mazi,Dog in the water
3611603026_9112b0c53f.jpg,Umugore ufite umufuka munini w'ifeza ahagaze ku biribwa,women
3614582606_16bd88dab2.jpg,Umwana w'umukobwa afite amabesi ku mutwe,Mother and daughter
3619630328_2d0865b6f4.jpg,Imbwa igwa hejuru y'umusozi,Dog jumping over a hurdle
3621177753_1718c30ea0.jpg,Ahabanza Amakuru Amakuru y'Imyidagaduro,Skateboarder doing a trick on a halfpipe
3633396324_c4b24b1f51.jpg,Umugabo w'umusaza yicaye imbere y'umugabo maze areba imbere.,old man
3634032601_2236676cdd.jpg,Abantu benshi bafite umugore ufite ishati ya orange kandi undi mugore wambaye umukara bafite umugongo wabo kuri kamera.,Two women in a crowd
3636632926_09f39f2629.jpg,Abana babiri bakurikiranye umugabo mu muhanda,Two boys in blue and white tracksuits walk down a street in the Old City of Jerusalem.
3638783120_f600ceb19d.jpg,Abantu babiri barimo gukina golf mu kibuga cy'umupira w'amaguru,Golf
3639684919_cb6fbf5638.jpg,Umusore n'inkumi bari mu myambaro y'ubukwe bafotowe bambaye ubusa,Bride and groom
3639967449_137f48b43d.jpg,Abana babiri barya ibyokurya byo hanze,two boys eating ice cream
3648988742_888a16f600.jpg,Umukobwa wambaye ipantalo y'ibara ry'umuhondo afite camera mu maso,girl with camera
365584746_681f33fa46.jpg,Umugore w'umusaza mu mbaga y'abantu atwaye igare ry'abamugaye,A woman with a walker is pushed by a young woman.
3659686168_49c3abcee1.jpg,Abakobwa babiri b'abakobwa,two girls
3661239105_973f8216c4.jpg,Umwana w'umuhungu ari gukina mu kibuga cy'indege,Playground
3666324102_18ecdf8253.jpg,Abagore babiri b'abakobwa,two girls on a swing
3670918456_68631d362a.jpg,Umukobwa w'umukobwa,Girl on a swing
3672105509_53b13b2ed4.jpg,Imbwa ebyiri zifite amatsiko yo kumenya icyo kibazo kiri ku muhanda,2 dogs
3673032164_6c6843de87.jpg,Abakobwa babiri b'abakobwa,Arm wrestling
3674168459_6245f4f658.jpg,Abahanzi babiri b' abagore baririmba imyitozo ngororangingo bagaragaza ko bafite imbaraga mu maso y' abantu.,Karate
3675685612_3987d91d92.jpg,Ahabanza Amakuru Amakuru y'Imyidagaduro,Spinning
3676460610_8c52e8a355.jpg,Umugore yagenderaga ku igare anyuze mu murima,Mountain biker on a trail in the prairies
3677613006_4689cb8e4e.jpg,Umukobwa w'umukobwa yashyize hanze album ya Michael Jackson,dj
3679341667_936769fd0c.jpg,Abagore babiri b'abakobwa,Muay Thai
3682038869_585075b5ff.jpg,Umwana w'umukobwa yasohokaga inyuma y'igiti mu karere ka Nyarugenge,girl hiding behind a tree
3690189273_927d42ff43.jpg,Umugore wambaye imyenda y'umukara n'imyenda migufi y'umukara arimo kwiruka,Female triathlete
3691592651_6e4e7f1da9.jpg,Abakobwa babiri b'abakobwa,Girl climbing the iceberg
3691800116_6a7b315e46.jpg,Hari umuntu wari warangije gukina umukino wa cricket.,Cricket
3692836015_d11180727b.jpg,Abantu benshi bambaye nk'imyenda y,The team of firefighters is pulling a heavy cannon on a cart.
3693961165_9d6c333d5b.jpg,Imbwa y'umwijima iri kwiruka ku kibuga cy'indege hanze,Dog
3701509233_a2275a4e57.jpg,Ubwato bufite ubwato butukura n'umweru mu mubiri w'amazi inyuma y'iyi foto.,Viking ship
3702607829_2b8b3e65ab.jpg,Abagore babiri bicaye ku ntebe y'imodoka,two women sitting on a bench
3703413486_3c682732a0.jpg,Abana babiri b'abakobwa,Freelander
371522748_dc557bcd6c.jpg,Umwana w'umuhungu aseka ubwo yari afite ibara ry'ubururu hejuru ye.,boy with umbrella
3715469645_6d1dc019b3.jpg,Abakobwa babiri b'abakobwa,Two girls
3717809376_f97611ab84.jpg,Abana babiri b'abakobwa,Playground
3721881082_afe9fc734e.jpg,"Umugore n'umukobwa bambaye imyenda isanzwe, bicaye mu kibaya cy'imbere, basoma igitabo.",Swedish mother and daughter in traditional clothing
3723903586_e98d3d8ec7.jpg,Ahabanza Amakuru Amakuru y'Imyidagaduro,Greyhounds racing
3737492755_bcfb800ed1.jpg,Umukinnyi w'ikipe y'igihugu Y'u Buhinde yambaye imyenda y'umupira w'amaguru,A drummer in a traditional costume.
380537190_11d6c0a412.jpg,Bamwe mu baturage bo mu karere ka Nyarugenge bavuga ko bafite ikibazo cyo kutagira icyo bakora ku isoko ry'ubuhinzi bw'ibirayi ku munsi w'ibicu.,Market
392467282_00bb22e201.jpg,Imbwa ebyiri z'umukara zanyuze mu nduru,Dogs
393284934_d38e1cd6fe.jpg,Imbwa yambaye agapfukamunwa k'umutuku ifungura umunwa wayo munini,Dog wearing a hat
397725001_e51f7c391c.jpg,Abantu bahagaze ku kibuga cy'indege n'ubwato.,Ferry
399246804_b4b5dc70e1.jpg,Imbwa yambaye imyenda,dogs
412203580_2c7278909c.jpg,Umuhungu umwe yaragaye ku mbunda y' icyuma cy' ubururu.,Surfer
415657941_454d370721.jpg,Umukobwa w'umukobwa,Playground
416992999_654a99a903.jpg,Umukobwa w'umukobwa,Climbing
417966898_a04f9b5349.jpg,Abakobwa babiri b'abakobwa,Playground
41999070_838089137e.jpg,Itsinda ry'imbwa ribyina mu mupira w'amaguru mu mupira w'amaguru,Dogs playing in a pool
421316045_ae7a1eb4bc.jpg,Abana babiri b'abakobwa,Kids fighting
426920445_d07d1fd0f7.jpg,Imbwa iri kwiruka mu byatsi.,Dog
429174232_ddd4ff5e0b.jpg,Ahabanza Amakuru Amakuru y'Imyidagaduro Abantu babiri bari mu rugendo,Alley
429205889_ff5a006311.jpg,Umukobwa w'umukobwa,Christmas shopping
432490118_54a9c0e500.jpg,Imbwa ebyiri z'umweru n'umweru ziri mu ubwatsi hafi y'inyubako y'amabuye,Dogs
437917001_ae1106f34e.jpg,Umugabo ufite ubumuga bwo kutabona aryamye hanze y'ikibuga cy'indege,Homeless man sleeping on the street
439037721_cdf1fc7358.jpg,Abantu babiri barimo bakora pikiniki iruhande rw' ikiyaga.,Two men sitting on the shore of a lake with a view of the water and a flock of birds flying overhead.
443430496_3fea95a07d.jpg,Imbwa y'u Rwanda iri koga mu mazi,Dog
448590900_db83c42006.jpg,Imbwa iri mu murima munini kandi w'ubwatsi.,Dog
462198798_89e2df0358.jpg,Imbwa nini y'umukara iri kugenda ku nkengero z'amazi.,Dog on the bank of a river
464506846_1734302b58.jpg,Ahabanza Amakuru Amakuru y'Imyidagaduro,Dog
468102269_135938e209.jpg,Umugabo n'umugore bari hanze basomana n'umugore wambaye agapfukamunwa gatukura inyuma.,Kiss
468608014_09fd20eb9b.jpg,Imbwa iri gukina n'ibikinisho by'imbwa mu gihe umuntu agerageza kuyikuramo mu kanwa.,Golden retriever
472860064_a96a228796.jpg,Imbwa inyura mu byatsi.,Dog
473988700_570422001b.jpg,Imbwa y'umukara n'umukara yashyize hanze amazi,Dog shaking water off
492341908_1ef53be265.jpg,Abakobwa babiri b'abakobwa,Quad
495054019_3dee8a02f5.jpg,Umutoza w'ikipe y'igihugu Amavubi ahagaze imbere y'itsinda ry'abana b'abakobwa,Coach watching football players
500678178_26ce0f4417.jpg,Umwana abyina kandi ahisha munsi y'ikibuga,girl in hay
501650847_b0beba926c.jpg,Umukinnyi w'umupira w'amaguru yashyize hanze umupira w'amaguru ku mbwa y'ubururu,Dog
512031915_0dd03dcdf9.jpg,Imbwa y'umukara iri ku ikarito y'umweru iruhande rw'umweru,Dog
513116697_ad0f4dc800.jpg,Umukinnyi w'umupira w'amaguru akora imyitozo ngororamubiri mu gihe yari amaze kwiruka,Snowboarder
520491467_54cbc0a866.jpg,Abana babiri b'abakobwa,children on a trampoline
525538142_7348f0bce7.jpg,Abana babiri b'abakobwa,two children playing
526661994_21838fc72c.jpg,Imbwa inyura mu byatsi.,Dog
532914728_c5d8d56b0b.jpg,Umwana w'umukobwa wambaye imyenda y'ubururu yambaye,boy on a slide
534200447_b0f3ff02be.jpg,Abakobwa babiri b'abakobwa,Two girls playing football in a backyard
535529555_583d89b7f2.jpg,Imbwa ebyiri zirwana n'imbwa,Dog
537579448_a7f92cef58.jpg,Umukinnyi w'umupira w'amaguru ufite umupira w'amaguru ufite umupira w'amaguru,girl with a soccer ball
537758332_8beb9cf522.jpg,Abana babiri b'abakobwa,Inflatable slide
541046380_513e295384.jpg,Abakobwa babiri b'abakobwa,two girls playing
543007912_23fc735b99.jpg,Abakobwa babiri b'abakobwa,twins
543326592_70bd4d8602.jpg,Abantu benshi bari bateraniye imbere y'isoko mu gihe umugabo n'umugore bambaye imyenda y'uruhu bari mu myenda y'uruhu.,Crowd of people in a park
556568556_bc5124dc8e.jpg,Umwana w'umuhungu ufite inkweto z'umutuku arimo gukina mu buryo bw'umupira w'amaguru,Boy on a swing
571507143_be346225b7.jpg,Abana b'abakobwa bakina mu mazi y'isoko,Children playing in a fountain
616045808_0286d0574b.jpg,Umugabo wambaye imyenda y'umukara n'umuhondo n'inkweto yambaye imyenda y'umukara yambaye imyenda y'umukara n'inkweto yambaye imyenda y'umukara,Drag queen on a unicycle
617038406_4092ee91dd.jpg,Abana bareba ishusho y'umugore ufite igikapu cy'ibiribwa,Statue of a woman
618771382_459bb492e4.jpg,Abakobwa babiri b'abakobwa,American flag
649596742_5ba84ce946.jpg,Imbwa nini y'umukara n'umweru iri gukubita imbwa nto y'umweru n'umukara iri gukura.,puppy
670609997_5c7fdb3f0b.jpg,Imbwa y'umukara n'umweru yaguye mu kirere kugira ngo ifate ubwato,Dog
688210930_85c5675d5b.jpg,Umuntu wambaye imyenda y' ubururu agendagenda mu cyumba cy' amahoteli.,The Grim Reaper
693785581_68bec8312a.jpg,Umwana w'umuhungu akora imyitozo ngororamubiri mu gihe undi mwana ahagaze ku kibuga cy'umupira w'igihugu,Toddler playing with a friend
757332692_6866ae545c.jpg,Imbwa y'umweru ifite ibice by'umweru iri ku kiganza cy'abakobwa,Dog biting a person's hand
766061382_6c7ff514c4.jpg,"Umwana w' umunyabyaha useka, ufite igituza gusa, akina mu mazi.",girl playing in water
788126442_086334f0cf.jpg,Umwana w'umukobwa ufite umubyibuho ukabije afite ibyo kurya mu maso ye yo hasi ndetse n'urutoki rwe mu kanwa.,baby
837919879_94e3dacd83.jpg,Abakinnyi 2 b'Amavubi bakinnye umukino w'amagare,Horseshoe pitching
852469220_bc0fee3623.jpg,Imbwa igwa mu mazi,Dog swimming in a lake
857914283_270d7d1c87.jpg,Abana babiri b'abakobwa,Two boys fighting
862054277_34b5a6f401.jpg,"Umukobwa wambaye imyenda yo koga n'imyenda iri imbere y'amazi, mu ubwatsi, amaboko ye yambutse imbere y'igifu cye",girl
873633312_a756d8b381.jpg,Uyu mwana w'umukobwa,Boy jumping off a trampoline
95734036_bef6d1a871.jpg,Umugabo ahagarara imbere y'imisozi,The author on the road
961189263_0990f3bcb5.jpg,Umwana w'umuhungu yicaye mu nzira y'imyuzure,mud
968081289_cdba83ce2e.jpg,Abana babiri b'abakobwa,Boys jumping off a dock into a lake
977856234_0d9caee7b2.jpg,Imbwa y'umukara yambaye ishati y'ibara ry'umuhondo yanyuze mu murima.,Afghan Hound
979201222_75b6456d34.jpg,Abakobwa babiri b'abakobwa b'abakobwa,Street scene
1032460886_4a598ed535.jpg,Ọkùnrin kan dúró níwájú ilé gíga.,The Empire State Building
1048710776_bb5b0a5c7c.jpg,Àwùjọ àwọn èèyàn kan jókòó sórí ògiri ní etíkun .,Beach
1082379191_ec1e53f996.jpg,Ọkùnrin kan àti obìnrin kan jókòó lórí ọkọ̀ ojú omi .,couple
1096165011_cc5eb16aa6.jpg,Ọmọkùnrin kan tó rẹ́rìn - ín máa ń wẹ̀ lábẹ́ omi nínú odò adágún .,Swimming
1117972841_2b9261f95f.jpg,Ajá aláwọ̀ búráwùn kan tó ń ṣeré nínú iyanrìn .,Dog
1141739219_2c47195e4c.jpg,Obìnrin méjì àti ọmọ mẹ́rin dúró lẹ́gbẹ̀ẹ́ ọkọ̀ akẹ́rù kan tí wọ́n kùn dáadáa .,Bus
1187435567_18173c148b.jpg,Ajá kékeré kan tó ń fi ohun ìṣeré ṣeré lórí aṣọ ìbora .,Dog
1220401002_3f44b1f3f7.jpg,Àwọn ọmọdébìnrin méjì ń ṣeré wọ́n sì ń rẹ́rìn - ín nínú àgbàlá koríko aláwọ̀ ewé .,two girls playing
1224851143_33bcdd299c.jpg,Ìkòkò ni ọmọkùnrin kan fi ń jẹun .,boy eating
1232148178_4f45cc3284.jpg,Ọmọbìnrin kan ń ṣeré ní ibi ìgbafẹ́ kan .,girl
1244306891_8e78ae1620.jpg,Àwọn ọmọbìnrin tí wọ́n rẹ́rìn-ín tí wọ́n wọ aṣọ ìwẹ̀ jókòó lórí iyanrìn,three girls
1269470943_ba7fc49b4d.jpg,Ọmọkùnrin kan tó dùbúlẹ̀ lórí koríko dojú kọ bọ́ọ̀lù aláfẹsẹ̀gbá ní ẹsẹ̀ rẹ̀ .,boy lying on the grass with a football
1298866571_b4c496b71c.jpg,Ọ̀dọ́mọkùnrin kan tó rẹwà gan - an tó ní aṣọ mú ẹ̀rọ ìbánisọ̀rọ̀ alágbèéká .,A young man in a suit and tie on a train looking at his phone.
1303548017_47de590273.jpg,Ọ̀dọ́bìnrin kan tí wọ́n wọ aṣọ aláwọ̀ ewé àti ṣòkòtò kéékèèké tí wọ́n dúró sí àárín ọ̀nà ọkọ̀ ojú irin .,girl on train tracks
1313693129_71d0b21c63.jpg,Ọ̀dọ́mọbìnrin kan àti ọmọkùnrin kékeré kan dúró sí etíkun odò kan .,Lake
1321949151_77b77b4617.jpg,Àwọn ọmọ méjì dùbúlẹ̀ lórí àga ìjókòó tí wọ́n fi ń fọ́nfọ́n sórí ilé ìṣẹ̀ǹbáyé kan nígbà tí àgbàlagbà mẹ́rin bá ń wò ó .,The children are lying on the sofa in the middle of the room.
1322323208_c7ecb742c6.jpg,Àwọn ọmọ méjì tí wọ́n jẹ́ ọmọ kékeré máa ń fi ọ̀pá ṣeré ní etíkun .,Beach
133905560_9d012b47f3.jpg,Àwọn ajá aláwọ̀ béjì méjì ń ṣeré nínú yìnyín .,two dogs playing in the snow
1346529555_e916816cfe.jpg,Terrier kan tó fò sókè ní bọ́ọ̀lù pupa lẹ́nu rẹ̀ .,Dog
136639119_6040b00946.jpg,Ẹnì kan ń gun àpáta .,Rock climbing
1397887419_e798697b93.jpg,Ajá aláwọ̀ búráwùn tó fẹ́lẹ́fẹ́lẹ́ àti ajá aláwọ̀ búráùn dúdú ń sáré nínú koríko aláwọ̀ ewé .,Two dogs playing
1403414927_5f80281505.jpg,Ajá aláwọ̀ dúdú kan níwájú ajá funfun kan tó ń rìn lójú ọ̀nà nínú igbó .,Dogs running in the woods
1429814475_0b592b9995.jpg,Obìnrin kan tó ní kẹ̀kẹ́ ẹlẹ́sẹ̀ jókòó sí ẹ̀gbẹ́ ọ̀nà .,Woman in traditional costume
1433088025_bce2cb69f8.jpg,Ọkùnrin kan tó ní iṣan nínú ṣòkòtò aláwọ̀ òféèfé .,Capoeira
1434607942_da5432c28c.jpg,"Ọmọ kékeré kan tó wọ jákẹ́ẹ̀tì pupa jókòó sórí èjìká ọkùnrin kan , ó sì di orí rẹ̀ mú .",Father and daughter
1465666502_de289b3b9c.jpg,Ajá aláwọ̀ dúdú tó ń ṣeré nínú odò .,Dog shaking off water
1466479163_439db855af.jpg,Ajá aláwọ̀ ṣokoléètì aláwọ̀ búrẹ́ẹ̀tì tó ń ṣàn lórí koríko pẹ̀lú nǹkan kan lẹ́nu rẹ̀ .,Dog
148512773_bae6901fd6.jpg,Èèyàn méjì jókòó sórí àpáta kan tó ń wo odò .,Water
1509786421_f03158adfc.jpg,Ọmọkùnrin kan tọ́ka sí nǹkan kan nígbà tí ọkùnrin kan ń wò ó .,boy pointing
1514957266_a19827c538.jpg,Ajá náà sáré kọjá koríko aláwọ̀ ewé tó lọ́ṣọ̀ọ́ .,Dog
1517340899_ee1c74a8f6.jpg,Ọmọbìnrin kan ń fò sínú koríko .,Jumping
1542033433_5453d4c466.jpg,Obìnrin kan tí wọ́n wọ ṣẹ́ẹ̀tì aláwọ̀ ewé dúró nígbà tí ọkọ̀ ń kọjá .,Woman waiting for a bus
1557838421_a33f2a4911.jpg,Àwọn ajá méjì ló wà tí wọ́n ń bá ara wọn ṣeré .,Greyhounds
159712188_d530dd478c.jpg,Obìnrin kan ń rìn lẹ́bàá odò kan káàkiri àwọn ilé ìlú ńlá .,Water feature in a park
1600208439_e94527b80f.jpg,Ajá kan ń ṣeré nínú omi .,Dog
1663751778_90501966f0.jpg,Ẹnì kan ń gun àpáta .,Climbing
1676601498_7d59327523.jpg,Ọkùnrin kan àti obìnrin kan ń tẹríba lòdì sí ìkọlù tí wọ́n ń wò pẹ̀lú òkun ní ẹ̀yìn.,A couple on a path by the sea
1688699579_2f72328c7e.jpg,Àwọn ajá méjì sáré fún ọ̀pá .,Dogs playing
169490297_b6ff13632a.jpg,"Ọmọkùnrin kan tí ó wọ ṣẹ́ẹ̀tì aláwọ̀ búlúù , aláwọ̀ òféèfé àti ọsàn tí ó gbé apá rẹ̀ jáde kúrò lẹ́gbẹ̀ẹ́ rẹ̀ .",Boy
1808504612_3508f3c9bb.jpg,Àwọn ọmọ méjì tí wọ́n wà nínú igi aláwọ̀ ewé .,Tree
1809796012_a2dac6c26b.jpg,Ajá dúdú àti funfun dúró lórí ẹsẹ̀ ẹ̀yìn rẹ̀ .,Dog
186890605_ddff5b694e.jpg,Ọkùnrin kan ń yí lórí okùn tí ń yí sínú adágún omi .,Rope swing
1874617189_e85d3f4326.jpg,"Àwọn ọmọ mẹ́ta jókòó , wọ́n sì wo ilẹ̀ tó wà létí òkun adágún kan .",Beach
191003287_2915c11d8e.jpg,"Ọkùnrin kan tó jókòó , ń pèsè oúnjẹ fún ọmọbìnrin kékeré kan .",Father and daughter eating ice cream
197107117_4b438b1872.jpg,Òkè àpáta kan gun àpáta tó tóbi gan - an láàárín àpáta ńlá méjì .,Rock climbing
197142902_f05ff198c2.jpg,Ọkùnrin àti obìnrin kan máa ń fọ́ fọ́n .,Bubble blowing
1989145280_3b54452188.jpg,Obìnrin kan tó wọ ìgò oòrùn lórí rẹ̀ ń wo ilẹ̀ .,woman with sunglasses
2056042552_f59e338533.jpg,Àwọn ajá méjì ló ń ṣeré létí òkun .,Two poodles playing in the snow
2085078076_b9db242d21.jpg,Ọmọkùnrin kékeré kan tó dúró nítòsí omi ìdọ̀tí pẹ̀lú nǹkan kan ní ọwọ́ rẹ̀ nígbà tí ẹnì kan tó wà lẹ́gbẹ̀ẹ́ rẹ̀ ń fọ aṣọ nínú garawa .,A boy stands by a river with a can of water
2088910854_c6f8d4f5f9.jpg,Ọkùnrin kan tí ó wọ fìlà aláwọ̀ dúdú pẹ̀lú ẹ̀wù orí pupa àti funfun pẹ̀lú òdòdó tó wà lórí rẹ̀ .,man wearing a hat with a mistletoe on it
2112661738_de71b60b88.jpg,Ajá funfun kan máa ń mu omi lórí òkè kan .,Dog drinking water from a small pool in the mountains
211295363_49010ca38d.jpg,Ọkọ̀ ojú omi funfun kan ń rìn nítòsí ìlú ńlá kan .,Seattle skyline
2121357310_f8235311da.jpg,Ọmọkùnrin tí ó ń yọ lórí ilẹ̀ ṣiṣu tó tutù,Water slide
2149982207_5345633bbf.jpg,"Ọmọkùnrin kan tó wọ ẹ̀wù aláwọ̀ dúdú àti aláwọ̀ búlúù wà nínú ọkọ̀ ojú omi aláwọ̀ ewé , tí wọ́n fi igi ṣe ń wo ọ̀nà omi .",boy on boat
2178095150_436b035741.jpg,Àwọn ajá ajá aláwọ̀ eérú náà ń sáré ní ọ̀nà ìdọ̀tí pẹ̀lú àwọn ilé tó wà nítòsí .,Greyhounds racing
219301553_d2fffe9e0c.jpg,Àwọn èèyàn ń rìn nínú odò .,Waterfall
2194494220_bb2178832c.jpg,"Obìnrin kan ń ṣeré yìnyín káàkiri orílẹ̀-èdè, pẹ̀lú ajá aláwọ̀ brown.",Skiing with a dog
2206594874_5e0087c6b7.jpg,Ọkùnrin àti obìnrin kan jókòó sí orí tábìlì kan ní ilé oúnjẹ kan .,Father and son
2207244634_1db1a1890b.jpg,Ọ̀dọ́mọkùnrin kan ń ṣe ẹ̀tàn lórí síkẹ́ẹ̀tì ní ibi ìgbafẹ́ kan .,Skateboarder
2208067635_39a03834ca.jpg,Ọmọbìnrin kékeré kan ń gun àpáta bí òjìji màmá rẹ̀ ṣe ń sọ̀rọ̀ lórí àpáta .,Girl climbing a rock wall
2213113526_beeb4f9bdc.jpg,Obìnrin kan mú ọmọ kékeré kan lórí skateboard ní etí òkun,Baby and mother on the beach
2222559267_6fd31e3941.jpg,Ọkùnrin àti ọmọbìnrin kan di ọwọ́ mú tí wọ́n ń rìn ní òpópónà .,man and child walking down street
2225241766_f1e7132e3e.jpg,Ọkùnrin kan tí wọ́n wọ ṣòkòtò tí ó dùbúlẹ̀ sórí òpó ìta .,A man sleeping in a shack in the jungle.
223299137_b0e81ac145.jpg,Èèyàn mẹ́ta nínú ọkọ̀ ojú omi kan máa ń fò lórí omi nígbà tí oòrùn bá wọ̀ .,Ganga River
224026428_0165164ceb.jpg,"Ọmọ kékeré kan dúró , ó sì wo ẹ̀ṣọ́ ológun tó ń ṣọ́ ilé kan .",A boy pointing at a guard at the Tower of London
2242178517_2325b85e5f.jpg,Ọmọ kékeré kan ń kó yìnyín pẹ̀lú ṣọ́bìrì olómi ọsàn .,child with a shovel
224766705_b77996527f.jpg,Àwọn ọkọ̀ ojú ọ̀nà tó wà lójú ọ̀nà ni wọ́n ti ń gun ọ̀nà kan .,The road is very rocky and steep
2251992614_0c601fae2c.jpg,Ọ̀pọ̀ èèyàn àtàwọn ọkùnrin méjì kò wọ ṣẹ́ẹ̀tì kankan .,Walking
2255332561_3375897ff0.jpg,Ọkùnrin náà wà ní ẹ̀gbẹ́ òkè .,A park ranger surveys a colony of northern gannets on a cliff in Alaska
2271468944_3264d29208.jpg,Ọmọkùnrin kékeré kan tú omi láti inú garawa sí orí ọmọkùnrin kékeré mìíràn .,Water fight
2273028514_d7b584f73d.jpg,Ọkùnrin àti obìnrin kan tí wọ́n ń fẹnu kò wọ ọkọ̀ ojú irin dúdú,couple
2290589734_b588471345.jpg,Àwọn ọmọkùnrin méjì ń gbá bọ́ọ̀lù àsíá .,Flag football
2296166785_292a4e9f4c.jpg,Àwọn ọmọ méjì fò bí wọ́n ṣe ń sáré sọ̀kalẹ̀ nínú iyanrìn ńlá kan lọ sí etíkun .,Sandboarding
2305437797_e6c3460190.jpg,Ajá kan ń wẹ̀ pẹ̀lú ọ̀pá lẹ́nu rẹ̀ .,Dog swimming in the lake
2310233145_910cb5b4c8.jpg,Àwọn ọmọ méjì tí wọ́n ń rìn lórí ọkọ̀ ojú omi onígi lórí omi .,Lake
2314732154_83bc7f7314.jpg,Ajá aláwọ̀ búráwùn náà rí ajá dúdú kan tó dùbúlẹ̀ sínú koríko gbígbẹ .,two dogs
2330062180_355ccbceb5.jpg,Ajá kan ń ṣàn kọjá nínú yìnyín .,Dog running in the snow
2339106348_2df90aa6a9.jpg,Àwọn ọmọbìnrin méjì tí wọ́n ní irun dúdú wà nínú ọ̀pọ̀ èrò .,Two young women in a crowd
2342478660_faef1afea8.jpg,Ọ̀dọ́mọkùnrin kan tí ó wọ eyín Ọ̀gbẹ́ni Potato Head àti gíláàsì.,boy with fake teeth and glasses
2353088412_5e5804c6f5.jpg,Ajá aláwọ̀ dúdú kan ń sáré pẹ̀lú ẹyẹ tí wọ́n fi kún ẹnu rẹ̀ àti ajá mìíràn tó ń lé e .,Dog retrieving a toy
2362377137_9528692825.jpg,Ibi tí ọ̀pọ̀ èèyàn wà ní àgbègbè kan tó wà ní àárín ìlú .,Times Square
2373234213_4ebe9c4ee5.jpg,Ọmọkùnrin kan fò kọjá ọmọkùnrin mìíràn lórí ọkọ̀ ojú irin .,Boys on a trampoline
2390778197_4d9d03d4b9.jpg,Obìnrin tó dúró síta mú bàtà ẹṣin ní ọwọ́ kọ̀ọ̀kan .,woman throwing frisbee
2395967330_7e6ea404f6.jpg,Ọmọ kékeré kan lórí kẹ̀kẹ́ kẹ̀kẹ́ mẹ́ta.,boy on scooter
2402462857_7684848704.jpg,Ajá funfun àti aláwọ̀ brown náà dúró níwájú igbó pẹ̀lú ahọ́n rẹ̀ tó ń jáde .,Dog
241031254_0c6f30e3d1.jpg,"Ọkùnrin yìí, tí ó wọ t-shirt funfun àti ṣòkòtò dúdú, dúró lójú ọ̀nà nínú igbó.",man in the jungle
241345596_91e0e2daf5.jpg,Àwọn agbábọ́ọ̀lù aláfẹsẹ̀gbá tí wọ́n wọ aṣọ pupa kí ara wọn kú oríire bí ọ̀pọ̀ èèyàn ṣe ń yọ̀ lẹ́yìn .,Football
2419797375_553f867472.jpg,Ọmọbìnrin kan jókòó sínú ọkọ̀ ayọ́kẹ́lẹ́ kan tó wọ ìgò oòrùn àti fìlà .,girl in sunglasses
2434074318_e35a567220.jpg,Ọkùnrin kan dúró sítòsí ère kan lórí òkè .,Summit of the highest point in the park
2435685480_a79d42e564.jpg,"Obìnrin kan tó ní àpò ẹ̀yìn rẹ̀ jókòó sórí àpáta ńlá kan , ó sì wo àwọn òkè ńlá .",A woman sitting on a rock in the mist
2444741900_5cb3ef3e1d.jpg,Àwọn kan máa ń jáde nínú yìnyín .,Skiers and snowboarders on a mountain slope
2450299735_62c095f40e.jpg,Ọmọbìnrin kékeré kan sọ̀kalẹ̀ nínú odò adágún náà .,girl on water slide
2458033289_f0616879df.jpg,Ọkùnrin kan tó wọ fìlà kan dúró níwájú ṣọ́ọ̀bù táyà .,Used tires
2460159430_71ab1aacfa.jpg,Ajá aláwọ̀ búráwùn kan tó ń sáré gba koríko gíga kọjá .,Dog
2461372011_ebbf513766.jpg,Ẹnì kan máa ń gun òkè yìnyín nígbà tí ajá aláwọ̀ dúdú kan ń tẹ̀lé e .,Hiking with a dog
2462153092_e3f4d8f6a2.jpg,Ọmọbìnrin kan ń sáré kọjá pápá pẹ̀lú ajá aláwọ̀ brown àti ajá funfun .,Girl running with dogs
2477121456_1ac5c6d3e4.jpg,Orí ajá dúdú náà ń jáde kúrò nínú omi .,Dog
2481598514_05a65d1f72.jpg,Àwọn ọmọ tó wà lórí kẹ̀kẹ́ mẹ́ta .,Bicycle
2482629385_f370b290d1.jpg,Ajá kan tó wọ okùn aláwọ̀ búlúù rìn wọ inú omi .,Dog
2483792149_a9b4ffecec.jpg,Obìnrin aláwọ̀ búlúù kan dúró sí àárín pápá òdòdó aláwọ̀ píkì gíga .,field of pink tulips
2483993772_f64e9e4724.jpg,Ajá aláwọ̀ dúdú àti aláwọ̀ búlúù kan tó ń gbìyànjú láti mú bọ́ọ̀lù aláwọ̀ búlúù .,Dog playing with a ball
2490365757_b869282cb3.jpg,Ọkùnrin kan ń fọ́tò tulip.,Photographer
2490687446_9d46fdf5a9.jpg,Ajá aláwọ̀ dúdú tó wà nínú omi ń gbọ̀n omi kúrò lára rẹ̀ .,Dog shaking water off
2508918369_2659db1cb6.jpg,Àwọn ọmọ méjì máa ń ṣeré nínú odò adágún kan .,Swimming
251056963_c8b67f0107.jpg,"Ajá dúdú àti funfun kan tó ń sáré sọ̀kalẹ̀ ní ọ̀nà aláwọ̀ búlúù , ẹnu rẹ̀ sì ṣí sílẹ̀ .",Dog
2521938802_853224f378.jpg,Ọkùnrin kan tí ó ń gbá cricket,Cricket
2540757246_5a849fbdcb.jpg,Àwùjọ àwọn èèyàn kan dúró síta lálẹ́ tí wọ́n ń sọ̀rọ̀ .,People
255266148_7ba7df1a88.jpg,Ajá náà ní bọ́ọ̀lù aláwọ̀ búlúù lẹ́nu rẹ̀ .,Dog
2553550034_5901aa9d6c.jpg,Ọmọkùnrin kan gun àpáta kan .,Boy exploring
2556392380_ee57514233.jpg,Ọmọkùnrin kékeré kan wà tó jókòó lórí àga .,Baby
2557129157_074a5a3128.jpg,ọmọkùnrin kan ń yí padà lórí àgbá.,Baby boy on a swing
2565237642_bdd46d7cef.jpg,Ajá aláwọ̀ brown ń sáré nínú koríko láàrin àwọn ìdènà lórí ọ̀nà kan.,Dog
2570559405_dc93007f76.jpg,Àwọn ajá méjì gbó lẹ́yìn odi .,Two dogs behind a rusty fence
2574194729_1f099647ee.jpg,Ajá aláwọ̀ funfun kan ń sáré lọ sí ọ̀nà tó wà láàárín igbó .,Dog
2592711202_55f8c64495.jpg,Ọmọbìnrin tó wọ aṣọ aláwọ̀ búlúù ń jẹ búrẹ́dì aláwọ̀ búlúù pẹ̀lú bàtà kan àti bàtà kan .,girl eating cotton candy
2597958208_e03aa149c9.jpg,Ọmọdékùnrin kan àti ọmọbìnrin kékeré kan ń ṣeré pa pọ̀ níta .,children playing
260162669_c79a900afb.jpg,Ajá dúdú àti aláwọ̀ eérú tó rọ̀ nínú koríko .,Dog
260392825_ea61660633.jpg,ọkùnrin aláwọ̀ dúdú tí ó wọ ṣẹ́ẹ̀tì pupa pẹ̀lú táì tí ó jókòó nínú ọkọ̀ akẹ́rù,Black man in a suit and tie
2604305843_ebe3e8a328.jpg,Ọmọdé kan tó wà lórí ibi ìgbafẹ́ tó ń lọ sí ibi ìgbafẹ́ .,Person on a swing
260520547_944f9f4c91.jpg,Àwọn èèyàn ń rìn ní ẹ̀gbẹ́ ọ̀nà kan ní etíkun .,Beach
2607099736_8681f601d9.jpg,"Oníjàkadì kan fò , ó sì ń tọ́ka sí ìkòkò náà .",Grappling
262681159_e5fed3acf0.jpg,Ọmọbìnrin tí wọ́n wọ ṣẹ́ẹ̀tì pupa mú ẹ̀gbà ọrùn rẹ̀ sínú ọ̀pọ̀ èrò .,Girl in red shirt
2630806789_6835bbae95.jpg,Ọkọ̀ ojú omi mẹ́ta wà níta lórí omi pẹ̀lú òkè ńlá kan tó wà lẹ́yìn rẹ̀ .,Kayaking
2635938723_11b85e6763.jpg,Ọmọkùnrin kékeré kan ń jẹ Popsicle pupa .,boy eating ice cream
2638369467_8fc251595b.jpg,Ọ̀dọ́mọbìnrin kan tó wọ aṣọ funfun máa ń wo kámẹ́rà bí ó ṣe ń ṣeré .,girl
2641770481_c98465ff35.jpg,Ọkùnrin kan tó wọ jákẹ́ẹ̀tì pupa dúró sítòsí ọkọ̀ ojú omi aláwọ̀ òféèfé .,Kayaker on a rock
2646046871_c3a5dbb971.jpg,"Ọmọkùnrin kan tó wọ ṣẹ́ẹ̀tì olódòdó gbé apá rẹ̀ sókè , ó sì fò .",boy dancing
2647049174_0fb47cee2e.jpg,Ọmọdé kan fi ìdọ̀tí sí ẹnu rẹ̀ .,boy
2649850541_59a6c7f01c.jpg,Ọmọbìnrin kan dùbúlẹ̀ ní ẹ̀gbẹ́ ọ̀nà .,Girl lying on the ground
2650485780_29d89268d7.jpg,Àwùjọ àwọn ọmọ kékeré kan tí wọ́n ń kọ orin tí wọ́n sì ń ta ohun èlò orin .,A group of children playing instruments
2650568697_ffb79bf2ea.jpg,Àwọn ọkùnrin méjì jókòó lórí ìṣísẹ̀ níwájú ilé ńlá kan .,Two men sitting on the steps of a fountain in a busy city square.
2655647656_ee450446ed.jpg,Ọ̀dọ́mọkùnrin kan wọ inú ohun ìwo omi .,boy jumping over an obstacle
2660480624_45f88b3022.jpg,Àwọn ọ̀dọ́bìnrin méjì dúró lẹ́gbẹ̀ẹ́ ọkọ̀ red Bull kan .,Red Bull car
2673564214_3a9598804f.jpg,Àwọn ọmọdé tí wọ́n ń ṣeré nínú ilé aláwọ̀ ewé àti aláwọ̀ búlúù .,Bounce house
2687328779_b4356dab16.jpg,Ọ̀pá kan máa ń fọ́ terrier kan nígbà tó ń fò sínú odò ìwẹ̀ .,Dog
2695085632_10c4e6ea78.jpg,Ọkùnrin kan kọ ìwé kan nígbà tó jókòó lẹ́gbẹ̀ẹ́ àpótí àti kẹ̀kẹ́ .,man with a bike
2705793985_007cc703fb.jpg,Ajá dúdú àti funfun pẹ̀lú ẹ̀rọ ìdádúró aláwọ̀ búlúù máa ń gba koríko kọjá .,Dog
2707933554_f6dc5e0e3c.jpg,Ọmọbìnrin kan tó wọ fìlà aláwọ̀ ní ẹ̀dá àjèjì kan tó ń sinmi lọ́wọ́ rẹ̀ .,Butterfly
2708634088_a4686be24c.jpg,Àwọn ajá ńlá méjì tí wọ́n jẹ́ aláwọ̀ dúdú àti aláwọ̀ búráùn sáré gba koríko gíga náà kọjá .,Doberman Pinscher
2710280476_dcccb8745a.jpg,Ajá aláwọ̀ dúdú àti funfun kan ń fò nínú afẹ́fẹ́ bí àwọn èèyàn méjì ṣe ń wò ó lẹ́yìn .,Dog jumping into water
2712352554_1cafd32812.jpg,Síkẹ́ẹ̀tì lórí ọkọ̀ ojú irin .,Skateboarder
2728486640_cc2a31d2b0.jpg,Ajá aláwọ̀ funfun kan máa ń gba ìtọ́jú lẹ́nu rẹ̀ .,Dog
2732625904_4fbb653434.jpg,Ọmọbìnrin kan tó wọ aṣọ oòrùn aláwọ̀ pí kì gun kẹ̀kẹ́ kan lẹ́gbẹ̀ẹ́ odi funfun kan .,girl riding a bicycle
2733659177_d74a00995b.jpg,Ọmọkùnrin kan tó wọ ṣẹ́ẹ̀tì aláwọ̀ òféèfé àti ṣòkòtò aláwọ̀ búlúù ń gun ẹ̀ka igi kan nínú pápá koríko .,Tree climbing
2734219983_fe86a60bf9.jpg,Obìnrin kan àti ọmọ tó ní agbòòrùn ń rìn ní òpópónà nínú òjò tó ń rọ̀ .,A woman and her son walk to school in the rain.
2735290454_1bd8bc5eac.jpg,Ajá aláwọ̀ dúdú kan ní kóònù ice cream ní ẹnu rẹ̀ .,Dog
275002371_5b200e6a92.jpg,Ajá aláwọ̀ búráwùn kan ń yí ká lórí koríko .,Dog rolling in the grass
2756765580_9e57e10f0d.jpg,Ọmọkùnrin kan fò láti ṣe ìfọwọ́kàn ìka ẹsẹ̀ níwájú igi.,Jumping
2759860913_f75b39d783.jpg,Ọkùnrin kan tó wọ jákẹ́ẹ̀tì aláwọ̀ òféèfé dúró lórí àpáta níwájú àwọn òkè ńlá .,Mountaineer on the summit of Mount Abbot
2766726291_b83eb5d315.jpg,Ọmọdékùnrin kan máa ń mu omi .,boy drinking from a garden hose
278105206_df987b0ca0.jpg,Ajá kan ń ṣàn kọjá nínú yìnyín .,Dog
2781296531_f6f0f6c0f5.jpg,Ohun ìṣeré ibi ìṣeré kan máa ń fọ́ ọmọkùnrin kan sí ojú ibi ìṣeré kan ní ibi ìgbafẹ́ omi .,Boy playing in water
2789937754_5d1fa62e95.jpg,Àwọn èèyàn ń rìn nínú ilé kan tó wà nítòsí àtẹ̀gùn kan .,People
2792409624_2731b1072c.jpg,Ajá dúdú àti funfun ń ṣàn kọjá koríko .,Border collie
2800758232_d7fa598065.jpg,Ọkùnrin kan àti obìnrin kan ń wo òkun .,Two people looking out to sea
2808870080_4ea4f3327e.jpg,Ajá aláwọ̀ brown kan ń gbọ́ ilẹ̀ lọ́dọ̀ màlúù kan tó dúró lẹ́yìn odi igi .,Dog and cow
2814406547_a237ef0122.jpg,Ọkùnrin kan wọ balùwẹ̀ òdòdó bí ó ṣe dúró lórí àpò ìdọ̀tí .,man in floral robe
2824922268_3fafb64683.jpg,Ajá kan máa ń fọ́ omi nígbà tó wà lórí koríko aláwọ̀ ewé .,Dog shaking water off
2839890871_4b7c7dbd96.jpg,Àwọn ọmọ méjì tí wọ́n wọ ohun èlò ìjàkadì máa ń jà lórí ìkòkò aláwọ̀ búlúù .,Two young boys sparring in a karate tournament.
2845246160_d0d1bbd6f0.jpg,Ọkùnrin kan tí ó wọ fìlà àti ṣẹ́ẹ̀tì pupa fẹ́ràn ẹ̀rọ ìbánisọ̀rọ̀ alágbèéká sí ẹnì kan tó ń rìn lọ sí ọ̀dọ̀ rẹ̀ ní ẹ̀gbẹ́ ọ̀nà .,Street performer
2848977044_446a31d86e.jpg,Ọkùnrin kan ń gun ẹṣin lọ sí ẹ̀gbẹ́ ẹṣin kan nígbà tí wọ́n ń gun ẹṣin .,Rodeo
2853811730_fbb8ab0878.jpg,Ọkùnrin kan tó wọ ṣẹ́ẹ̀tì funfun dúró sínú àgọ́ kan tí ó mú banjo tàbí gítá .,man playing a guitar
2855727603_e917ded363.jpg,Ajá aláwọ̀ búráwùn ńlá kan dúró sínú omi .,Dog
2856700531_312528eea4.jpg,Ọkùnrin kan tó wọ jákẹ́ẹ̀tì dúdú pẹ̀lú irùngbọ̀n dúdú máa ń wò ó dáadáa .,man
2857372127_d86639002c.jpg,Ọkùnrin kan tó ní irun ojú àti fìlà dúró lẹ́gbẹ̀ẹ́ obìnrin kan tó wọ fìlà pupa níwájú àtẹ̀gùn .,couple
2870194345_0bcbac1aa5.jpg,ọmọbìnrin kékeré tí ó wọ aṣọ àti bàtà tí ó mú lollipop àti odi,girl with a lollipop
2870875612_2cbb9e4a3c.jpg,Ajá kan ń wẹ̀ pẹ̀lú ọ̀pá lẹ́nu rẹ̀ .,Dog swimming in a lake
2871962580_b85ce502ba.jpg,Ọ̀kan lára àwọn ọ̀jáfáfá tí wọ́n ń kó bọl náà lọ́wọ́ ni ọ̀jáfá,Football
2882056260_4399dd4d7c.jpg,Ẹlẹ́ṣin alùpùpù kan yí alùpùpù náà padà sí ẹ̀gbẹ́ rẹ̀ nígbà tó ń sáré .,Yamaha YZR500
2896180326_88785fe078.jpg,Àwùjọ àwọn kan tí wọ́n wà lórí kẹ̀kẹ́ eré ìje lórí pápá kan .,motocross
2896668718_0c3cff910f.jpg,"Àwọn agbábọ́ọ̀lù méjì , ọ̀kan nínú ẹ̀wù aláwọ̀ ọsàn àti ọ̀kan nínú ẹ̀wù funfun , máa ń ṣeré lórí pápá .",Football player
2899276965_a20b839cfd.jpg,Olùkópa síkẹ́ẹ̀tì ní ìlú náà .,Skateboarder
290650302_ade636da35.jpg,"Obìnrin kan tó wọ gíláàsì jókòó , ó sì wo apá ọ̀tún .",woman
2927878881_90b42fc444.jpg,Ọkùnrin kan ń bá ajá méjì ṣeré ní etíkun .,beach
2937942758_712be5c610.jpg,Obìnrin kan wà nítòsí ìlà kẹ̀kẹ́ pupa kan náà .,Bicycle sharing
2943023421_e297f05e11.jpg,Ọkọ̀ ayọ́kẹ́lẹ́ aláwọ̀ búlúù kan ń fọ́ ẹ̀rẹ̀ lójú ọ̀nà ìdọ̀tí nígbà tó ń wa ọkọ̀ kọjá .,Mitsubishi
2943384009_c8cf749181.jpg,Ẹni tó ń sáré kẹ̀kẹ́ alùpùpù yára sọ̀kalẹ̀ lójú ọ̀nà kan .,Motorcycle racer
2949880800_ca9a1bb7e6.jpg,"Àwọn ọmọbìnrin méjì tí wọ́n wọ awọ bikin dúró sínú adágún omi ,",two girls in a lake
2950637275_98f1e30cca.jpg,Ẹnì kan wà ní ìwọ̀ntúnwọ̀nsì .,B-boy
295729735_8360f2e64c.jpg,Ọmọkùnrin àti obìnrin jókòó nínú ọkọ̀ ojú irin èrò,boy and girl on the train
2975253472_0f0c2dea70.jpg,Àwọn ọkùnrin máa ń gbá bọ́ọ̀lù.,Soccer
2976537455_f3988c2d46.jpg,Àwọn agbábọ́ọ̀lù méjì tó ń gbá bọ́ọ̀lù àfigi gbá bọ́ọ̀lù àfigigbá ni wọ́n ń jà lórí yìnyín .,Hockey player
2999730677_0cfa1c146e.jpg,Àwọn ọmọ ajá méjì tí wọ́n ń ṣeré pẹ̀lú ara wọn yí ọ̀pọ̀lọpọ̀ ewé ká,Two dogs playing
3004287781_c041c09c16.jpg,Ẹgbẹ kan ti awọn eniyan n ṣe awọn ifarahan ti o ni idunnu pẹlu ọwọ wọn,Photo of two people dancing and singing in the street.
3006217970_90b42e6b27.jpg,Ọkọ̀ ayọ́kẹ́lẹ́ eré-ìje kan wakọ̀ lẹ́gbẹ̀ẹ́ ọ̀nà nínú òjò,Car racing in the rain
3018467501_a03d404413.jpg,Àwọn ọmọbìnrin mẹ́ta ń fò sórí ọkọ̀ ojú irin .,girls jumping on trampoline
3038941104_17ee91fc03.jpg,Olùkópa síkẹ́ẹ̀tì kan ń fò kóònù ọkọ̀ .,Skateboarder doing a ollie over a traffic cone
3039675864_0b7961844d.jpg,"Òpópónà kan pẹ̀lú ẹyẹlé , awakọ̀ alùpùpù àti obìnrin kan lórí àga .",Street scene in Amsterdam
3045613316_4e88862836.jpg,Àwọn ọkùnrin mẹ́ta dúró lórí òkè ńlá kan tí wọ́n ń wo òmíràn .,three men looking at a mountain
3046259614_614394e024.jpg,"Ọkùnrin kan tó wọ aṣọ funfun dúró , ó sì bá àwọn tó jókòó sọ̀rọ̀ .",A man is teaching a group of people in a classroom.
3051384385_c5c850c1f8.jpg,Ọmọkùnrin kan mú àwo kan sórí rẹ̀ .,child
3060969260_08f43e4f4f.jpg,Olùkọ̀ kẹ̀kẹ́ kan ń sáré pẹ̀lú kẹ̀kẹ́ wọn nígbà tí ẹlòmíràn ń gun kẹ̀kẹ́ wọn .,Bicycle
3062273350_fd66106f21.jpg,Àwùjọ àwọn ọkùnrin tó ń rìn .,group of men
307994435_592f933a6d.jpg,Ọkùnrin éṣíà ń fi ìka ọwọ́ rẹ̀ sílẹ̀ ní òpópónà .,Japanese man with a flyer
3084001782_41a848df4e.jpg,Obìnrin kan mu ọtí nígbà tí ọkùnrin kan àti obìnrin kan ń ṣàyẹ̀wò ìwé kan .,three friends
3091382602_60b9b53ed1.jpg,"Àwọn ọkùnrin méjì ń fi ọwọ́ hàn , wọ́n sì ń fi àwòrán hàn .",Two men hugging and smiling
3091912922_0d6ebc8f6a.jpg,Ajá kan máa ń sáré pẹ̀lú ohun ìṣeré aláwọ̀ òféèfé lẹ́nu rẹ̀ .,Dog
3099504809_565e17e49d.jpg,Àpáta kan tí kò ní ẹ̀wù máa ń sún mọ́ra .,rock climbing
3100251515_c68027cc22.jpg,Àwùjọ àwọn afẹ̀hónúhàn kan máa ń lọ lójú ọ̀nà .,"Demonstration against the nuclear power plant in the city of Karlsruhe, Germany"
3101378069_f8caa14c0a.jpg,"Obìnrin kan tí wọ́n wọ ṣẹ́ẹ̀tì aláwọ̀ pí kì , ìbòjú aláwọ̀ ewé àti fìlà koríko tó ń wọ ọkọ̀ ojú omi pẹ̀lú àwọn ẹrù tó wà nínú rẹ̀ .",A woman paddles a boat on the Mekong River in Vietnam.
3103340819_46de7954a9.jpg,Àwọn ọ̀dọ́ ọ̀dọ́ méjì kóra jọ sí ẹnu ọ̀nà kan nínú òjò .,couple
3109704348_c6416244ce.jpg,Àwọn ọkùnrin ń ṣe eré ìdárayá.,Rugby
3115901702_f07aa0ef74.jpg,"Àwọn ọmọbìnrin mẹ́ta máa ń rìn pa pọ̀ , wọ́n sì ń sọ̀rọ̀ .",three women
312156254_ef31dca5ed.jpg,Ajá dúdú kan gbá bọ́ọ̀lù kan nínú ewé .,Dog playing with a ball
3125041578_c1f2d73b6d.jpg,Ẹ̀rọ tó ń sáré síkéètì lórí pápá ìṣeré yìnyín .,Ice skater
3130093622_362f32f2bb.jpg,Ajá kan ń sáré kọjá nínú yìnyín .,Dog
3131107810_7e9b96cddc.jpg,Àwọn ọmọ mẹ́rin tí wọ́n fi ìbòjú bò máa ń kóra jọ lábẹ́ aṣọ ìbora níta .,Children huddled under a blanket
3132619510_7dfc947d25.jpg,Àwọn ajá aláwọ̀ funfun méjì ń sáré lẹ́gbẹ̀ẹ́ ara wọn lẹ́gbẹ̀ẹ́ odi .,Dogs playing
3132903412_b4780d0ccf.jpg,Àwọn èèyàn méjì tí wọ́n wọ aṣọ ìgbà òtútù dúró sítòsí ọ̀pá kan nígbà òtútù .,Snow
3139160252_75109e9e05.jpg,Àwọn obìnrin mẹ́ta ń dúró síwájú igi Kérésìmesì .,Christmas
314685044_da4390728e.jpg,Obìnrin kan tí ó wọ aṣọ aláwọ̀ ewé tí ó dúró lẹ́gbẹ̀ẹ́ ibùdó tẹlifóònù .,A woman standing next to a telephone booth in the city.
3150742439_b8a352e1e0.jpg,Ọkùnrin kan tí ó dúró ní òpópónà kan pẹ̀lú àpótí ọkọ̀ níwájú rẹ̀ nígbà tí ọkùnrin mìíràn tẹ̀ sí ìsàlẹ̀ láti wo ohun tí wọ́n fi hàn lórí rẹ̀ .,Two men standing on a sidewalk in front of a building with graffiti on the wall.
3159641529_c2c74f3eaf.jpg,Ajá funfun pẹ̀lú àmì dúdú àti kọ́lẹ́ẹ̀tì pupa tó ń fò sórí koríko .,Dog
3159995270_17334ccb5b.jpg,Obinrin kan sikiini,Skiing
3163281186_e2f43dfb5f.jpg,Obìnrin kan ń fọwọ́ kan erin ọkùnrin kan .,Elephant
3171451305_f87b9e09ee.jpg,"Èèyàn mẹ́ta ló mú ọtí bíà , wọ́n sì ń fi àwòrán hàn .",People
3173215794_6bdd1f72d4.jpg,Àwọn èèyàn máa ń wà ní ìlà ní ibi tí iná aláwọ̀ àlùkò ń tàn .,The queue for the show
317488612_70ac35493b.jpg,Ajá kan máa ń gba yìnyín tó jinlẹ̀ kọjá .,Dog
3175434849_859f09fe07.jpg,Àwọn béárì ńlá tí wọ́n fi nkan ṣe wà lórí eré ayẹyẹ ayẹyẹ .,Teddy bears
318667317_108c402140.jpg,Ọkùnrin kan tí ó wọ aṣọ aláwọ̀ dúdú mú àmì kékeré kan .,homeless man
3189251454_03b76c2e92.jpg,Ajá dúró sínú yìnyín tó ń gbó .,dog
3191027142_33e86636ca.jpg,Ọkùnrin kan gbé àmì kan sókè pẹ̀lú ogunlọ́gọ̀ èèyàn lẹ́yìn náà .,Protester in London
319938879_daf0857f91.jpg,Ẹnì kan tó wọ aṣọ ẹ̀wù aláwọ̀ búlúù máa ń rọ́pò lẹ́tà nínú ilé ìtàgé kan tó ń lo ọ̀pá gígùn .,Man cleaning marquee
3205839744_24504ba179.jpg,Ajá aláwọ̀ búráwùn kan tó dùbúlẹ̀ lórí àga aláwọ̀ ewé .,Dog
3212465975_b657f40eed.jpg,A skateboarder fo pẹlu rẹ skateboard,Skateboarder
3214579977_fa9fb006a6.jpg,Ajá dúdú kan fò sínú yìnyín .,Dog
3216762979_813c45a8ec.jpg,Ọmọ kékeré kan ń rìn lójú ọ̀nà ìdọ̀tí .,boy
3218481970_1fa627b3da.jpg,"Agbábọ́ọ̀lù aláfọwọ́gbá kan ń fò , ó sì ń mú bọ́ọ̀lù aláfọwọ́gbá sórí ẹ̀rọ ayélujára .",Basketball player dunking a ball
3220200084_3ea129336e.jpg,Obìnrin kan gbé ọmọ tó ń sùn lẹ́yìn rẹ̀ .,Mother and child
3225310099_d8e419ba56.jpg,Ọkọ̀ ojú omi kan tí okùn kan dá dúró lórí omi .,The boat is lifted by a crane
3228960484_9aab98b91a.jpg,Àwọn ọmọ méjì ń rìn ní ẹ̀gbẹ́ ọ̀nà kan tí wọ́n wọ àpò ẹ̀yìn aláwọ̀ òféèfé àti pupa .,two children walking to school
3229442620_fd47d01b59.jpg,Ẹyẹ kan ń fò kọjá iyanrìn díẹ̀ .,Bird
3234115903_f4dfc8fc75.jpg,Àwọn obìnrin méjì tó ń gbá hockey lórí ilẹ̀ ń jà fún bọ́ọ̀lù náà.,Floorball
3244470342_c08f6bb17e.jpg,Olùkópa lórí yìnyín náà ń fò .,Snowboarder doing a jump
3253060519_55d98c208f.jpg,Ilé kan pẹ̀lú àwọn èèyàn tó wà níta .,Building in the Gothic Quarter
3262075846_5695021d84.jpg,Àwùjọ àwọn ọkùnrin kan ń gbá bọ́ọ̀lù rugby .,Rugby
326456451_effadbbe49.jpg,Ajá aláwọ̀ dúdú tó wà ní àárín sáré tàbí fò .,Dog
3271468462_701eb88d3b.jpg,Ajá aláwọ̀ búráwùn kan gé ẹsẹ̀ ẹṣin .,Dog licking a horse's leg
3275711232_e261143664.jpg,Ẹnì kan tó wọ aṣọ ìgbà òtútù bo ojú rẹ̀ pẹ̀lú aṣọ òtútù .,woman in a park
3276475986_66cd9cc7e4.jpg,Ọ̀pọ̀ àwọn obìnrin ilẹ̀ Éṣíà ló dúró sí òpópónà .,High school students
3282434895_1c1efc1475.jpg,"Ọ̀dọ́mọkùnrin kan tó wà níta lẹ́gbẹ̀ẹ́ odò adágún , ó rẹ́rìn - ín .",boy
3283626303_8e23d4a842.jpg,Àwọn ọmọkùnrin mẹ́rin tí wọ́n wà nínú omi ń dúró sórí kọ́kọ́rẹ́ẹ̀tì .,Swimming
3288839246_fdb00395ae.jpg,Ẹnì kan tó wọ ṣẹ́ẹ̀tì pupa àti ṣòkòtò dúdú tó ń gun àpáta .,Climbing
3290105461_7590f23371.jpg,Ọkùnrin kan tí ó ń gbá cricket,Cricket
3294209955_a1f1e2cc19.jpg,Ajá kékeré kan ń gba pápá kọjá .,Dog
3301854980_233cc2f896.jpg,Olùkópa lórí yìnyín kan tó ń gun ọkọ̀ ojú irin .,Snowboarding
3304556387_203b9d4db0.jpg,Ọkùnrin kan ń bá ajá méjì ṣeré ní àgbàlá rẹ̀ .,Dog playing with owner
3312779887_7682db7827.jpg,Ẹni tó ń ṣe snowboard ń gbé ọwọ́ rẹ̀ lórí òpó.,Freestyle skier
3315250232_83e24a2d51.jpg,Ọ̀dọ́mọbìnrin kan tó wọ ṣẹ́ẹ̀tì dúdú àti ṣòkòtò aláwọ̀ búlúù tó ń ṣàn kọjá lórí koríko .,girl running
3322200641_c2e51ff37b.jpg,Ajá dúdú kan fò sínú yìnyín .,Dog
3332467180_d72f9b067d.jpg,Ọkùnrin kan ń tan sìgá nítòsí àpótí ìdọ̀tí kan nínú alábàákẹ́gbẹ́ rẹ̀ .,Man in white shirt and blue jeans standing on a step in front of a dumpster
3334057289_68ece38a85.jpg,Ajá náà wà ní àgbàlá .,boxer
3335370208_460fc19bfa.jpg,"Àwọn ọkùnrin méjì tí wọ́n ń gun kẹ̀kẹ́ ìdọ̀tí , ọ̀kan sì ń bọ́ sínú ẹrẹ̀ .",Sidecarcross
3336374196_f6eaca542f.jpg,Olùkópa síkẹ́ẹ̀tì kan ń fò sórí òkè .,Skateboarder doing a ollie over a rail
3342309960_c694b2cce9.jpg,Olùkópa síkẹ́ẹ̀tì kan ń ṣe ẹ̀tàn lórí irin ọwọ́ .,Skateboarder
3352697012_751b079bbb.jpg,Àwọn obìnrin méjì ń jà níwájú ogunlọ́gọ̀ èèyàn .,Backflip
3354200211_35348e47d8.jpg,Ọ̀pọ̀ èèyàn ló ń sáré nínú eré ìje lójú pópó .,People running in a race
3356642567_f1d92cb81b.jpg,Ọmọbìnrin kékeré tó wọ aṣọ ẹ̀wù funfun tí wọ́n dúró láàárín ẹ̀ka igi pẹ̀lú ewé aláwọ̀ ewé .,girl
3356901257_83811a19eb.jpg,Ajá kan ń gbá bọ́ọ̀lù nínú iyanrìn .,Dog playing on the beach
3359089834_263e529c71.jpg,Àwọn ajá aláwọ̀ dúdú méjì àti funfun méjì ló ń ṣeré nínú yìnyín .,Dogs playing in the snow
3359563671_35b67898e7.jpg,Ẹnì kan ń fò sórí yìnyín wọn .,Snowboarder
336551609_1385ab139e.jpg,Ẹnì kan máa ń rìnrìn àjò lọ sí ọ̀nà tí yìnyín ń rọ̀ lọ sí àwọn òkè ńlá .,Skiing
3370308329_7f2de5bb58.jpg,Àwọn ọmọ mẹ́rin tí wọ́n ń gun òkè tí yìnyín bò mọ́lẹ̀ .,Children playing in the snow
3381788544_2c50e139dd.jpg,Àwùjọ àwọn ọmọbìnrin ilẹ̀ Éṣíà kan ń dúró pa pọ̀ .,Smile
3382105769_b1a4e4c60d.jpg,Ajá kan tó ní ọ̀pá lẹ́nu rẹ̀ ń gba àpáta nínú omi tí kò tó nǹkan .,Dog playing in the water
3386375153_20c56d0aae.jpg,Ẹnì kan gun kẹ̀kẹ́ rẹ̀ sọ̀kalẹ̀ lórí òkè .,Bicycle
3387542157_81bfd00072.jpg,Obìnrin eré ìdárayá tí wọ́n wọ aṣọ pupa àti funfun tí wọ́n ń ju ìbọn .,Shot put
3395173129_f0ac0a1ed4.jpg,Àwọn èèyàn mẹ́ta tí wọ́n wọ aṣọ àwọ̀lékè dúró níwájú ilé aláwọ̀ búlúù kan .,three people
340425915_490293058f.jpg,Ajá aláwọ̀ dúdú àti aláwọ̀ tan nínú jákẹ́ẹ̀tì aláwọ̀ ọsàn kan tó wà nínú yìnyín .,Dog in snow
3410902181_b2a3c6eec9.jpg,Ọmọbìnrin náà ń ṣeré lórí ìtàgé pẹ̀lú ọ̀pọ̀ bọ́ọ̀lù tí ọ̀pọ̀ bọ́ọ̀lù yíká .,Girl in blue swimsuit juggling hula hoops
3415003392_139c0f3586.jpg,Ẹni tó ń gun kẹ̀kẹ́ BMX kan nínú aṣọ dúdú àti pupa lórí kẹ̀kẹ́ ìdọ̀tí .,Mountain bike
3417102649_5c0b2f4b4d.jpg,Ẹ̀ka kékeré igi kan ló máa ń jẹ dalmation .,Dalmatian
3427023324_f1f6504bf4.jpg,Àwọn ọmọdébìnrin méjì tí wọ́n wọ aṣọ aláwọ̀ búlúù ń rẹ́rìn - ín .,two girls in denim dresses
3429351222_17ae744daf.jpg,Ọ̀dọ́mọkùnrin àti obìnrin kan ń rìn ní ọjà ìta .,couple
3432637363_3ba357e2da.jpg,Àwọn ọlọ́pàá méjì tí wọ́n ní jákẹ́ẹ̀tì aláwọ̀ ọsàn dúró sí ìta àgọ́ funfun kan pẹ̀lú àwọn tó ń wò ó .,Police officers talking to a man in a red hat
3439128755_84409b8823.jpg,Ajá kan tó wọ ṣẹ́ẹ̀tì aláwọ̀ píǹkì pẹ̀lú nǹkan funfun ní ẹnu rẹ̀ àti ajá kan nínú ṣẹ́ẹ̀tì aláwọ̀ òféèfé .,Two dogs playing in a field
3442622076_c3abe955e5.jpg,Àwọn yàwòrán yí ọkùnrin kan tó ní gíláàsì àti irùngbọ̀n tó wọ aṣọ yí i ká .,"The director of the film, Jason Schwartzman, at the premiere of the film."
3445428367_25bafffe75.jpg,Obìnrin tí ó dúró lórí ògiri biriki ó sì ya àwòrán,Photographer
3455920874_6fbec43194.jpg,Ajá náà fò kọjá ìdíwọ́ kan .,Dog agility
3458215674_2aa5e64643.jpg,Àwọn tó wà nínú ọkọ̀ ATV ń figagbága pẹ̀lú ara wọn .,Quad
3468023754_8a07d4c56e.jpg,Àwọn ọmọ mẹ́rin máa ń wo àwọn ìwé ìròyìn tí wọ́n yí sókè.,children
3474999131_788cbf253f.jpg,Ajá aláwọ̀ dúdú kan fò kọjá ìdíwọ́ kan .,Dog agility
3475552729_a3abd81ee6.jpg,Ọmọkùnrin kékeré kan ń gbé bọ́ọ̀lù aláfẹsẹ̀gbá .,Soccer
3477977145_4df89d69a1.jpg,Àwọn ajá aláwọ̀ eérú méjì máa ń sáré káàkiri ọ̀nà kan .,Greyhounds racing
3480379024_545e8ec818.jpg,Awakọ̀ alùpùpù méjì ń sáré káàkiri ọ̀nà kan,MotoGP
3488087117_2719647989.jpg,Ajá aláwọ̀ búráwùn àti funfun kékeré tó ń sáré lọ sí ẹ̀gbẹ́ ọ̀nà .,Dog
3495349745_1b29a63571.jpg,Ọkùnrin kan ń ran ọmọkùnrin kan lọ́wọ́ láti gun kẹ̀kẹ́ .,Bicycle
3497236690_a48bf7ac42.jpg,Ọkùnrin kan tó wọ ẹ̀wù dúdú dúró sí ilé - ìdárayá .,Basketball
3497502407_ec566442c9.jpg,Ẹnì kan tó dúró lórí pẹpẹ kan tí wọ́n so mọ́ igi .,Treetop challenge
3498997518_c2b16f0a0e.jpg,Ẹgbẹ́ alátakò ń dojú kọ agbábọ́ọ̀lù kan .,Football
3500342526_393c739e2f.jpg,Poodle dúdú kan máa ń bá ajá mìíràn ṣeré ní pápá gbígbẹ .,Dog
3503623999_bbd5dcfb18.jpg,Obìnrin kan tó wọ fìlà pupa àti bandanna pupa lẹ́yìn ọkùnrin kan tó wọ aṣọ aláwọ̀ pupa .,A woman wearing a red bandana and hat
3513265399_a32e8cfd18.jpg,Agbábọ́ọ̀lù kan ń bọ́ sínú àwo ilé pẹ̀lú agbábọ́ọ̀lù tó ń ṣọ́ ọ .,Softball
3518687038_964c523958.jpg,Ọkùnrin kan tó wọ afẹ́fẹ́ funfun lókè láti ju .,Cricket bowler
3520869880_2e8b7d7842.jpg,Ọmọbìnrin kan fò síwájú ògiri jukebox .,girl jumping in front of a mural
3520922312_e58a6cfd9c.jpg,Tọkọtaya kan ń rìn ní òpópónà .,couple
3523950181_414978964e.jpg,Ẹ̀gbẹ́ àwọn òṣèré tó ń gbá hockey yíjú àlá kan.,Hockey
3526805681_38461c0d5d.jpg,Ọkùnrin kan mú àmì kan pẹ̀lú ajá lórí okùn .,A man and his dog
3528251308_481a28283a.jpg,Olùkópa síkẹ́ẹ̀tì kan ń rìn lórí àga ìjókòó .,Skateboarder doing a ollie
3532587748_7e64bb223a.jpg,Ọmọkùnrin náà ń ṣe ọ̀pá ọwọ́ lójú ọ̀nà .,B-boy
3533145793_5d69f72e41.jpg,Àwọn ọmọdé máa ń kẹ́kọ̀ọ́ nípa iṣẹ́ ọnà yoga lórí àwọn ìkòkò aláwọ̀ níbi ayẹyẹ kan .,Yoga
3535304540_0247e8cf8c.jpg,"Ọkọ̀ òfuurufú pupa kan ń rìn kọjá ọ̀run , ó sì fi ọ̀nà funfun sílẹ̀ lẹ́yìn rẹ̀ .","Aircraft, Airplane, Vehicle"
3537920947_6c5a956f47.jpg,Ẹnì kan tó ń ṣeré síkẹ́ẹ̀tì lórí àga onígi .,Skateboarder
3540155303_08225a4567.jpg,Ọkùnrin kan ń ṣe ẹ̀tàn kẹ̀kẹ́ ní ibi ìgbọ́kọ̀sí kẹ̀kẹ́ pẹ̀lú òpópónà .,Bicycle
3540515072_8c951b738b.jpg,Ajá kan ń fò lójú ọ̀nà .,Dog
3541162969_68fa4a60df.jpg,Obìnrin kan wọ inú omi .,Swimming
3543600125_223747ef4c.jpg,Ọkùnrin kan àti obìnrin kan ń mu nínú ife amọ̀ níwájú ògiri tí wọ́n fi biriki ṣe .,couple
3544669026_1b5c0e6316.jpg,Ajá kan fò láti mú bọ́ọ̀lù kan .,Dog playing with a ball
3544673666_ffc7483c96.jpg,Ajá aláwọ̀ brown náà fò sókè láti mú bọ́ọ̀lù náà .,Dog
3545427060_c16a8b7dfd.jpg,Àwọn ọmọ mẹ́ta ń ṣeré papọ̀ nínú omi díẹ̀ .,Children playing in a river
3549997413_01388dece0.jpg,Ọkùnrin kan tó ń ṣeré yìnyín sọ̀kalẹ̀ lórí òkè .,Skiing
3550255426_4ab03c0d6e.jpg,Ọmọbìnrin kan tó wọ ṣẹ́ẹ̀tì aláwọ̀ òféèfé fò sórí ìdènà .,High jump
3568605391_54ec367d88.jpg,"Àwọn ọlọ́pàá méjì dúró , ọlọ́pàá kan sì jókòó lórí alùpùpù rẹ̀ .",Police officers
3569329986_1f468729b2.jpg,Ọ̀dọ́mọbìnrin kan tó wọ aṣọ àti bàtà ń ṣàn nínú koríko .,girl running
3569667295_6e51db08ef.jpg,"Ajá dúdú àti funfun kan ń ṣàn , ó sì ń fọ́ omi .",Dog
3571193625_835da90c5e.jpg,Ajá kan tó wà nínú omi mú ọ̀pá kan lẹ́nu rẹ̀ .,Dog
357725852_6f55cb9abc.jpg,"Àwọn èèyàn méjì dúró lórí ọkọ̀ ojú omi , wọ́n ń wo adágún omi .","Lake, Mountain, Water, Lake, Water, Water, Water, Water, Water, Water, Water, Water, Water, Water, Water, Water, Water, Water, Water, Water, Water, Water, Water, Water, Water, Water, Water, Water, Water, Water, Water, Water, Water, Water, Water, Water, Water, Water, Water, Water, Water, Water, Water, Water, Water, Water, Water, Water, Water, Water,"
3582048078_7bac2d8473.jpg,Ọkùnrin kan àti ọmọkùnrin kan wà nínú odò ìwẹ̀ náà .,Swimming
3582465732_78f77f34ae.jpg,Obìnrin kan tó jókòó lórí ọkọ̀ ojú irin kékeré kan tó ń ju ìgò omi sínú afẹ́fẹ́ .,girl with a water bottle
3585487286_ef9a8d4c56.jpg,Àwọn ajá méjì ló ń ṣeré létí òkun .,Dogs playing on the beach
3596428453_8cfdec4869.jpg,Ọkùnrin kan tí kò ní ṣẹ́ẹ̀tì àti orí rọ́bọ́ọ̀tì ń sáré nínú eré ìje .,Running
3606942887_1159d92548.jpg,"Ọkùnrin kan tó ní fìlà ìwẹ̀ aláwọ̀ búlúù , aláwọ̀ òféèfé àti aláwọ̀ ewé wọ ìgò àti wíwẹ̀ .",Swimming
3608849440_e7d2bed29f.jpg,Àwọn ọmọdé mẹ́ta ń ṣeré pẹ̀lú bọ́ọ̀lù lórí pápá ìgbafẹ́,Baseball
361092202_3d70144ebd.jpg,Ọkùnrin kan tó ń rin ìrìn àjò pẹ̀lú àpò ẹ̀yìn ńlá kan àti òpó méjì tó wà nítòsí àkójọpọ̀ àpáta funfun tó ní ìtumọ̀ .,The last glacier of the world
3614582606_16bd88dab2.jpg,Ọ̀dọ́mọbìnrin kan mú ọmọ kan tó ní òdòdó lórí rẹ̀ .,Mother and daughter
3618908551_7fd2de5710.jpg,Ọmọkùnrin kan tí ó wọ t-shirt aláwọ̀ búlúù wà nínú afẹ́fẹ́ lórí skateboard ní ibi ìgbafẹ́ síkẹ́ẹ̀tì.,Skateboarder
3624076529_9793655a21.jpg,Ajá kan ń wẹ̀ pẹ̀lú ọ̀pá lẹ́nu rẹ̀ .,Dog swimming
3632197966_0c5061025f.jpg,Àwọn tó ń gun kẹ̀kẹ́ ìdọ̀tí kọjá ọ̀pọ̀lọpọ̀ fífò .,motocross
3640241166_b1ab7a8e7a.jpg,Obìnrin kan mú kámẹ́rà fídíò .,student with video camera
3640661245_c8c419524d.jpg,Ọmọbìnrin kan tí ó wọ aṣọ polka dot pupa àti ẹ̀gbẹ́ orí pupa tí ó ń ṣeré pẹ̀lú eré ọwọ́ aláwọ̀ píkì.,girl playing with toy
3656225270_cdf89e3240.jpg,Ọmọbìnrin kékeré kan tí ó wọ aṣọ pupa ń yí lórí ikùn rẹ̀ lórí ibi ìṣeré .,Girl on a swing
3662963630_8f097e38d4.jpg,Olùkọ̀ kẹ̀kẹ́ kan tó wà nínú afẹ́fẹ́ lẹ́yìn tó ti fò kẹ̀kẹ́ rẹ̀ kúrò lórí ọ̀nà tí wọ́n fi ń bo àwọn ohun tí wọ́n fi ń pè ní graffiti .,Skateboarder doing a trick on a ramp
3667908724_65c7d112f2.jpg,Ọmọbìnrin kan ń jó lórí ìtàgé .,Girl
3672057606_cb6393dbd9.jpg,Obìnrin tó ń dúró de ọkọ̀ ojú irin .,Metro station
3677329561_fa3e1fdcf9.jpg,Àwọn ọmọdébìnrin méjì ló ń fọ ajá kan .,Two girls washing a dog
3679707139_1cc1e71237.jpg,Ajá aláwọ̀ búráwùn kan ń wẹ̀ nínú omi dúdú .,Dog
3681651647_08eba60f89.jpg,Ẹnì kan wọ aṣọ dúdú àti fìlà pẹ̀lú ọ̀pọ̀ òdòdó tí wọ́n so mọ́ .,Man in a top hat and flowers
3685328542_ab999b83bb.jpg,Ọkùnrin kan tó wọ aṣọ Mardi Gras aláwọ̀ ewé àti fàdákà nínú ìpàtẹ kan .,Man in green costume with mask and feathers
3688005475_d200165cf7.jpg,Ọ̀dọ́mọkùnrin kan wà lábẹ́ omi nínú odò ìwẹ̀ .,Swimming
3688797852_89ed3cb056.jpg,Àwọn ọkùnrin tí kò wọ aṣọ tí wọ́n ní ẹ̀wù awọ ń rẹ́rìn - ín músẹ́ .,Leather men at the 2014 San Francisco Pride parade
3690348036_a01f243fb0.jpg,Ẹnì kan wà nínú afẹ́fẹ́ pẹ̀lú kẹ̀kẹ́ ẹlẹ́tàn .,Bicycle
3695517194_2a6b604cb2.jpg,Ọkùnrin kan tó wọ àwọ̀ àlùkò gbá bọ́ọ̀lù aláfẹsẹ̀gbá náà pẹ̀lú orí rẹ̀ nígbà tí ọkùnrin kan tó wọ aṣọ funfun bá a jà .,Soccer
3698607223_22fe09763a.jpg,Olùkópa yìnyín kan ń ṣeré yìnyín tó wọ ṣẹ́ẹ̀tì funfun àti ṣòkòtò dúdú .,Skiing
3701544312_b2e4e9813d.jpg,Èèyàn mẹ́ta ń fa okùn kan sórí òkè .,Hiking
3704698586_a42c25d0c1.jpg,Àwọn olùkọ̀ kẹ̀kẹ́ mẹ́ta máa ń sáré káàkiri .,Bicycle racing
371522748_dc557bcd6c.jpg,Ọmọkùnrin kékeré kan ń rẹ́rìn - ín mú bí ó ṣe di agbòòrùn aláwọ̀ búlúù mú lókè rẹ̀ .,boy with umbrella
3715469645_6d1dc019b3.jpg,Àwọn ọ̀dọ́bìnrin méjì ń gbára lé ògiri igi .,Two girls
3717809376_f97611ab84.jpg,Àwọn ọmọ kékeré méjì máa ń gun ọkọ̀ lọ sí ibi ìṣeré kan .,Playground
3733074526_82aa8d5f8d.jpg,Ọmọbìnrin kan tí wọ́n wọ aṣọ máa ń kópa nínú ìpàtẹ kan .,Girl in a parade
373394550_1b2296b8c4.jpg,Ọmọdékùnrin kékeré kan tó ní àṣíborí ń sùn lórí bẹ́ńkì tí wọ́n fi nǹkan pa.,Sleeping on a train
3737539561_d1dc161040.jpg,Àwọn ọmọkùnrin méjì tí wọ́n ní ìyẹ́ omi gun igi kan .,2 boys in a tree
381239475_044cbffa2b.jpg,Ajá dúdú kan ń wẹ̀ nínú omi pẹ̀lú bọ́ọ̀lù tẹnisi ní ẹnu rẹ̀,Dog swimming in a lake with a tennis ball in its mouth
388386075_9ac3a89ada.jpg,Ọmọkùnrin kan bọ́ gíláàsì rẹ̀ nígbà tó ń fi ọkọ̀ ojú irin ìṣeré rẹ̀ ṣeré .,boy
393958545_48c17c66d1.jpg,Ajá dúdú ńlá náà ń sáré gba àgbègbè koríko kọjá .,Dog
397451339_76a84bd310.jpg,"Ọmọbìnrin kan dúró, òmíràn sì jókòó lẹ́gbẹ̀ẹ́ igi",Street artist sketching a woman
397601572_9587a39291.jpg,Ẹ̀yìn orí àwọn ọkùnrin méjì tí wọ́n ń tì etí wọn mọ́lẹ̀ nígbà tí wọ́n bá ń gun ọkọ̀ ojú irin .,Train
411175971_0fffd3b8c6.jpg,Ajá kan ń fi omi ṣeré ní etíkun .,Dog on a beach
413231421_43833a11f5.jpg,Ajá pẹ̀lú orí nínú yìnyín .,Dog
426191845_1e979e9345.jpg,Ajá kan ń sáré nínú ìdọ̀tí àti yìnyín .,Dog running on the beach
427167162_2c99779444.jpg,Àwùjọ àwọn èèyàn tí wọ́n ń jà ní òpópónà kan .,Riot police clash with protesters in Marseille
427936315_0b8f7b8d23.jpg,Ajá kan ń sáré fún Frisbee pupa .,Dog playing with a frisbee
434433505_966e50e17d.jpg,Ẹnì kan máa ń ṣe ẹ̀tàn lórí síkẹ́ẹ̀tì .,Skateboarder
434792818_56375e203f.jpg,Ọkùnrin kan àti obìnrin kan ń wo ère aláwọ̀ pupa .,Sculpture
437054333_5c2761b8cd.jpg,Àwọn èèyàn tó wà nínú ọkọ̀ ayọ́kẹ́lẹ́ kan tó ń lọ sí Peterson 84 .,Bus
443430496_3fea95a07d.jpg,Ajá aláwọ̀ búráwùn kan ń wẹ̀ nínú omi dúdú .,Dog
447111935_5af98563e3.jpg,Àwọn ajá méjì tí wọ́n wọ aṣọ òtútù máa ń ṣeré nínú koríko .,Greyhounds
448916362_17f3f1d0e1.jpg,Ajá kan ń fi ahọ́n rẹ̀ sá lọ .,Dog
451081733_40218cec31.jpg,Ọkùnrin kan tó wà létí òkun nínú ṣòkòtò tó ń wo kámẹ́rà rẹ̀ .,Man on beach with video camera
464506846_1734302b58.jpg,Ajá aláwọ̀ eérú kan fò sórí ilẹ̀ koríko .,Dog
468102269_135938e209.jpg,Ọkùnrin kan àti obìnrin kan wà níta tí wọ́n ń fẹnu kò obìnrin kan tí wọ́n wọ aṣọ pupa lẹ́yìn .,Kiss
468930779_8008d90e10.jpg,Ajá kan ń wẹ̀ pẹ̀lú ọ̀pá lẹ́nu rẹ̀ .,Dog
469021173_aa31c07108.jpg,Arìnrìn - àjò kan tó wọ àpò ẹ̀yìn aláwọ̀ ọsàn ń rìn nínú koríko gígùn .,Hiking
470887795_8443ce53d0.jpg,Ọmọbìnrin kan tó wọ aṣọ ẹ̀wù aláwọ̀ àlùkò tó ń wo ọmọkùnrin kan tí ó ń mu nínú ìgò aláwọ̀ ewé .,boy and girl
475980315_b8ecd50094.jpg,Ajá funfun kan mú ọ̀pá kan nígbà tó ń wẹ̀ .,Dog
479807115_3a484fb18b.jpg,Ẹnì kan gun kẹ̀kẹ́ alùpùpù kan sọ̀kalẹ̀ lórí òkè ìdọ̀tí .,Enduro
481732592_b50194cb89.jpg,"Ọkùnrin àti obìnrin kan jókòó , ọkùnrin kan sì dúró sí apá òsì .",People in the street
482088914_e6ea4501e9.jpg,Ọkùnrin kan ń ṣe kayak nínú omi tó ń ṣàn.,Whitewater canoe
489865145_65ea6d1c14.jpg,Ọmọbìnrin tó ní orí tí wọ́n fá irun ń rìn lọ sí ẹ̀gbẹ́ ọ̀nà .,A woman walking on campus
494921598_af73bda568.jpg,Ọmọ kan ń gbá ice hockey,Hockey
498404951_527adba7b8.jpg,Ajá funfun tó wà ní etí omi .,Golden retriever
498444334_a680d318a1.jpg,Àwọn ọ̀dọ́kùnrin márùn - ún dúró lórí àwọn ìgbésẹ̀ náà .,A group of men in their 20s
505944126_f9a6ab8944.jpg,Ajá aláwọ̀ brown àti ajá dúdú ń wá oúnjẹ ní àwọn ilẹ̀ fẹ́lẹ́.,Dogs
524105255_b346f288be.jpg,Obìnrin aláwọ̀ búlúù tó ń fojú fo ìṣẹ̀lẹ̀ Seattle Space Needle .,Seattle
525538142_7348f0bce7.jpg,Àwọn ọmọkùnrin méjì máa ń jà pa pọ̀ nínú iyanrìn .,two children playing
534655560_dc1c335b3f.jpg,Ọmọbìnrin kan tó wọ fìlà aláwọ̀ pí kì ń sáré kọjá kẹ̀kẹ́ aláwọ̀ ewé .,girl
535249787_0fcaa613a0.jpg,Ọmọkùnrin kan tí ó wọ àṣíborí pupa gbá bọ́ọ̀lù kan pẹ̀lú àgbá .,Baseball
540721368_12ac732c6c.jpg,Ọmọbìnrin kékeré kan tó wọ aṣọ aláwọ̀ òféèfé fẹ́ fèrè .,Girl in yellow dress
549887636_0ea5ae4739.jpg,Ọkùnrin kan tí ó ń dúró de ọkọ̀ láti dúró ní ọ̀nà ìkọjá,Pedestrian
551403320_dfdcf9fc3b.jpg,Obìnrin kan ń rìn kọjá afárá àkàbà tó wà láàárín òkè méjì .,Adventure
560278886_df4bd2e212.jpg,Ẹgbẹ́ àwọn ọmọkùnrin méjì tí wọ́n ń gbá bọ́ọ̀lù aláfẹsẹ̀gbá .,Soccer
562588230_edb2c071c8.jpg,Ọmọbìnrin kan ń ṣeré nínú odò ìwẹ̀ tí a lè fọ́ .,Girl jumping into inflatable pool
599366440_a238e805cf.jpg,Ajá aláwọ̀ funfun kan ń bá ajá aláwọ̀ búráùn ṣeré lórí koríko aláwọ̀ ewé .,Dog
608257195_6ec6f48e37.jpg,Ọmọkùnrin kan tó wọ àṣíborí lórí kẹ̀kẹ́ ní àgbègbè kan tí wọ́n fi igi ṣe .,Biking
611910909_4f8e43e070.jpg,Ọ̀dọ́mọbìnrin kan tó ń wo ewé díẹ̀ láti orí igi .,girl in a tree
661755629_602ea4cf09.jpg,Ajá kékeré kan ń gbìyànjú láti mú bọ́ọ̀lù pupa .,Dog playing with a ball
661757041_61e131e913.jpg,Ajá kékeré kan ń gbìyànjú láti mú bọ́ọ̀lù pupa .,Dog playing with a ball
774009278_8e75b7d498.jpg,Ajá funfun kan fò sínú koríko aláwọ̀ ewé lẹ́gbẹ̀ẹ́ ògiri biriki àti odò omi,Dog playing with water
824923476_d85edce294.jpg,Ajá aláwọ̀ dúdú àti funfun kan tó ń tẹ̀ lé àwọn ẹyẹ ẹyẹ tí wọ́n rí lẹ́yìn .,Duck
888517718_3d5b4b7b43.jpg,Olùṣọ́ àgùntàn ọmọ ilẹ̀ Jámánì kan ń fi omi ṣeré nínú koríko .,German shepherd
890734502_a5ae67beac.jpg,Ọmọkùnrin kan ń ta omi sínú aṣọ ìwẹ̀ rẹ̀ .,boy
897621891_efb1e00d1d.jpg,Ọmọkùnrin kékeré kan ń wẹ̀ lábẹ́ omi pẹ̀lú ohun ìṣeré lọ́wọ́ rẹ̀ .,Swimming
965444691_fe7e85bf0e.jpg,Ó sún mọ́ ọkùnrin kan tó mú ọmọ kan tó wọ ṣẹ́ẹ̀tì aláwọ̀ búlúù .,Baby
96978713_775d66a18d.jpg,Àwọn arìnrìn - àjò kan ń kọjá afárá igi àti okùn lórí odò kan .,Bridge over a river in the mountains
